source,pairing,n,rho,kappa,pef,ci_lo,ci_hi,quadrant
NHANES 2017 P_BPXO,systolic_vs_diastolic,10352,0.6745605083405359,0.3873769076195674,2.533146155471611,2.4480210552354276,2.6220016641019575,Q2
