delta_ratio,n_cells,corr_I_dML
0.3,16,0.394864464392129
0.5,16,0.314383586767093
1,16,-0.177346044949999
2,16,-0.874283423706973
