scenario,kappa,rho,delta_ratio,delta,sigma_a,eta,var_x,Ixy,bayes_acc,quadrant,kappa_hat_mean,rho_hat_mean,eta_hat_mean,acc_A_mean,acc_A_std,acc_R_mean,acc_R_std,acc_AB_mean,acc_AB_std,acc_impr_pct_mean,acc_impr_pct_std
High competitive dynamics,2,-0.3,1,1,1,0.779518790788458,3.84852813742386,0.0293950748383418,0.600589141882279,Q4,2.00833963872003,-0.301296921912083,0.778984462053048,0.703672,0.00645382468472956,0.769592,0.00625955074348025,0.769312,0.00634982371601683,9.37361742793613,1.01896352487237
Moderate competitive dynamics,1.2,-0.15,1,1,1,0.870035127661281,2.5286335345031,0.0443973518556009,0.623403610268207,Q4,1.2013335135619,-0.146851720886901,0.872547490074488,0.719208,0.00650826287993084,0.777932,0.00562510553188986,0.778212,0.00565388217718317,8.17058818162354,0.932015037499202
Environmental dynamics,1.1,0.4,1,1,1,1.6654071411025,1.26095292146388,0.0870645057872599,0.671936615275831,Q1,1.10451159348106,0.402005297710882,1.67145900895468,0.741644,0.00537845892502334,0.805232,0.00599678281094394,0.805164,0.00590367440062302,8.57760168852651,0.920979049164024
Balanced (Fisher baseline),1,0,1,1,1,1,2,0.0558026801021783,0.638163195084118,boundary,0.997108181102611,0.000172659913126605,1.00037889216919,0.729176,0.00592809154684331,0.786512,0.00518760846948312,0.78636,0.00504607343811573,7.86707212663642,0.778316508226036
