sport,kpi,side,window_label,window_n_seasons,n,skewness,kurtosis,sw_W,sw_p,sw_reject,lill_KS,lill_p,lill_reject,verdict
rugby,carries,home,21/22,1,141,0.205980435545162,2.29840900949067,0.983652109198167,0.0912057589253422,0,0.0706831942771562,0.087,0,Normal
rugby,carries,away,21/22,1,141,0.35769227860109,2.97608229513864,0.985811766306253,0.155482648809136,0,0.0831296418749355,0.015,1,Close
rugby,carries,diff,21/22,1,141,-0.209669382639999,2.69802608438268,0.988075087749744,0.26746435656943,0,0.0526192475370209,0.446086664427276,0,Normal
rugby,metres_made,home,21/22,1,141,0.60141057350316,3.2188585033827,0.972615479034263,0.00622545768635596,1,0.0814073538043121,0.023,1,NotNormal
rugby,metres_made,away,21/22,1,141,0.072297559645954,2.75998742135647,0.991542241682646,0.561908969832092,0,0.0660800803643181,0.12089552238806,0,Normal
rugby,metres_made,diff,21/22,1,141,0.434819481973507,3.13440396376122,0.985922163375111,0.159735059785587,0,0.0483363291235968,0.58126908720733,0,Normal
rugby,defenders_beaten,home,21/22,1,141,0.661024108714085,3.17021590193329,0.962875446489567,0.000719457308034466,1,0.0739102732201878,0.069,0,NotNormal
rugby,defenders_beaten,away,21/22,1,141,0.386284330938356,2.80902515276932,0.977790189728159,0.0213916580567882,1,0.0967671342695983,0.003,1,NotNormal
rugby,defenders_beaten,diff,21/22,1,141,0.139668224030345,3.07222752710048,0.994547719347325,0.874502079195345,0,0.0432492756028179,0.760628465804067,0,Normal
rugby,clean_breaks,home,21/22,1,141,0.642809441445196,3.35371545524041,0.958385700024082,0.00028583747873645,1,0.113362465923725,0,1,NotNormal
rugby,clean_breaks,away,21/22,1,141,0.610476455941711,2.68011889459143,0.940477335998096,1.05233808271876e-05,1,0.146974208404609,0,1,NotNormal
rugby,clean_breaks,diff,21/22,1,141,0.285422383956809,3.31950427088217,0.985339005136908,0.138459602040329,0,0.0829718780720954,0.021,1,Close
rugby,offloads,home,21/22,1,141,3.15534797865441,22.4059204661366,0.776140196217453,2.13273843030493e-13,1,0.127198806782937,0,1,NotNormal
rugby,offloads,away,21/22,1,141,2.39971102606946,12.7873686586769,0.816311018057207,5.23403542729284e-12,1,0.147163701824265,0,1,NotNormal
rugby,offloads,diff,21/22,1,141,0.0246570192507429,2.96025053847104,0.992455751313581,0.660596611374497,0,0.0619582116138648,0.203777335984095,0,Normal
rugby,passes,home,21/22,1,141,0.396675117789216,2.84971237438779,0.983274405012527,0.0830291125107114,0,0.0605258992066056,0.241706161137441,0,Normal
rugby,passes,away,21/22,1,141,0.289939609225739,3.36154985415309,0.988115646823564,0.27000393291165,0,0.0615115315015211,0.218687872763419,0,Normal
rugby,passes,diff,21/22,1,141,-0.286486662167592,2.94893901453722,0.990917986271362,0.497962789790235,0,0.0565764555371489,0.338022954461311,0,Normal
rugby,turnovers_conceded,home,21/22,1,141,0.35750382106058,3.62273946426893,0.980805529316984,0.0449333048326124,1,0.0924694531932508,0.002,1,NotNormal
rugby,turnovers_conceded,away,21/22,1,141,0.291622956672764,2.91905617283045,0.97573541881784,0.0130149325305375,1,0.107584767028738,0,1,NotNormal
rugby,turnovers_conceded,diff,21/22,1,141,-0.0383760266929138,2.8274898332046,0.990854669964824,0.491700337185716,0,0.0653817965078622,0.156431803490627,0,Normal
rugby,turnovers_won,home,21/22,1,141,0.390009332119367,3.23154868801578,0.968405510976323,0.00238441132711753,1,0.102167187981865,0,1,NotNormal
rugby,turnovers_won,away,21/22,1,141,0.21559303324434,2.53217848827551,0.973542729154445,0.00773339984277777,1,0.105973021988275,0.001,1,NotNormal
rugby,turnovers_won,diff,21/22,1,141,0.0210449043010376,2.53034418958233,0.983694877683352,0.0921804027788727,0,0.076355569764689,0.048,1,Close
rugby,kicks_from_hand,home,21/22,1,141,0.848320536408269,3.85551782839913,0.951990455470449,8.23638172355867e-05,1,0.103281199271979,0.001,1,NotNormal
rugby,kicks_from_hand,away,21/22,1,141,0.827792063669077,4.12631634112464,0.950221209889643,5.91738961049915e-05,1,0.0897204636066112,0.009,1,NotNormal
rugby,kicks_from_hand,diff,21/22,1,141,0.0712316645013137,2.60668502754489,0.991882856222249,0.598202754109164,0,0.051329901179589,0.479865771812081,0,Normal
rugby,kick_metres,home,21/22,1,141,0.874567551389064,4.30685072371888,0.952897041194983,9.77862892724835e-05,1,0.0742416928132055,0.057,0,NotNormal
rugby,kick_metres,away,21/22,1,141,0.948261622567098,4.71619439748693,0.955201984296802,0.00015233648522095,1,0.0696077679211691,0.102,0,NotNormal
rugby,kick_metres,diff,21/22,1,141,0.10932371000452,3.31961547949267,0.993283622744894,0.750718382828541,0,0.0533978265369811,0.419518807184005,0,Normal
rugby,scrums_won,home,21/22,1,141,-0.0434624661165484,2.34689184412087,0.973381598007978,0.00744629304778277,1,0.105520761337271,0,1,NotNormal
rugby,scrums_won,away,21/22,1,141,0.663698606525053,3.40201040400389,0.954344205560317,0.000129016119849945,1,0.156010698191,0,1,NotNormal
rugby,scrums_won,diff,21/22,1,141,-0.42693988044058,3.59019816343337,0.977256235396112,0.0187855803702737,1,0.0892873165611413,0.013,1,Close
rugby,rucks_won,home,21/22,1,141,0.448970976414739,3.10057043925193,0.972809589116552,0.00651358759516718,1,0.120003442712028,0,1,NotNormal
rugby,rucks_won,away,21/22,1,141,0.53841450373397,3.50860482038174,0.968859234591526,0.00263897056573847,1,0.121878384883351,0,1,NotNormal
rugby,rucks_won,diff,21/22,1,141,0.106319124970458,3.21732911918131,0.982192707071971,0.0634312448236501,0,0.0997886191232937,0.001,1,NotNormal
rugby,lineout_throws_lost,home,21/22,1,141,0.552465627106922,2.53750407061926,0.909350788454645,9.75176973616598e-08,1,0.190848445241055,0,1,NotNormal
rugby,lineout_throws_lost,away,21/22,1,141,1.11248917377742,5.84216726169444,0.893244299607553,1.24783386956651e-08,1,0.171881185819541,0,1,NotNormal
rugby,lineout_throws_lost,diff,21/22,1,141,-0.0881001138050275,2.50567100138693,0.971277395482621,0.00456826761928453,1,0.104657886221509,0.001,1,NotNormal
rugby,lineout_throws_won,home,21/22,1,141,-0.0433406581903987,2.59176756790306,0.983079091331991,0.0790904605203429,0,0.104859346548729,0,1,NotNormal
rugby,lineout_throws_won,away,21/22,1,141,0.14901637079048,2.52971893659546,0.984656004118874,0.116991996855874,0,0.0848983683270289,0.018,1,Close
rugby,lineout_throws_won,diff,21/22,1,141,-0.205697110268897,2.42190772832885,0.983155084857283,0.0806003639027024,0,0.0721284526351651,0.061,0,Normal
rugby,tackles,home,21/22,1,141,0.428422710540715,2.84494586104599,0.979588427271922,0.0332507849251255,1,0.0521511395940852,0.462981574539364,0,Close
rugby,tackles,away,21/22,1,141,0.353306129983321,2.58302764397952,0.982309730781997,0.0653059910723559,0,0.0536257567140662,0.40877914951989,0,Normal
rugby,tackles,diff,21/22,1,141,0.133935605158333,2.67239284184129,0.993130167929688,0.734245360586306,0,0.0631804858852232,0.17883008356546,0,Normal
rugby,missed_tackles,home,21/22,1,141,0.386284330938356,2.80902515276932,0.977790189728159,0.0213916580567882,1,0.0967671342695983,0.004,1,NotNormal
rugby,missed_tackles,away,21/22,1,141,0.64121946011596,3.12405773919072,0.964024969322976,0.000917688534829209,1,0.0742463705466457,0.047,1,NotNormal
rugby,missed_tackles,diff,21/22,1,141,-0.131829662759606,3.05734403012712,0.994721616953607,0.888991127976444,0,0.0409734769231731,0.827228327228327,0,Normal
rugby,penalties_conceded,home,21/22,1,141,0.127703552070187,2.4579863074204,0.97370105698854,0.00802675092873772,1,0.109643221438567,0,1,NotNormal
rugby,penalties_conceded,away,21/22,1,141,0.0942318720247118,2.41883581716742,0.976970829293923,0.0175292166677354,1,0.076632327463139,0.042,1,Close
rugby,penalties_conceded,diff,21/22,1,141,0.439682052950614,3.3388533840549,0.980816370862563,0.0450543057308108,1,0.0903110653959888,0.011,1,Close
rugby,scrum_pens_conceded,home,21/22,1,141,1.35021986091429,5.56409202623243,0.864245878570153,4.78009742899133e-10,1,0.202321149308497,0,1,NotNormal
rugby,scrum_pens_conceded,away,21/22,1,141,0.497172449199903,2.45561124200773,0.923627093546729,7.29523130349463e-07,1,0.178351340896292,0,1,NotNormal
rugby,scrum_pens_conceded,diff,21/22,1,141,0.229861160382043,3.83917749602639,0.97018696676216,0.00356082209854536,1,0.118703374453103,0,1,NotNormal
rugby,lineout_pens_conceded,home,21/22,1,141,1.47430732715117,4.47007398559968,0.663107884242529,1.11022302462516e-16,1,0.397707078777845,0,1,NotNormal
rugby,lineout_pens_conceded,away,21/22,1,141,1.8427560880377,5.904375,0.586717520611901,0,1,0.44301141975724,0,1,NotNormal
rugby,lineout_pens_conceded,diff,21/22,1,141,0.128245241582286,4.13729766582869,0.842645186051451,5.58336710199114e-11,1,0.305638896486976,0,1,NotNormal
rugby,general_play_pens_conceded,home,21/22,1,141,0.620683603868972,3.47190653032898,0.929949067646659,1.90474781458505e-06,1,0.174484016372983,0,1,NotNormal
rugby,general_play_pens_conceded,away,21/22,1,141,0.424278252431955,2.99014734374669,0.946087843340231,2.79153339073357e-05,1,0.147971278888386,0,1,NotNormal
rugby,general_play_pens_conceded,diff,21/22,1,141,0.0671119787199569,2.96700274368713,0.978568117330867,0.0258724029351034,1,0.127698937361162,0,1,NotNormal
rugby,free_kicks_conceded,home,21/22,1,141,1.31635258133895,5.47648743626974,0.738213604736777,1.47659662275146e-14,1,0.311478896002146,0,1,NotNormal
rugby,free_kicks_conceded,away,21/22,1,141,1.08952436414029,3.90315462443576,0.733679405380779,1.08801856413265e-14,1,0.330466839472508,0,1,NotNormal
rugby,free_kicks_conceded,diff,21/22,1,141,0.252564381247455,3.46928537457457,0.909186642281247,9.53939357506428e-08,1,0.226086297028543,0,1,NotNormal
rugby,ruck_maul_tackle_pen_con,home,21/22,1,141,0.942833584766805,4.31114383161535,0.907070279363972,7.19676346294662e-08,1,0.179364858869234,0,1,NotNormal
rugby,ruck_maul_tackle_pen_con,away,21/22,1,141,0.584481820916568,3.12783000986169,0.92689180478148,1.19061634673567e-06,1,0.210365769543334,0,1,NotNormal
rugby,ruck_maul_tackle_pen_con,diff,21/22,1,141,-0.226504422258395,4.0810842366077,0.957906956598109,0.00025969035429485,1,0.155457745360876,0,1,NotNormal
rugby,carries,home,22/23,1,140,0.428157858765665,2.56548168949071,0.975126682650957,0.0116897257100252,1,0.0856637412047478,0.019,1,Close
rugby,carries,away,22/23,1,140,0.552746420122982,3.84415422956678,0.980726902800811,0.0454207636783956,1,0.0562446987620454,0.333461390703035,0,Close
rugby,carries,diff,22/23,1,140,0.128345302515697,3.40789365582563,0.987202630204365,0.221826099353474,0,0.0830823444848869,0.017,1,Close
rugby,metres_made,home,22/23,1,140,0.637809010185679,3.48459926357685,0.971100885404643,0.00457979705273193,1,0.0500644858322518,0.521869782971619,0,NotNormal
rugby,metres_made,away,22/23,1,140,0.279534165109188,2.60474693709352,0.984435675302522,0.113486547848262,0,0.0487624521661211,0.581632653061224,0,Normal
rugby,metres_made,diff,22/23,1,140,0.677556262569156,3.87328359333137,0.970160028775859,0.00369865010727233,1,0.0742559409554728,0.049,1,NotNormal
rugby,defenders_beaten,home,22/23,1,140,0.456690311831311,3.4533131861839,0.9813738816713,0.0532804426729998,0,0.0534481235179974,0.431345826235094,0,Normal
rugby,defenders_beaten,away,22/23,1,140,0.39482011660105,3.20175633389505,0.982314044955461,0.0672160628719379,0,0.0594581389050144,0.257039055404178,0,Normal
rugby,defenders_beaten,diff,22/23,1,140,0.01128439283557,2.65845385429492,0.986590636504558,0.191724310697001,0,0.0628426058704006,0.192328183271177,0,Normal
rugby,clean_breaks,home,22/23,1,140,1.01035991986116,5.10850776705818,0.937169102821032,6.49279401399028e-06,1,0.145651121145798,0,1,NotNormal
rugby,clean_breaks,away,22/23,1,140,0.634907689642249,3.05101434349908,0.929241325481907,1.83927783858895e-06,1,0.17585434597818,0,1,NotNormal
rugby,clean_breaks,diff,22/23,1,140,0.491325903997802,3.93231706788225,0.974559256739194,0.0102211863252072,1,0.0955739769162017,0.001,1,NotNormal
rugby,offloads,home,22/23,1,140,0.722017291719275,3.65835263292085,0.963793055751922,0.000918865410277969,1,0.101738576233804,0.002,1,NotNormal
rugby,offloads,away,22/23,1,140,0.896074036360228,4.49757969357117,0.950198032880331,6.26783156294497e-05,1,0.087006769300795,0.011,1,NotNormal
rugby,offloads,diff,22/23,1,140,0.1396298966893,3.84777185991995,0.977847665400652,0.0224557823884247,1,0.110787083874448,0,1,NotNormal
rugby,passes,home,22/23,1,140,0.4627406673706,2.58105897446295,0.973539364453539,0.00804395804890001,1,0.0663221594988908,0.130862329803328,0,NotNormal
rugby,passes,away,22/23,1,140,0.77107691279009,3.94111939158954,0.966107120643607,0.0015080742169552,1,0.0714334649471463,0.085,0,NotNormal
rugby,passes,diff,22/23,1,140,-0.0667547888144776,3.58297415974863,0.990317937339181,0.445950339966716,0,0.0480960605992987,0.607713690062543,0,Normal
rugby,turnovers_conceded,home,22/23,1,140,0.348688531324055,3.05588612130752,0.981246614513512,0.0516324428336051,0,0.102045355258445,0,1,NotNormal
rugby,turnovers_conceded,away,22/23,1,140,-0.0405872713136831,2.93801575357837,0.983434920214354,0.0886758064237267,0,0.0943962543787299,0.003,1,NotNormal
rugby,turnovers_conceded,diff,22/23,1,140,0.162051335859159,3.85088198835993,0.985284988882814,0.139750485116412,0,0.0861570746173201,0.017,1,Close
rugby,turnovers_won,home,22/23,1,140,0.605610640144173,4.22264712722242,0.961258401941832,0.000541328869938407,1,0.112530625082395,0,1,NotNormal
rugby,turnovers_won,away,22/23,1,140,0.486098012082197,2.78738299876898,0.962585655252968,0.000712907739586655,1,0.123128317145094,0,1,NotNormal
rugby,turnovers_won,diff,22/23,1,140,0.354054537835204,3.55911042075725,0.981064720214485,0.0493661112102386,1,0.0660776520814873,0.138125440451022,0,Close
rugby,kicks_from_hand,home,22/23,1,140,0.564860686266941,3.57057481037733,0.974071313745285,0.00911184412462263,1,0.107397248117489,0,1,NotNormal
rugby,kicks_from_hand,away,22/23,1,140,0.726800191079375,3.69841053155026,0.963569927692795,0.000876554072010927,1,0.103080132872948,0.001,1,NotNormal
rugby,kicks_from_hand,diff,22/23,1,140,0.199590047509828,2.31116720606189,0.981560056746872,0.0557874549249447,0,0.099086462648305,0.004,1,NotNormal
rugby,kick_metres,home,22/23,1,140,0.759281158479445,3.77424602038545,0.963078560899989,0.00079042564979126,1,0.0828060531988595,0.022,1,NotNormal
rugby,kick_metres,away,22/23,1,140,1.02699601856701,4.58506494678986,0.941767931521656,1.40309076531731e-05,1,0.0828591634203995,0.025,1,NotNormal
rugby,kick_metres,diff,22/23,1,140,0.0564645460065592,3.10221458626482,0.994001336737284,0.827798442134852,0,0.0440617075297847,0.7213970293055,0,Normal
rugby,scrums_won,home,22/23,1,140,0.225346089372936,3.04478113219221,0.981159139933106,0.0505296942763657,0,0.0942702848820525,0.008,1,NotNormal
rugby,scrums_won,away,22/23,1,140,0.360652920697166,2.66133639859689,0.969574056361352,0.00324111163039709,1,0.107253826029676,0.001,1,NotNormal
rugby,scrums_won,diff,22/23,1,140,-0.379922021169767,2.68669085931086,0.97643041858722,0.0159539454924674,1,0.0853836641223681,0.013,1,Close
rugby,rucks_won,home,22/23,1,140,0.810280867970916,3.90646635974293,0.942658429732662,1.63470381296937e-05,1,0.138152521339027,0,1,NotNormal
rugby,rucks_won,away,22/23,1,140,0.426494179564958,3.19821286484968,0.957540421026345,0.000255317223514129,1,0.119343703925192,0,1,NotNormal
rugby,rucks_won,diff,22/23,1,140,0.166218598379313,3.08717211587052,0.985788507986538,0.157980127616788,0,0.0772613857406019,0.038,1,Close
rugby,lineout_throws_lost,home,22/23,1,140,0.795708919329976,3.04436327285234,0.899664322879578,3.0192019218056e-08,1,0.208967562059823,0,1,NotNormal
rugby,lineout_throws_lost,away,22/23,1,140,1.43168827080795,6.99430038294469,0.875225963804636,1.70999447934861e-09,1,0.19186382425537,0,1,NotNormal
rugby,lineout_throws_lost,diff,22/23,1,140,0.00585480425333323,3.5678389244697,0.960581694285481,0.000471114416403018,1,0.157385107602768,0,1,NotNormal
rugby,lineout_throws_won,home,22/23,1,140,0.0379742031478615,2.90097710062605,0.989050684586669,0.339531077481992,0,0.0896997468217849,0.011,1,Close
rugby,lineout_throws_won,away,22/23,1,140,0.567521705971776,3.71307836154519,0.969114744023978,0.00292403259686036,1,0.0919831411672317,0.006,1,NotNormal
rugby,lineout_throws_won,diff,22/23,1,140,0.0604270292186666,2.69710773335144,0.991377086922622,0.550052244018122,0,0.055408773503109,0.374191229331416,0,Normal
rugby,tackles,home,22/23,1,140,0.783420860066406,4.33768237498098,0.963446173424572,0.000853973025825128,1,0.0813912929413145,0.022,1,NotNormal
rugby,tackles,away,22/23,1,140,0.517817910229388,2.7390279961613,0.972820152984964,0.00680316239395262,1,0.0736893421415752,0.07,0,NotNormal
rugby,tackles,diff,22/23,1,140,0.122690366518407,3.74965507363443,0.991052228863004,0.516853283601373,0,0.0512060829362501,0.500333555703803,0,Normal
rugby,missed_tackles,home,22/23,1,140,0.39482011660105,3.20175633389505,0.982314044955461,0.0672160628719379,0,0.0594581389050144,0.252364574376612,0,Normal
rugby,missed_tackles,away,22/23,1,140,0.453304304938493,3.45328851830303,0.981475478920067,0.0546341082515569,0,0.0540507615067947,0.41970310391363,0,Normal
rugby,missed_tackles,diff,22/23,1,140,-0.00895051409801107,2.65242363452185,0.986473848074961,0.18642489997217,0,0.0632515610432006,0.18895966029724,0,Normal
rugby,penalties_conceded,home,22/23,1,140,0.574335231820016,3.2901650028531,0.967959050345943,0.00226161063708596,1,0.118594025515622,0,1,NotNormal
rugby,penalties_conceded,away,22/23,1,140,0.290608225344138,3.43277997033122,0.982290680646852,0.066828863348102,0,0.0983188746947002,0.002,1,NotNormal
rugby,penalties_conceded,diff,22/23,1,140,0.116522291528414,2.79180082896327,0.988448331887875,0.296424669622067,0,0.074928531815298,0.054,0,Normal
rugby,scrum_pens_conceded,home,22/23,1,140,0.971428923033567,3.76559271041117,0.900963062307004,3.55773165372497e-08,1,0.177391258814011,0,1,NotNormal
rugby,scrum_pens_conceded,away,22/23,1,140,0.985649219638982,3.88108395789912,0.89718326434661,2.21443956505141e-08,1,0.193440744864715,0,1,NotNormal
rugby,scrum_pens_conceded,diff,22/23,1,140,0.248721695958663,3.15409867267542,0.979034076938948,0.0299761483233232,1,0.10378148892768,0.001,1,NotNormal
rugby,lineout_pens_conceded,home,22/23,1,140,1.2191534115621,3.47868277985077,0.649479788282875,1.11022302462516e-16,1,0.410337042032683,0,1,NotNormal
rugby,lineout_pens_conceded,away,22/23,1,140,1.33067043597559,3.75472698258185,0.680964491282073,4.44089209850063e-16,1,0.388015335584236,0,1,NotNormal
rugby,lineout_pens_conceded,diff,22/23,1,140,-0.39446606503092,3.32990855823085,0.886848482383553,6.38219932458384e-09,1,0.281899488195603,0,1,NotNormal
rugby,general_play_pens_conceded,home,22/23,1,140,0.348946862936052,2.46212632438526,0.946871754200532,3.42478648625022e-05,1,0.15700206253143,0,1,NotNormal
rugby,general_play_pens_conceded,away,22/23,1,140,0.802436608692226,3.83782880016866,0.930877183243268,2.37056472951469e-06,1,0.170285945114066,0,1,NotNormal
rugby,general_play_pens_conceded,diff,22/23,1,140,-0.315149473015188,2.98725379206246,0.974940518679082,0.0111851829479613,1,0.0984218566699356,0.001,1,NotNormal
rugby,free_kicks_conceded,home,22/23,1,140,1.14453838724853,4.86301154851524,0.770673105659969,1.60982338570648e-13,1,0.269833478703098,0,1,NotNormal
rugby,free_kicks_conceded,away,22/23,1,140,1.13078830378604,3.97012142680883,0.741127343641441,2.03170813506404e-14,1,0.320655484414862,0,1,NotNormal
rugby,free_kicks_conceded,diff,22/23,1,140,-0.00436257613026774,3.20385013577857,0.917196392445483,3.11660796059599e-07,1,0.213729578801415,0,1,NotNormal
rugby,ruck_maul_tackle_pen_con,home,22/23,1,140,0.749597570097682,3.7152161084715,0.926049258802804,1.13129399292866e-06,1,0.16789697472463,0,1,NotNormal
rugby,ruck_maul_tackle_pen_con,away,22/23,1,140,0.578294384093246,3.64251335622276,0.93490861504527,4.49402398638998e-06,1,0.146056101034255,0,1,NotNormal
rugby,ruck_maul_tackle_pen_con,diff,22/23,1,140,0.214984021069977,3.13296652452962,0.965163196091046,0.00123033303403064,1,0.119976346008204,0,1,NotNormal
rugby,carries,home,23/24,1,142,0.408866788195655,2.97305372294437,0.980030025350017,0.0359373120222912,1,0.0899354776120336,0.008,1,NotNormal
rugby,carries,away,23/24,1,142,0.252617796004002,2.45272401235127,0.980896654595499,0.0446012871348914,1,0.102178694540506,0.003,1,NotNormal
rugby,carries,diff,23/24,1,142,0.0510992474667009,2.39726676677899,0.984255458201166,0.10338474758711,0,0.0501251572069022,0.506,0,Normal
rugby,metres_made,home,23/24,1,142,0.711887370290983,4.38825157952557,0.965281758298474,0.00114393134499435,1,0.0618977714845416,0.197826086956522,0,NotNormal
rugby,metres_made,away,23/24,1,142,0.214389910088355,2.6340765165245,0.990141219241853,0.4190724086849,0,0.0499214565506765,0.52774064171123,0,Normal
rugby,metres_made,diff,23/24,1,142,0.701997464678297,4.81803804525697,0.969675674160592,0.00303305107275476,1,0.0644178511222826,0.170275014628438,0,NotNormal
rugby,defenders_beaten,home,23/24,1,142,0.294080621615597,2.82016122299877,0.98630006197464,0.171551695351452,0,0.0610282832761548,0.214977075904228,0,Normal
rugby,defenders_beaten,away,23/24,1,142,0.378644116457194,3.05194136564717,0.98624610825936,0.169299706150397,0,0.0635646579040897,0.181618051733627,0,Normal
rugby,defenders_beaten,diff,23/24,1,142,-0.0375590493583999,2.73052531976557,0.993206971321636,0.738168087658301,0,0.0572664988322206,0.306536438767844,0,Normal
rugby,clean_breaks,home,23/24,1,142,0.555568539487091,3.84736840303685,0.965258535940074,0.00113818730347526,1,0.100435869027912,0.002,1,NotNormal
rugby,clean_breaks,away,23/24,1,142,0.578906722904545,3.1046337805839,0.957690735432947,0.000235195474328487,1,0.106244672216155,0,1,NotNormal
rugby,clean_breaks,diff,23/24,1,142,0.418728895978615,4.70174473802912,0.971169710289373,0.00426954784836353,1,0.0922327602186096,0.011,1,NotNormal
rugby,offloads,home,23/24,1,142,0.525792551723908,3.19583104637684,0.973233298347051,0.00690650307823704,1,0.0919468540490695,0.001,1,NotNormal
rugby,offloads,away,23/24,1,142,0.449298220626031,2.86673668264442,0.971357667229602,0.00445889085925821,1,0.119999598190536,0,1,NotNormal
rugby,offloads,diff,23/24,1,142,0.279484597923465,3.04860331515434,0.981736305742466,0.0550201991868113,0,0.0714794680320586,0.063,0,Normal
rugby,passes,home,23/24,1,142,0.407953210553727,2.89544913383931,0.981868412668673,0.0568703483561639,0,0.0552580570925191,0.357925493060628,0,Normal
rugby,passes,away,23/24,1,142,0.444114206339212,2.5764707083907,0.973772505388701,0.0078441574949436,1,0.0950399328868687,0.004,1,NotNormal
rugby,passes,diff,23/24,1,142,0.176789061918844,2.70059642163702,0.993609014954109,0.781013392829321,0,0.0537423057379898,0.396451722961447,0,Normal
rugby,turnovers_conceded,home,23/24,1,142,0.193251657673492,2.37704418034212,0.976950333786141,0.0168299771644143,1,0.080364794984757,0.029,1,Close
rugby,turnovers_conceded,away,23/24,1,142,0.407165993824141,3.02207778619017,0.976320587384499,0.0144424365740151,1,0.123663330165199,0,1,NotNormal
rugby,turnovers_conceded,diff,23/24,1,142,0.0254702670459239,2.73207284138484,0.98935024370788,0.352446628622437,0,0.0786274805895028,0.035,1,Close
rugby,turnovers_won,home,23/24,1,142,0.500823491081985,2.95311198936393,0.966694531979087,0.0015574720004824,1,0.119074241736705,0,1,NotNormal
rugby,turnovers_won,away,23/24,1,142,0.353765733422348,3.60118707173832,0.966522055954226,0.00149951508914592,1,0.114545304413186,0,1,NotNormal
rugby,turnovers_won,diff,23/24,1,142,0.00103395091347372,3.49456391087263,0.983824380124328,0.0928247906921131,0,0.0779682479685228,0.038,1,Close
rugby,kicks_from_hand,home,23/24,1,142,-0.0227888271756081,3.20033644145935,0.993071496287037,0.72343251141359,0,0.0775618743132175,0.045,1,Close
rugby,kicks_from_hand,away,23/24,1,142,0.34320122976827,3.23774553570638,0.987027335725185,0.204758049870846,0,0.067015043819814,0.118759455370651,0,Normal
rugby,kicks_from_hand,diff,23/24,1,142,-0.0174075227501732,3.05507513849374,0.992892492233313,0.703815957863727,0,0.0620658221442128,0.205912863070539,0,Normal
rugby,kick_metres,home,23/24,1,142,0.0998382750575058,2.80289984694749,0.997215843180043,0.996022860873947,0,0.040641216108172,0.827685238368754,0,Normal
rugby,kick_metres,away,23/24,1,142,0.382498977779974,2.99200047408737,0.982650668850785,0.0691824819796634,0,0.0736128432788739,0.069,0,Normal
rugby,kick_metres,diff,23/24,1,142,0.152313404949584,3.00345512964989,0.99369724701392,0.790180047438504,0,0.0379194443668983,0.91,0,Normal
rugby,scrums_won,home,23/24,1,142,0.458678726740088,4.01578958655938,0.96636850120924,0.00144981805968103,1,0.115863339439384,0,1,NotNormal
rugby,scrums_won,away,23/24,1,142,0.379034817787682,2.50496574148644,0.956651210591243,0.000191198325449893,1,0.134965912876502,0,1,NotNormal
rugby,scrums_won,diff,23/24,1,142,-0.0978123023332405,2.89463538642776,0.988782032604549,0.309867530850718,0,0.0873202570125836,0.012,1,Close
rugby,rucks_won,home,23/24,1,142,0.447612117225639,3.06644905463508,0.961566752194789,0.00051926734854324,1,0.141163780467107,0,1,NotNormal
rugby,rucks_won,away,23/24,1,142,0.37563484411162,3.04823008052356,0.971796130788607,0.00493547557600982,1,0.103857504685414,0,1,NotNormal
rugby,rucks_won,diff,23/24,1,142,-0.0796310774689808,2.51230599230149,0.982732692629943,0.0706192485224888,0,0.104732473239887,0,1,NotNormal
rugby,lineout_throws_lost,home,23/24,1,142,0.706333766404342,2.88418647778227,0.895829001851958,1.56605315382308e-08,1,0.203105327598607,0,1,NotNormal
rugby,lineout_throws_lost,away,23/24,1,142,0.520666598652115,2.68382184460331,0.921199800108724,4.72092974268534e-07,1,0.164373210412687,0,1,NotNormal
rugby,lineout_throws_lost,diff,23/24,1,142,0.194310777428596,2.81365816380025,0.972343420990187,0.00560600153144997,1,0.120148493874238,0,1,NotNormal
rugby,lineout_throws_won,home,23/24,1,142,0.264289220740368,2.66721804656395,0.980103003758401,0.0365956980076547,1,0.0712835635391217,0.097,0,Close
rugby,lineout_throws_won,away,23/24,1,142,0.315759182392353,2.84896320481869,0.980108931183518,0.0366497105962528,1,0.0927609317011421,0.006,1,NotNormal
rugby,lineout_throws_won,diff,23/24,1,142,-0.0310102301388925,2.43776382130052,0.986916928105872,0.199361778384923,0,0.05686464984298,0.316455696202532,0,Normal
rugby,tackles,home,23/24,1,142,0.302889085627687,2.44211395903927,0.97927349146095,0.0297847451232305,1,0.0822602532369204,0.022,1,Close
rugby,tackles,away,23/24,1,142,0.415480382416666,3.07091695841201,0.976522351367814,0.0151666633843456,1,0.0803936868901763,0.036,1,Close
rugby,tackles,diff,23/24,1,142,0.0532096851554503,2.65579531102773,0.991275242629043,0.528685748291929,0,0.0773227580432722,0.048,1,Close
rugby,missed_tackles,home,23/24,1,142,0.378644116457194,3.05194136564717,0.98624610825936,0.169299706150397,0,0.0635646579040897,0.17222884386174,0,Normal
rugby,missed_tackles,away,23/24,1,142,0.294080621615597,2.82016122299877,0.98630006197464,0.171551695351452,0,0.0610282832761548,0.225305738476011,0,Normal
rugby,missed_tackles,diff,23/24,1,142,0.0375590493583999,2.73052531976557,0.993206971321636,0.738168087658301,0,0.0572664988322202,0.307335907335907,0,Normal
rugby,penalties_conceded,home,23/24,1,142,0.336172113876129,2.83278404157152,0.976927407089095,0.0167362636547933,1,0.12005172207252,0,1,NotNormal
rugby,penalties_conceded,away,23/24,1,142,0.199553857522073,3.55201387647651,0.984819175986207,0.118984716931114,0,0.0878137531452147,0.007,1,NotNormal
rugby,penalties_conceded,diff,23/24,1,142,-0.14470490334268,3.26462250387499,0.990144012126616,0.419322663418779,0,0.0559525582763731,0.344688644688645,0,Normal
rugby,scrum_pens_conceded,home,23/24,1,142,0.632845773087172,3.59433125599461,0.930601471477961,1.95861589802337e-06,1,0.151934203476106,0,1,NotNormal
rugby,scrum_pens_conceded,away,23/24,1,142,0.5604965046947,3.05374684436741,0.939888471101469,8.89482491162052e-06,1,0.169612057116361,0,1,NotNormal
rugby,scrum_pens_conceded,diff,23/24,1,142,-0.190889600536868,3.25294303232014,0.978550721272164,0.0249131304160284,1,0.109416737740735,0,1,NotNormal
rugby,lineout_pens_conceded,home,23/24,1,142,1.07152686773635,3.14053156944342,0.655092329717386,1.11022302462516e-16,1,0.40459661021365,0,1,NotNormal
rugby,lineout_pens_conceded,away,23/24,1,142,1.51263047285774,5.19089811435933,0.66575026790352,1.11022302462516e-16,1,0.387563887743895,0,1,NotNormal
rugby,lineout_pens_conceded,diff,23/24,1,142,-0.359768240199643,3.55575359073129,0.869443816076902,7.50533302174006e-10,1,0.263175530018145,0,1,NotNormal
rugby,general_play_pens_conceded,home,23/24,1,142,0.47386365370827,2.90810489290669,0.940405224642292,9.71028804575003e-06,1,0.16773828045932,0,1,NotNormal
rugby,general_play_pens_conceded,away,23/24,1,142,0.370942627561303,3.0161889462583,0.950381668749725,5.73228406302029e-05,1,0.144010458533042,0,1,NotNormal
rugby,general_play_pens_conceded,diff,23/24,1,142,-0.308515589443099,3.01252530742215,0.977096401603857,0.017439903997417,1,0.114747178776622,0,1,NotNormal
rugby,free_kicks_conceded,home,23/24,1,142,1.02487429667301,3.80666076233086,0.785693598570435,3.9013237085328e-13,1,0.282634008919562,0,1,NotNormal
rugby,free_kicks_conceded,away,23/24,1,142,1.24599795169588,4.51240693359067,0.761398312721746,6.43929354282591e-14,1,0.295226432458714,0,1,NotNormal
rugby,free_kicks_conceded,diff,23/24,1,142,0.219191024055995,3.87927201995088,0.915082257366769,1.96886870695856e-07,1,0.218571534610161,0,1,NotNormal
rugby,ruck_maul_tackle_pen_con,home,23/24,1,142,1.35650809182704,7.13944694212884,0.868757908221997,6.97327640075684e-10,1,0.180390892298113,0,1,NotNormal
rugby,ruck_maul_tackle_pen_con,away,23/24,1,142,0.625605703464819,3.1223890986954,0.918534739482327,3.21030381611465e-07,1,0.163245093308607,0,1,NotNormal
rugby,ruck_maul_tackle_pen_con,diff,23/24,1,142,-0.0850213445572246,3.02398195936286,0.969957843703621,0.00323407651531649,1,0.153577592117088,0,1,NotNormal
rugby,carries,home,24/25,1,141,0.637136602899766,4.64273807317079,0.973352498162196,0.00739563677919064,1,0.0679053526883034,0.111,0,NotNormal
rugby,carries,away,24/25,1,141,0.371227525065284,2.74281497050061,0.980338125742506,0.0400187618789577,1,0.0586561724187088,0.282274802822748,0,Close
rugby,carries,diff,24/25,1,141,0.146064586112906,2.96858271591774,0.987704510369062,0.2452061531503,0,0.0738422216746242,0.051,0,Normal
rugby,metres_made,home,24/25,1,141,0.515226905541064,3.65354701225253,0.982230331314519,0.0640280274556937,0,0.071192612340425,0.085,0,Normal
rugby,metres_made,away,24/25,1,141,0.698515510501741,3.71465859384744,0.97134962099647,0.00464473519097597,1,0.07488954970707,0.051,0,NotNormal
rugby,metres_made,diff,24/25,1,141,0.254940665401338,3.95919739307962,0.984170440927292,0.103733835030848,0,0.0551094926337069,0.386590584878745,0,Normal
rugby,defenders_beaten,home,24/25,1,141,0.564697090701478,3.83474354511069,0.979351936627663,0.0313679611064576,1,0.0769708128289642,0.04,1,Close
rugby,defenders_beaten,away,24/25,1,141,0.604917395381873,3.37076842189806,0.974522835984076,0.00974666633711907,1,0.0908864743068886,0.007,1,NotNormal
rugby,defenders_beaten,diff,24/25,1,141,0.08822307341449,2.54472709474571,0.991905857100546,0.600680967746012,0,0.0494840946013629,0.546554621848739,0,Normal
rugby,clean_breaks,home,24/25,1,141,0.0307297550573192,2.16532753776086,0.972308892020368,0.00579713544120053,1,0.089923980089139,0.008,1,NotNormal
rugby,clean_breaks,away,24/25,1,141,0.686509048800987,3.35728284013361,0.955257282238979,0.000153984480757097,1,0.152606791358464,0,1,NotNormal
rugby,clean_breaks,diff,24/25,1,141,-0.145238827869493,2.92318386277401,0.988764777230758,0.313527553944775,0,0.080971502325905,0.028,1,Close
rugby,offloads,home,24/25,1,141,0.675809329704466,3.4288713874484,0.96100660352442,0.000487380986575969,1,0.131832720517157,0,1,NotNormal
rugby,offloads,away,24/25,1,141,0.606823496144331,2.94720927635592,0.960805210206863,0.000467560129935984,1,0.147003168964479,0,1,NotNormal
rugby,offloads,diff,24/25,1,141,0.192948757629532,3.17472714320681,0.990593725438883,0.466377449343914,0,0.0739139021352413,0.062,0,Normal
rugby,passes,home,24/25,1,141,0.55573810258774,3.74666251713099,0.979795662274953,0.0349955559310196,1,0.068768700420797,0.094,0,Close
rugby,passes,away,24/25,1,141,0.441933340554135,2.79437168268143,0.978035770211611,0.022712697928464,1,0.0679898512725904,0.116165718927701,0,Close
rugby,passes,diff,24/25,1,141,0.0985795517310964,2.66739726974044,0.989749793698604,0.390300896055777,0,0.0546826571211571,0.398961937716263,0,Normal
rugby,turnovers_conceded,home,24/25,1,141,-0.141330768564359,2.56834088085003,0.984202331836101,0.104557583758098,0,0.0853823872838093,0.02,1,Close
rugby,turnovers_conceded,away,24/25,1,141,0.552519980799312,3.21013752860079,0.971558695304509,0.00487371521868485,1,0.105648046315338,0,1,NotNormal
rugby,turnovers_conceded,diff,24/25,1,141,-0.301831963687547,3.27947232691037,0.987542074797912,0.235974773258004,0,0.0764221020108821,0.044,1,Close
rugby,turnovers_won,home,24/25,1,141,0.746163919097803,4.011477013732,0.951727535486772,7.83864284151781e-05,1,0.14051587187846,0,1,NotNormal
rugby,turnovers_won,away,24/25,1,141,0.321593101169828,2.64375074810869,0.972302183733129,0.00578811466308715,1,0.110551660882788,0.001,1,NotNormal
rugby,turnovers_won,diff,24/25,1,141,0.0243445669888474,2.96154885970362,0.985096987840241,0.130450564916587,0,0.0765013841920301,0.037,1,Close
rugby,kicks_from_hand,home,24/25,1,141,0.286262481032268,2.88604514001886,0.989314657701113,0.354766915906964,0,0.0634772620608379,0.183768115942029,0,Normal
rugby,kicks_from_hand,away,24/25,1,141,0.337082231782525,3.14398131268064,0.988118982779289,0.27021373376627,0,0.0830508917987616,0.023,1,Close
rugby,kicks_from_hand,diff,24/25,1,141,0.0509018533874188,2.93880714041774,0.988685920714053,0.307946065068808,0,0.0850338852394351,0.015,1,Close
rugby,kick_metres,home,24/25,1,141,0.639442363824862,3.84962386930497,0.975235633484062,0.0115481821412927,1,0.0597176074027957,0.249326145552561,0,Close
rugby,kick_metres,away,24/25,1,141,0.635172988633764,3.18330415336875,0.970670158367408,0.00397509443549704,1,0.0996215739375286,0.001,1,NotNormal
rugby,kick_metres,diff,24/25,1,141,0.0815271212493062,2.98524962032336,0.989083642642379,0.336944735244425,0,0.0514231059953681,0.475459098497496,0,Normal
rugby,scrums_won,home,24/25,1,141,0.197046219867438,2.64930370223634,0.975647370556297,0.0127431552659123,1,0.125394390491996,0,1,NotNormal
rugby,scrums_won,away,24/25,1,141,0.280047067631767,2.61597374628599,0.968306297309552,0.00233225513526258,1,0.106948117427386,0,1,NotNormal
rugby,scrums_won,diff,24/25,1,141,-0.00514642488377768,3.04469159419833,0.985831130290932,0.156220698623924,0,0.0958730748174363,0.004,1,NotNormal
rugby,rucks_won,home,24/25,1,141,0.598935806521725,3.6183301804915,0.971114833463756,0.00440092764495814,1,0.0652789179369546,0.159663865546218,0,NotNormal
rugby,rucks_won,away,24/25,1,141,0.275924365505214,2.76113509841665,0.98751435212624,0.234430485616859,0,0.0675926179251888,0.131208302446256,0,Normal
rugby,rucks_won,diff,24/25,1,141,0.324103508679483,3.03381893638,0.987297050958499,0.222635304646464,0,0.0691521160102462,0.088,0,Normal
rugby,lineout_throws_lost,home,24/25,1,141,0.767405308308278,3.52811847262959,0.90249547478587,3.96434229887888e-08,1,0.21536588453512,0,1,NotNormal
rugby,lineout_throws_lost,away,24/25,1,141,0.733934379383383,2.99182870806421,0.905409120384734,5.78411795126854e-08,1,0.203863920383594,0,1,NotNormal
rugby,lineout_throws_lost,diff,24/25,1,141,-0.117566266675703,2.83312572258642,0.971012335195086,0.00429871847708052,1,0.118242116321181,0,1,NotNormal
rugby,lineout_throws_won,home,24/25,1,141,0.171578158603178,2.71426737118861,0.985912231729346,0.159348041803257,0,0.0777215287074843,0.04,1,Close
rugby,lineout_throws_won,away,24/25,1,141,0.467502277836151,3.43930910857947,0.977340951357719,0.0191761207121797,1,0.102036877044973,0,1,NotNormal
rugby,lineout_throws_won,diff,24/25,1,141,-0.141540316188222,2.74370703333429,0.989690468689355,0.385305551768133,0,0.062980879394952,0.187014428412875,0,Normal
rugby,tackles,home,24/25,1,141,0.32051271946628,2.96879810957049,0.98899643411067,0.330404482352631,0,0.0501072068700407,0.527908540685945,0,Normal
rugby,tackles,away,24/25,1,141,0.687288023978578,4.10995122172194,0.966937311863347,0.00172288900760231,1,0.0702680960427363,0.089,0,NotNormal
rugby,tackles,diff,24/25,1,141,-0.215903684861791,2.98602277225445,0.990987737757469,0.504912993264433,0,0.0451175836547892,0.695635528330781,0,Normal
rugby,missed_tackles,home,24/25,1,141,0.604917395381873,3.37076842189806,0.974522835984076,0.00974666633711907,1,0.0908864743068886,0.008,1,NotNormal
rugby,missed_tackles,away,24/25,1,141,0.566838668886214,3.84661763788859,0.979203403628576,0.0302415374275423,1,0.0765673440709193,0.043,1,Close
rugby,missed_tackles,diff,24/25,1,141,-0.0882350679582052,2.54916893694212,0.991963335679356,0.606886805829347,0,0.0491782762763449,0.558432708688245,0,Normal
rugby,penalties_conceded,home,24/25,1,141,0.253893103521432,2.39836120806514,0.971172688791092,0.00445973742908179,1,0.105337664147978,0.002,1,NotNormal
rugby,penalties_conceded,away,24/25,1,141,0.164079793961764,3.15871652811677,0.979711446963351,0.0342755088745423,1,0.115585881246699,0,1,NotNormal
rugby,penalties_conceded,diff,24/25,1,141,0.0430400910360705,2.58452397837354,0.987350414290289,0.225481477207629,0,0.0566814071032709,0.320418442464161,0,Normal
rugby,scrum_pens_conceded,home,24/25,1,141,1.24293684581863,5.0861755780674,0.886805226748061,5.78591707878218e-09,1,0.208250212603237,0,1,NotNormal
rugby,scrum_pens_conceded,away,24/25,1,141,0.552669568902914,2.51668349669051,0.926249393906664,1.08018334799009e-06,1,0.175945080500342,0,1,NotNormal
rugby,scrum_pens_conceded,diff,24/25,1,141,0.358465757827164,2.713565142854,0.971371369460995,0.00466802191507998,1,0.118764165217983,0,1,NotNormal
rugby,lineout_pens_conceded,home,24/25,1,141,1.44314068275346,4.49869666475273,0.672819697374281,2.22044604925031e-16,1,0.389632719838653,0,1,NotNormal
rugby,lineout_pens_conceded,away,24/25,1,141,2.16114583742488,9.93675434271109,0.661743232099563,1.11022302462516e-16,1,0.347450080542455,0,1,NotNormal
rugby,lineout_pens_conceded,diff,24/25,1,141,-0.105606460077331,3.79795244104621,0.913786289647691,1.78425317298725e-07,1,0.218377537192067,0,1,NotNormal
rugby,general_play_pens_conceded,home,24/25,1,141,0.703334684949441,3.45082305891614,0.933816292906405,3.50821619998776e-06,1,0.187376563250765,0,1,NotNormal
rugby,general_play_pens_conceded,away,24/25,1,141,0.782968752896209,4.68231475802467,0.939975863222272,9.6670819846878e-06,1,0.133384771159105,0,1,NotNormal
rugby,general_play_pens_conceded,diff,24/25,1,141,-0.00154386695599304,3.11909878052149,0.979392676699015,0.0316843623891563,1,0.108664831639702,0,1,NotNormal
rugby,free_kicks_conceded,home,24/25,1,141,0.689013490579738,2.58673431505469,0.792092096528285,7.21867010611277e-13,1,0.281424044092126,0,1,NotNormal
rugby,free_kicks_conceded,away,24/25,1,141,0.750629731498446,3.34991139872192,0.791231042478084,6.7479355436717e-13,1,0.246094463321423,0,1,NotNormal
rugby,free_kicks_conceded,diff,24/25,1,141,0.0751856036722513,3.09501652021916,0.924508573653984,8.31698757086663e-07,1,0.208539327781892,0,1,NotNormal
rugby,ruck_maul_tackle_pen_con,home,24/25,1,141,0.69134629434658,3.10188554169499,0.904982886275125,5.47076548507164e-08,1,0.223801193913281,0,1,NotNormal
rugby,ruck_maul_tackle_pen_con,away,24/25,1,141,0.73889039534003,3.15403007666631,0.904028016257143,4.83163574704903e-08,1,0.200964653197389,0,1,NotNormal
rugby,ruck_maul_tackle_pen_con,diff,24/25,1,141,-0.359585313042378,3.35495406892327,0.964355459148662,0.000984732852963632,1,0.151012757028238,0,1,NotNormal
rugby,carries,home,21/22+22/23,2,281,0.318406798021454,2.43378965025175,0.982155936236046,0.0013981011634997,1,0.0717887616723971,0.001,1,NotNormal
rugby,carries,away,21/22+22/23,2,281,0.441794622366857,3.35764620089599,0.986654330077272,0.0104552928076317,1,0.0640693572047139,0.007,1,NotNormal
rugby,carries,diff,21/22+22/23,2,281,-0.0610381909177227,3.0120537079902,0.993727562541569,0.293606006512448,0,0.0491530679276729,0.098,0,Normal
rugby,metres_made,home,21/22+22/23,2,281,0.60763626607655,3.33796983617269,0.974518431195309,6.59243088549921e-05,1,0.0601717483160375,0.015,1,NotNormal
rugby,metres_made,away,21/22+22/23,2,281,0.215049198708993,2.7376322774037,0.991551001244477,0.107504818027462,0,0.0520521359415643,0.061,0,Normal
rugby,metres_made,diff,21/22+22/23,2,281,0.547456743060564,3.47613146877432,0.980484191344101,0.000689890881503508,1,0.0539961023944249,0.039,1,NotNormal
rugby,defenders_beaten,home,21/22+22/23,2,281,0.576716606035141,3.31811488514875,0.974294899669586,6.06665713666077e-05,1,0.0550880255786793,0.034,1,NotNormal
rugby,defenders_beaten,away,21/22+22/23,2,281,0.391541108054696,3.01369419364647,0.984621267626752,0.00412841833974131,1,0.0666521442521233,0.001,1,NotNormal
rugby,defenders_beaten,diff,21/22+22/23,2,281,0.0826197261258384,2.90709869047467,0.994694502190774,0.439938453406551,0,0.0499433852677856,0.084,0,Normal
rugby,clean_breaks,home,21/22+22/23,2,281,0.807484992454779,4.16401918172508,0.951542068139541,4.99374324114399e-08,1,0.127073165775924,0,1,NotNormal
rugby,clean_breaks,away,21/22+22/23,2,281,0.621384587107729,2.85505774210828,0.9431425335619,5.95555371685208e-09,1,0.160997097290026,0,1,NotNormal
rugby,clean_breaks,diff,21/22+22/23,2,281,0.383743452834149,3.62093528811093,0.982197297288154,0.00142315289542561,1,0.0835190081359786,0,1,NotNormal
rugby,offloads,home,21/22+22/23,2,281,2.58135231545932,20.1095990569763,0.844350872037345,4.44089209850063e-16,1,0.10466574536348,0,1,NotNormal
rugby,offloads,away,21/22+22/23,2,281,2.12926470921796,12.5611903041201,0.859468408762001,2.66453525910038e-15,1,0.116907581584055,0,1,NotNormal
rugby,offloads,diff,21/22+22/23,2,281,0.0606609413140368,3.35004080670803,0.989085089282842,0.032948585625365,1,0.0812510006444325,0,1,NotNormal
rugby,passes,home,21/22+22/23,2,281,0.434183898770164,2.71843226316283,0.980519605741703,0.000700130165037782,1,0.0601523452298176,0.023,1,NotNormal
rugby,passes,away,21/22+22/23,2,281,0.524979572007024,3.67192725166844,0.981864211770582,0.00123398083596704,1,0.0614526238796922,0.016,1,NotNormal
rugby,passes,diff,21/22+22/23,2,281,-0.17667034644159,3.26774904353394,0.99394426181557,0.322538714842512,0,0.0464961404935801,0.163050216986981,0,Normal
rugby,turnovers_conceded,home,21/22+22/23,2,281,0.35208352760289,3.33869097724066,0.984280515360475,0.00354418769526299,1,0.0971792165873857,0,1,NotNormal
rugby,turnovers_conceded,away,21/22+22/23,2,281,0.175489015123233,3.03217556806183,0.985442749015572,0.00598667223799376,1,0.0899640874917595,0,1,NotNormal
rugby,turnovers_conceded,diff,21/22+22/23,2,281,0.0825658999049532,3.44450619786825,0.991588417547258,0.109438070668859,0,0.0758915500832943,0,1,NotNormal
rugby,turnovers_won,home,21/22+22/23,2,281,0.504260781662373,3.78950002895244,0.97015278322714,1.37639715627191e-05,1,0.107136280505097,0,1,NotNormal
rugby,turnovers_won,away,21/22+22/23,2,281,0.331429634249708,2.62567674537883,0.972327602224658,2.95999225673471e-05,1,0.109952922441182,0,1,NotNormal
rugby,turnovers_won,diff,21/22+22/23,2,281,0.254809405664452,3.32316536081059,0.984228340856954,0.00346262871066028,1,0.0642765451166837,0.004,1,NotNormal
rugby,kicks_from_hand,home,21/22+22/23,2,281,0.740344422903749,3.85081458819449,0.964808667413002,2.3425637397656e-06,1,0.106655380153351,0,1,NotNormal
rugby,kicks_from_hand,away,21/22+22/23,2,281,0.779825299600823,3.95693944788638,0.959018537493051,4.01095017976694e-07,1,0.0921715742340247,0,1,NotNormal
rugby,kicks_from_hand,diff,21/22+22/23,2,281,0.131800214102449,2.48670931521342,0.989924876703776,0.0492890749410493,1,0.0665441163696383,0.005,1,NotNormal
rugby,kick_metres,home,21/22+22/23,2,281,0.82381395874763,4.09049350960446,0.960171772760993,5.63544323872733e-07,1,0.0752275064061597,0.001,1,NotNormal
rugby,kick_metres,away,21/22+22/23,2,281,0.995042775883773,4.72500102170759,0.950107737970098,3.42222871152487e-08,1,0.0674235060841973,0.001,1,NotNormal
rugby,kick_metres,diff,21/22+22/23,2,281,0.0856771169884856,3.20290867512131,0.994615324338013,0.426305573017532,0,0.0421318317246702,0.273453933529659,0,Normal
rugby,scrums_won,home,21/22+22/23,2,281,0.126465773421063,2.96422703930808,0.982335269492661,0.0015101632390313,1,0.0859087593781905,0,1,NotNormal
rugby,scrums_won,away,21/22+22/23,2,281,0.509405480997492,2.99243652815847,0.965673256665653,3.0889335405071e-06,1,0.13200098748455,0,1,NotNormal
rugby,scrums_won,diff,21/22+22/23,2,281,-0.430558785958864,3.09922300408951,0.978323063686969,0.000285955862946108,1,0.0892784726116604,0,1,NotNormal
rugby,rucks_won,home,21/22+22/23,2,281,0.619289173390873,3.40991159947162,0.961157216561949,7.56847583160969e-07,1,0.128321212827679,0,1,NotNormal
rugby,rucks_won,away,21/22+22/23,2,281,0.502889857712883,3.43047265896993,0.966155169149851,3.60952413180904e-06,1,0.114254735354069,0,1,NotNormal
rugby,rucks_won,diff,21/22+22/23,2,281,0.136835218351217,3.1491712289157,0.9877637129587,0.0175795541949153,1,0.0887903437769672,0,1,NotNormal
rugby,lineout_throws_lost,home,21/22+22/23,2,281,0.704273531965029,2.91610719128103,0.907733237111484,4.13347134298192e-12,1,0.180758861708882,0,1,NotNormal
rugby,lineout_throws_lost,away,21/22+22/23,2,281,1.24585031368479,6.37341075511175,0.890533254363194,2.34812169708221e-13,1,0.181363727523187,0,1,NotNormal
rugby,lineout_throws_lost,diff,21/22+22/23,2,281,-0.0363971875938014,3.13497666716639,0.976492073880206,0.000139346900650539,1,0.123579740328334,0,1,NotNormal
rugby,lineout_throws_won,home,21/22+22/23,2,281,-0.00341950306208517,2.7481082023726,0.9887875670256,0.0285822170176857,1,0.0845363855440484,0,1,NotNormal
rugby,lineout_throws_won,away,21/22+22/23,2,281,0.351252200596881,3.05460590958012,0.982035265633573,0.00132760952600486,1,0.0825316662768914,0,1,NotNormal
rugby,lineout_throws_won,diff,21/22+22/23,2,281,-0.108748160393949,2.60579732356419,0.990318644296029,0.0595575007931435,0,0.0542312807522071,0.048,1,Close
rugby,tackles,home,21/22+22/23,2,281,0.585426716803511,3.55379061502099,0.97771623953195,0.000224727638495903,1,0.0505480780652428,0.085,0,NotNormal
rugby,tackles,away,21/22+22/23,2,281,0.436475310111457,2.66002446708591,0.979291671259464,0.000422478414665028,1,0.0628103491466351,0.006,1,NotNormal
rugby,tackles,diff,21/22+22/23,2,281,0.126724901565,3.19521676879125,0.996823038569211,0.852873364846277,0,0.034662276584682,0.594875346260388,0,Normal
rugby,missed_tackles,home,21/22+22/23,2,281,0.391541108054696,3.01369419364647,0.984621267626752,0.00412841833974131,1,0.0666521442521233,0.003,1,NotNormal
rugby,missed_tackles,away,21/22+22/23,2,281,0.563333633235288,3.2891795310237,0.975091294323929,8.16976500589428e-05,1,0.0520366499023728,0.061,0,NotNormal
rugby,missed_tackles,diff,21/22+22/23,2,281,-0.077102161681794,2.89535268858695,0.994625503934708,0.428042484748493,0,0.0502623517683849,0.087,0,Normal
rugby,penalties_conceded,home,21/22+22/23,2,281,0.355866197409212,2.88359709869682,0.977161823377015,0.000180748558160304,1,0.104486944324528,0,1,NotNormal
rugby,penalties_conceded,away,21/22+22/23,2,281,0.192091169397341,2.9335017403807,0.986752006467836,0.0109411087058289,1,0.087312115838579,0,1,NotNormal
rugby,penalties_conceded,diff,21/22+22/23,2,281,0.279159665542635,3.0801690121313,0.988892886794038,0.0300562041513888,1,0.0635437300484044,0.01,1,Close
rugby,scrum_pens_conceded,home,21/22+22/23,2,281,1.15127843641152,4.49019451024609,0.883541782830548,7.99360577730113e-14,1,0.190211610053078,0,1,NotNormal
rugby,scrum_pens_conceded,away,21/22+22/23,2,281,0.775164873640489,3.32481692839535,0.916898702156177,2.21356266649764e-11,1,0.180405064118923,0,1,NotNormal
rugby,scrum_pens_conceded,diff,21/22+22/23,2,281,0.277632886651696,3.50728290911822,0.974580882695421,6.7477023389606e-05,1,0.109360948218877,0,1,NotNormal
rugby,lineout_pens_conceded,home,21/22+22/23,2,281,1.43002008992126,4.43063636236672,0.658219293439689,0,1,0.402665289836394,0,1,NotNormal
rugby,lineout_pens_conceded,away,21/22+22/23,2,281,1.5845569448893,4.70260022062216,0.636021672670239,0,1,0.415498106926136,0,1,NotNormal
rugby,lineout_pens_conceded,diff,21/22+22/23,2,281,-0.228528915395905,3.8179808608612,0.871705936627237,1.4210854715202e-14,1,0.289434955075469,0,1,NotNormal
rugby,general_play_pens_conceded,home,21/22+22/23,2,281,0.489366302478814,2.87083971388749,0.942039752816923,4.57049353919103e-09,1,0.167474816064707,0,1,NotNormal
rugby,general_play_pens_conceded,away,21/22+22/23,2,281,0.667611824078742,3.62837735893721,0.940282784134151,3.01685298964571e-09,1,0.160232088667805,0,1,NotNormal
rugby,general_play_pens_conceded,diff,21/22+22/23,2,281,-0.140095487990645,2.98248275707437,0.978861320816361,0.000354906293212554,1,0.0965551638277743,0,1,NotNormal
rugby,free_kicks_conceded,home,21/22+22/23,2,281,1.226305844935,5.13319394946871,0.754471140333833,0,1,0.291135541732492,0,1,NotNormal
rugby,free_kicks_conceded,away,21/22+22/23,2,281,1.11577698470155,3.96063042198596,0.7366969888883,0,1,0.325858100639278,0,1,NotNormal
rugby,free_kicks_conceded,diff,21/22+22/23,2,281,0.124143000350905,3.31930318030347,0.913461137455895,1.16353593426766e-11,1,0.21999744075223,0,1,NotNormal
rugby,ruck_maul_tackle_pen_con,home,21/22+22/23,2,281,0.842712669569245,3.96558577054049,0.917535381468803,2.49837928123497e-11,1,0.17450257276676,0,1,NotNormal
rugby,ruck_maul_tackle_pen_con,away,21/22+22/23,2,281,0.577956882468062,3.37513838461001,0.936238694679796,1.19247978158654e-09,1,0.178376427937865,0,1,NotNormal
rugby,ruck_maul_tackle_pen_con,diff,21/22+22/23,2,281,0.0124535482035235,3.60049801141187,0.975562779985854,9.76351320735036e-05,1,0.106751634003944,0,1,NotNormal
rugby,carries,home,23/24+24/25,2,283,0.635590826052134,4.37294999466604,0.976610104727576,0.000137122563614089,1,0.0590870534310605,0.023,1,NotNormal
rugby,carries,away,23/24+24/25,2,283,0.35798561740713,2.73621386639142,0.985908566950707,0.00709639628370284,1,0.0616422909490572,0.009,1,NotNormal
rugby,carries,diff,23/24+24/25,2,283,0.121945369778031,2.86253333622156,0.992931382787684,0.201165702779533,0,0.0326495441029324,0.670992366412214,0,Normal
rugby,metres_made,home,23/24+24/25,2,283,0.630678988974588,4.13062741267018,0.9763385560484,0.000123425475669348,1,0.0380795310320484,0.421715452688904,0,NotNormal
rugby,metres_made,away,23/24+24/25,2,283,0.483757194712283,3.305292241701,0.985457770642464,0.00576755739626966,1,0.0495419713850158,0.096,0,NotNormal
rugby,metres_made,diff,23/24+24/25,2,283,0.522271147103174,4.55055728702295,0.979418318273093,0.00042025230743381,1,0.0567453968282182,0.025,1,NotNormal
rugby,defenders_beaten,home,23/24+24/25,2,283,0.447559004132161,3.45486735055228,0.984527219969548,0.00377856187952552,1,0.0593609039711455,0.012,1,NotNormal
rugby,defenders_beaten,away,23/24+24/25,2,283,0.536714912458323,3.40547657433831,0.980526637453113,0.000664760201960601,1,0.0753372895445028,0.001,1,NotNormal
rugby,defenders_beaten,diff,23/24+24/25,2,283,0.0274167923846776,2.63034959329601,0.994552163118361,0.409890103740021,0,0.0476515692072205,0.125567322239032,0,Normal
rugby,clean_breaks,home,23/24+24/25,2,283,0.334813639566474,3.2065486197169,0.973769419005499,4.67658940545013e-05,1,0.085519180386204,0,1,NotNormal
rugby,clean_breaks,away,23/24+24/25,2,283,0.66545600863059,3.36541040496478,0.957809805459556,2.59366658483806e-07,1,0.132628115732719,0,1,NotNormal
rugby,clean_breaks,diff,23/24+24/25,2,283,0.17650571383367,4.03244156077382,0.983377677006606,0.00226283690366058,1,0.0722260431139828,0.001,1,NotNormal
rugby,offloads,home,23/24+24/25,2,283,0.602625226412782,3.33522792214461,0.970566526246179,1.48043522587571e-05,1,0.106225404204218,0,1,NotNormal
rugby,offloads,away,23/24+24/25,2,283,0.659369510104218,3.25459265184127,0.963927420897755,1.63917495787924e-06,1,0.109601192319848,0,1,NotNormal
rugby,offloads,diff,23/24+24/25,2,283,0.196080096751696,3.17137609549653,0.990051872724411,0.0507795998190381,0,0.0549487951924446,0.049,1,Close
rugby,passes,home,23/24+24/25,2,283,0.495555365999101,3.404219295172,0.983795470894816,0.00272294160529341,1,0.0513705199943157,0.068,0,NotNormal
rugby,passes,away,23/24+24/25,2,283,0.448278471140551,2.71312377246952,0.979707166730401,0.000473163011075695,1,0.0648965029605603,0.007,1,NotNormal
rugby,passes,diff,23/24+24/25,2,283,0.133870324950261,2.73192052526884,0.993791004172442,0.296687721024708,0,0.0476181091386499,0.114516129032258,0,Normal
rugby,turnovers_conceded,home,23/24+24/25,2,283,0.0252083684862043,2.41622128785127,0.985980952322067,0.00733770739128137,1,0.0820756829613659,0,1,NotNormal
rugby,turnovers_conceded,away,23/24+24/25,2,283,0.509524499552432,3.20927392508222,0.974404423867077,5.91981508287764e-05,1,0.110705126013688,0,1,NotNormal
rugby,turnovers_conceded,diff,23/24+24/25,2,283,-0.142647117468875,3.00534041023523,0.991497613574268,0.102085543699474,0,0.0542492840367852,0.055,0,Normal
rugby,turnovers_won,home,23/24+24/25,2,283,0.593782816800358,3.40365937651645,0.964290911287438,1.83845424162055e-06,1,0.128822365605357,0,1,NotNormal
rugby,turnovers_won,away,23/24+24/25,2,283,0.305953045375533,3.03503336711539,0.976729874096189,0.000143661265475159,1,0.0989418865073506,0,1,NotNormal
rugby,turnovers_won,diff,23/24+24/25,2,283,0.0418826091024556,3.21572276190144,0.987210649860226,0.0130271375415423,1,0.0681816776997667,0.001,1,NotNormal
rugby,kicks_from_hand,home,23/24+24/25,2,283,0.161518967023812,3.05550374338641,0.993723406977285,0.287979570364275,0,0.0605641138273835,0.016,1,Close
rugby,kicks_from_hand,away,23/24+24/25,2,283,0.343803023825358,3.19303046459308,0.988624869937103,0.0255222244251467,1,0.0631857620238133,0.01,1,Close
rugby,kicks_from_hand,diff,23/24+24/25,2,283,0.0114646958568797,2.99398133328914,0.992839073906526,0.192742469143867,0,0.0615389377726262,0.009,1,NotNormal
rugby,kick_metres,home,23/24+24/25,2,283,0.42419512026747,3.52712457329342,0.988948740181598,0.0298167464156934,1,0.0423361648363344,0.268019884009942,0,Close
rugby,kick_metres,away,23/24+24/25,2,283,0.553812323308342,3.20900650347239,0.978887675967416,0.000338554258004886,1,0.0705985902753531,0.001,1,NotNormal
rugby,kick_metres,diff,23/24+24/25,2,283,0.117785603960562,2.99519706927537,0.996049017206308,0.699911203217082,0,0.0291410710815195,0.8373063170441,0,Normal
rugby,scrums_won,home,23/24+24/25,2,283,0.34060735029977,3.42247408100624,0.975101959308923,7.69323387453946e-05,1,0.098381655605435,0,1,NotNormal
rugby,scrums_won,away,23/24+24/25,2,283,0.326499918943505,2.54935700146401,0.966700528519312,3.99739376666375e-06,1,0.11165582892854,0,1,NotNormal
rugby,scrums_won,diff,23/24+24/25,2,283,-0.0365739912453961,2.95887790638537,0.988966130698488,0.0300671687991901,1,0.079505300353357,0.001,1,NotNormal
rugby,rucks_won,home,23/24+24/25,2,283,0.512981248087581,1.93795110689067,0.829577868896781,1.11022302462516e-16,1,0.287738948472985,0,1,NotNormal
rugby,rucks_won,away,23/24+24/25,2,283,0.429405089971532,1.68741810498083,0.830427884806119,1.11022302462516e-16,1,0.281016445668445,0,1,NotNormal
rugby,rucks_won,diff,23/24+24/25,2,283,0.830313467200345,6.14340616001741,0.896054149296685,5.02375918642883e-13,1,0.216497684844326,0,1,NotNormal
rugby,lineout_throws_lost,home,23/24+24/25,2,283,0.721006425406947,3.17508659436786,0.902929877746505,1.58850710363367e-12,1,0.183968013950362,0,1,NotNormal
rugby,lineout_throws_lost,away,23/24+24/25,2,283,0.627989729700093,2.82290107312727,0.916869610749572,1.96366256588476e-11,1,0.185183112579572,0,1,NotNormal
rugby,lineout_throws_lost,diff,23/24+24/25,2,283,0.0338918502107468,2.77448948073113,0.975401457820594,8.61806399579113e-05,1,0.111038689422532,0,1,NotNormal
rugby,lineout_throws_won,home,23/24+24/25,2,283,0.248155292848375,2.75511334913079,0.985667541756921,0.00635050005278526,1,0.0747391927428345,0.001,1,NotNormal
rugby,lineout_throws_won,away,23/24+24/25,2,283,0.43903442750045,3.3123080713179,0.980255721356961,0.000593739756202027,1,0.100757634642164,0,1,NotNormal
rugby,lineout_throws_won,diff,23/24+24/25,2,283,-0.110670327749802,2.68442158565081,0.991738051572781,0.114563670775963,0,0.0563831097214661,0.03,1,Close
rugby,tackles,home,23/24+24/25,2,283,0.312211437086732,2.71159760455036,0.988988428317059,0.0303913873281604,1,0.0556959972460871,0.036,1,Close
rugby,tackles,away,23/24+24/25,2,283,0.632352589725316,3.96434862972582,0.973043638407071,3.58349381182066e-05,1,0.0627304326825768,0.006,1,NotNormal
rugby,tackles,diff,23/24+24/25,2,283,-0.107232347715237,2.89087898115646,0.996222916135718,0.735491340513136,0,0.0287748770234273,0.841432225063939,0,Normal
rugby,missed_tackles,home,23/24+24/25,2,283,0.536714912458323,3.40547657433831,0.980526637453113,0.000664760201960601,1,0.0753372895445028,0,1,NotNormal
rugby,missed_tackles,away,23/24+24/25,2,283,0.448230579143523,3.46030741421032,0.984523772830555,0.00377269588114681,1,0.0591349669962554,0.022,1,NotNormal
rugby,missed_tackles,diff,23/24+24/25,2,283,-0.0275232370908579,2.63261046026375,0.994576346430053,0.413942920912364,0,0.047829408438949,0.120896717373899,0,Normal
rugby,penalties_conceded,home,23/24+24/25,2,283,0.301091421105876,2.60135094095181,0.978486055408063,0.000287868891204912,1,0.104918529924515,0,1,NotNormal
rugby,penalties_conceded,away,23/24+24/25,2,283,0.210609009828101,3.31747662778519,0.985068809208597,0.00482897704105878,1,0.0948906009662109,0,1,NotNormal
rugby,penalties_conceded,diff,23/24+24/25,2,283,-0.0498233168664075,2.91310622313949,0.992929240279315,0.20096646994009,0,0.0498366927085301,0.074,0,Normal
rugby,scrum_pens_conceded,home,23/24+24/25,2,283,1.09136582400236,5.0284211690392,0.905817526459311,2.61901611509074e-12,1,0.180355987378275,0,1,NotNormal
rugby,scrum_pens_conceded,away,23/24+24/25,2,283,0.552373375131826,2.78740155552565,0.939157018611876,2.09874961853984e-09,1,0.172992001921486,0,1,NotNormal
rugby,scrum_pens_conceded,diff,23/24+24/25,2,283,0.144997759050537,2.9619109259932,0.983805565022262,0.00273519427622937,1,0.0983874976192595,0,1,NotNormal
rugby,lineout_pens_conceded,home,23/24+24/25,2,283,1.37775665473228,4.46113810891451,0.66663887044738,0,1,0.39505757024608,0,1,NotNormal
rugby,lineout_pens_conceded,away,23/24+24/25,2,283,1.97810407792569,8.90710239984582,0.661012037652177,0,1,0.366481619648302,0,1,NotNormal
rugby,lineout_pens_conceded,diff,23/24+24/25,2,283,-0.194441759508864,4.00586036975603,0.895248425903223,4.40536496171262e-13,1,0.240652485725254,0,1,NotNormal
rugby,general_play_pens_conceded,home,23/24+24/25,2,283,0.615138162505795,3.29457775297152,0.938209954092911,1.68609082251692e-09,1,0.178492752908345,0,1,NotNormal
rugby,general_play_pens_conceded,away,23/24+24/25,2,283,0.824255842243382,4.90578867327162,0.938025259812172,1.61601299009106e-09,1,0.139464055777303,0,1,NotNormal
rugby,general_play_pens_conceded,diff,23/24+24/25,2,283,-0.163333655349098,3.03877972605125,0.981070832759726,0.000835599683513988,1,0.101629158722397,0,1,NotNormal
rugby,free_kicks_conceded,home,23/24+24/25,2,283,0.881564102223946,3.32582533512148,0.789983080296692,0,1,0.282032163759557,0,1,NotNormal
rugby,free_kicks_conceded,away,23/24+24/25,2,283,1.03272484726076,4.06359238041187,0.780574944719035,0,1,0.270009928670133,0,1,NotNormal
rugby,free_kicks_conceded,diff,23/24+24/25,2,283,0.138818963681229,3.47130949793443,0.92150038473019,4.81557016485112e-11,1,0.213300309690331,0,1,NotNormal
rugby,ruck_maul_tackle_pen_con,home,23/24+24/25,2,283,1.08568492546713,5.64060167321417,0.889895738007663,1.87072579649339e-13,1,0.190995720780504,0,1,NotNormal
rugby,ruck_maul_tackle_pen_con,away,23/24+24/25,2,283,0.684351872709459,3.14233601034156,0.912193338682512,8.20243872823312e-12,1,0.176015682214599,0,1,NotNormal
rugby,ruck_maul_tackle_pen_con,diff,23/24+24/25,2,283,-0.219682268727575,3.15117615183483,0.971394557050142,1.98120352750131e-05,1,0.132878881222666,0,1,NotNormal
rugby,carries,home,21/22+22/23+23/24+24/25,4,564,0.557579798329608,3.85338981423433,0.980799287630717,9.16131687400679e-07,1,0.0431553092322456,0.013,1,NotNormal
rugby,carries,away,21/22+22/23+23/24+24/25,4,564,0.400429716976054,3.00821761703728,0.988095678159548,0.000149738232114616,1,0.0616434888309881,0,1,NotNormal
rugby,carries,diff,21/22+22/23+23/24+24/25,4,564,0.0385589713964578,2.93816897320907,0.996933047312861,0.367666135524275,0,0.0278322074870001,0.381335197483397,0,Normal
rugby,metres_made,home,21/22+22/23+23/24+24/25,4,564,0.624221300469821,3.78084800228587,0.978491185167799,2.26238841438686e-07,1,0.0442134731328183,0.007,1,NotNormal
rugby,metres_made,away,21/22+22/23+23/24+24/25,4,564,0.358307366065398,3.08071258568338,0.991202613815986,0.00195832735325652,1,0.0350283146357353,0.103,0,NotNormal
rugby,metres_made,diff,21/22+22/23+23/24+24/25,4,564,0.535100516094109,4.00322582706877,0.982652745115685,3.00896357541269e-06,1,0.0414255128167065,0.022,1,NotNormal
rugby,defenders_beaten,home,21/22+22/23+23/24+24/25,4,564,0.47296596611282,3.2891523894382,0.982727139592533,3.16029115099425e-06,1,0.055026992457029,0.001,1,NotNormal
rugby,defenders_beaten,away,21/22+22/23+23/24+24/25,4,564,0.496783379346269,3.35120016429033,0.982635096480551,2.9741874201239e-06,1,0.064219925711708,0,1,NotNormal
rugby,defenders_beaten,diff,21/22+22/23+23/24+24/25,4,564,0.0553700727725383,2.76044316527859,0.99725274273091,0.471302622965458,0,0.0367359249455391,0.064,0,Normal
rugby,clean_breaks,home,21/22+22/23+23/24+24/25,4,564,0.556802405496674,3.50251668761582,0.966125513652108,4.04500655193374e-10,1,0.103666912356189,0,1,NotNormal
rugby,clean_breaks,away,21/22+22/23+23/24+24/25,4,564,0.698971573023632,3.3489145532374,0.950943426557556,9.74220704108575e-13,1,0.128438856310602,0,1,NotNormal
rugby,clean_breaks,diff,21/22+22/23+23/24+24/25,4,564,0.2712879591367,3.85938344405739,0.986102693848988,3.30564204998884e-05,1,0.0731100170800397,0,1,NotNormal
rugby,offloads,home,21/22+22/23+23/24+24/25,4,564,1.97953217541089,16.3023740565186,0.89537041431395,0,1,0.108792847967075,0,1,NotNormal
rugby,offloads,away,21/22+22/23+23/24+24/25,4,564,1.76947886367434,11.3037383016232,0.89679434505754,0,1,0.108920731517381,0,1,NotNormal
rugby,offloads,diff,21/22+22/23+23/24+24/25,4,564,0.129112625711687,3.3992643994075,0.990949477421568,0.00157169070874585,1,0.0667690036687549,0,1,NotNormal
rugby,passes,home,21/22+22/23+23/24+24/25,4,564,0.513297341097598,3.31913743106735,0.982767833074445,3.24641017845906e-06,1,0.0542458615807372,0.001,1,NotNormal
rugby,passes,away,21/22+22/23+23/24+24/25,4,564,0.501860135101801,3.13895559804752,0.982677289146494,3.05803450539877e-06,1,0.0629971365617907,0,1,NotNormal
rugby,passes,diff,21/22+22/23+23/24+24/25,4,564,0.00235696519625651,2.96915676785134,0.997909877187067,0.721972338771543,0,0.0294635943607353,0.272767462422635,0,Normal
rugby,turnovers_conceded,home,21/22+22/23+23/24+24/25,4,564,0.187334759685994,2.77920860599872,0.988646004047299,0.000231444334546138,1,0.0773523884656084,0,1,NotNormal
rugby,turnovers_conceded,away,21/22+22/23+23/24+24/25,4,564,0.371211530194973,3.21599639912814,0.982527049161513,2.77023706551915e-06,1,0.0939716312056738,0,1,NotNormal
rugby,turnovers_conceded,diff,21/22+22/23+23/24+24/25,4,564,-0.0358203633288827,3.21638706551828,0.994094279998128,0.0273267623172181,1,0.0590726424177589,0,1,NotNormal
rugby,turnovers_won,home,21/22+22/23+23/24+24/25,4,564,0.548643800926832,3.61129759993084,0.968938590687101,1.48159795543279e-09,1,0.1181673303512,0,1,NotNormal
rugby,turnovers_won,away,21/22+22/23+23/24+24/25,4,564,0.316067989125603,2.8493682697561,0.976442809846113,6.99829879602376e-08,1,0.100806097247535,0,1,NotNormal
rugby,turnovers_won,diff,21/22+22/23+23/24+24/25,4,564,0.162943629327814,3.30587544641003,0.987885491616888,0.000127069752442144,1,0.0625660797638161,0,1,NotNormal
rugby,kicks_from_hand,home,21/22+22/23+23/24+24/25,4,564,0.440170942080047,3.30310937967972,0.985883114705414,2.81571435131189e-05,1,0.0642360582103745,0,1,NotNormal
rugby,kicks_from_hand,away,21/22+22/23+23/24+24/25,4,564,0.554670872152817,3.43951148862784,0.977587009893313,1.33789375689197e-07,1,0.0689354767838762,0,1,NotNormal
rugby,kicks_from_hand,diff,21/22+22/23+23/24+24/25,4,564,0.0767929885254046,2.73249866882745,0.994003311459355,0.0250819418517543,1,0.0558382352785817,0,1,NotNormal
rugby,kick_metres,home,21/22+22/23+23/24+24/25,4,564,0.650724583517978,3.88347962289346,0.976635502347545,7.79537333572833e-08,1,0.0543741606053234,0,1,NotNormal
rugby,kick_metres,away,21/22+22/23+23/24+24/25,4,564,0.783131220676103,4.00324143304289,0.966818479142971,5.53383783241657e-10,1,0.0633638838095697,0,1,NotNormal
rugby,kick_metres,diff,21/22+22/23+23/24+24/25,4,564,0.102783172261203,3.14260639062632,0.997425336499851,0.533796419922458,0,0.024861923735324,0.560835861139198,0,Normal
rugby,scrums_won,home,21/22+22/23+23/24+24/25,4,564,0.192219796254036,3.1999199369544,0.981191540142289,1.17222005524553e-06,1,0.0864732331332261,0,1,NotNormal
rugby,scrums_won,away,21/22+22/23+23/24+24/25,4,564,0.417810458226532,2.84561442490998,0.969789240611803,2.22525997628509e-09,1,0.118310758411382,0,1,NotNormal
rugby,scrums_won,diff,21/22+22/23+23/24+24/25,4,564,-0.267491441533376,3.08578913067455,0.987055415226336,6.72082771658866e-05,1,0.0846074386594887,0,1,NotNormal
rugby,rucks_won,home,21/22+22/23+23/24+24/25,4,564,1.56831651134281,4.1838797367821,0.644894917857852,0,1,0.39053253302599,0,1,NotNormal
rugby,rucks_won,away,21/22+22/23+23/24+24/25,4,564,1.49609476088217,3.7768987903254,0.651259128294357,0,1,0.393110373159441,0,1,NotNormal
rugby,rucks_won,diff,21/22+22/23+23/24+24/25,4,564,1.40963656749443,12.0804761108729,0.741340585950376,0,1,0.273047635510494,0,1,NotNormal
rugby,lineout_throws_lost,home,21/22+22/23+23/24+24/25,4,564,0.729474447606592,3.07706610301048,0.90492251420973,0,1,0.183804650052318,0,1,NotNormal
rugby,lineout_throws_lost,away,21/22+22/23+23/24+24/25,4,564,0.96799777960576,4.85904726061779,0.908856581316044,0,1,0.183630186230987,0,1,NotNormal
rugby,lineout_throws_lost,diff,21/22+22/23+23/24+24/25,4,564,-0.000523640562710043,3.00497747711854,0.978014316616101,1.71234062262826e-07,1,0.116925457794114,0,1,NotNormal
rugby,lineout_throws_won,home,21/22+22/23+23/24+24/25,4,564,0.138528371902596,2.7760615385182,0.989435993255578,0.000438824990737885,1,0.0680553731403686,0,1,NotNormal
rugby,lineout_throws_won,away,21/22+22/23+23/24+24/25,4,564,0.396722535334353,3.20204895410318,0.982558710313284,2.8284417444846e-06,1,0.0889306996808505,0,1,NotNormal
rugby,lineout_throws_won,diff,21/22+22/23+23/24+24/25,4,564,-0.10436316075051,2.66291538181826,0.992904552897324,0.00901062175093081,1,0.0548891463545259,0,1,NotNormal
rugby,tackles,home,21/22+22/23+23/24+24/25,4,564,0.441280545388532,3.09323859492883,0.985565203970469,2.23664672691637e-05,1,0.0512583697017569,0.002,1,NotNormal
rugby,tackles,away,21/22+22/23+23/24+24/25,4,564,0.559968782639526,3.47886599188621,0.980006088796529,5.6102339507369e-07,1,0.0555172865125564,0,1,NotNormal
rugby,tackles,diff,21/22+22/23+23/24+24/25,4,564,-0.00224330778671697,3.03541808489265,0.998786501046293,0.971464290723626,0,0.0259987432983786,0.489326217478319,0,Normal
rugby,missed_tackles,home,21/22+22/23+23/24+24/25,4,564,0.496783379346269,3.35120016429033,0.982635096480551,2.9741874201239e-06,1,0.064219925711708,0,1,NotNormal
rugby,missed_tackles,away,21/22+22/23+23/24+24/25,4,564,0.46703241910858,3.28443168710343,0.9830229244834,3.84518859630756e-06,1,0.0534050542829425,0.002,1,NotNormal
rugby,missed_tackles,diff,21/22+22/23+23/24+24/25,4,564,-0.0527338256476458,2.75649235781545,0.997214447785911,0.458008650210707,0,0.0368705826025895,0.067,0,Normal
rugby,penalties_conceded,home,21/22+22/23+23/24+24/25,4,564,0.330621085771973,2.73484953354336,0.980072747132241,5.84389968305565e-07,1,0.0975910552515756,0,1,NotNormal
rugby,penalties_conceded,away,21/22+22/23+23/24+24/25,4,564,0.204706374863475,3.14013720464029,0.987177058372783,7.37015898006899e-05,1,0.0825224530805473,0,1,NotNormal
rugby,penalties_conceded,diff,21/22+22/23+23/24+24/25,4,564,0.0858481780342255,3.01769616662555,0.993967069091398,0.0242405800243852,1,0.0545186266191074,0,1,NotNormal
rugby,scrum_pens_conceded,home,21/22+22/23+23/24+24/25,4,564,1.11626913510453,4.7875758286577,0.898326875403567,0,1,0.186646818845253,0,1,NotNormal
rugby,scrum_pens_conceded,away,21/22+22/23+23/24+24/25,4,564,0.668025720049135,3.01749407371266,0.928878116442992,9.99200722162641e-16,1,0.178676469600135,0,1,NotNormal
rugby,scrum_pens_conceded,diff,21/22+22/23+23/24+24/25,4,564,0.201157347639843,3.21162058385873,0.981597396958255,1.51710938234295e-06,1,0.0935447136002053,0,1,NotNormal
rugby,lineout_pens_conceded,home,21/22+22/23+23/24+24/25,4,564,1.40493236805835,4.44718967476488,0.662366305544938,0,1,0.398980154119141,0,1,NotNormal
rugby,lineout_pens_conceded,away,21/22+22/23+23/24+24/25,4,564,1.78818553384089,6.94174261935579,0.654516615690794,0,1,0.391134628414619,0,1,NotNormal
rugby,lineout_pens_conceded,diff,21/22+22/23+23/24+24/25,4,564,-0.211540886337982,3.91082945250669,0.889735847312308,0,1,0.265000676025505,0,1,NotNormal
rugby,general_play_pens_conceded,home,21/22+22/23+23/24+24/25,4,564,0.551143860106363,3.08864642539721,0.941492532873079,4.19664303308309e-14,1,0.173099693881737,0,1,NotNormal
rugby,general_play_pens_conceded,away,21/22+22/23+23/24+24/25,4,564,0.79663542702077,4.57942820536954,0.938663802142698,1.75415237890775e-14,1,0.152720439339478,0,1,NotNormal
rugby,general_play_pens_conceded,diff,21/22+22/23+23/24+24/25,4,564,-0.155081641124651,3.01704254404295,0.980580119938323,7.99186488542603e-07,1,0.0877247054816602,0,1,NotNormal
rugby,free_kicks_conceded,home,21/22+22/23+23/24+24/25,4,564,1.04390309939421,4.10018100596682,0.774796270865936,0,1,0.286556024788733,0,1,NotNormal
rugby,free_kicks_conceded,away,21/22+22/23+23/24+24/25,4,564,1.08422727697423,4.08095472827312,0.760422981178049,0,1,0.297749019393118,0,1,NotNormal
rugby,free_kicks_conceded,diff,21/22+22/23+23/24+24/25,4,564,0.127144486104876,3.41502696163268,0.918245031952327,1.11022302462516e-16,1,0.216290498094961,0,1,NotNormal
rugby,ruck_maul_tackle_pen_con,home,21/22+22/23+23/24+24/25,4,564,0.972942207030693,4.64154314180987,0.904238160770617,0,1,0.174653550895325,0,1,NotNormal
rugby,ruck_maul_tackle_pen_con,away,21/22+22/23+23/24+24/25,4,564,0.630661751702964,3.26710650679772,0.927382314293631,6.66133814775094e-16,1,0.173225075119542,0,1,NotNormal
rugby,ruck_maul_tackle_pen_con,diff,21/22+22/23+23/24+24/25,4,564,-0.0943493744996458,3.42059959954857,0.976102365992592,5.79108019316266e-08,1,0.115779442773647,0,1,NotNormal
football,np_shots,home,2021/2022,1,556,0.689998004427714,3.53854477510016,0.966179070326846,5.16346632117859e-10,1,0.104153588515076,0,1,NotNormal
football,np_shots,away,2021/2022,1,556,0.633833770923019,3.51824693702698,0.971486000616858,6.27713980794198e-09,1,0.106276631413074,0,1,NotNormal
football,np_shots,diff,2021/2022,1,556,0.012396202533364,3.51933692921612,0.992160264138122,0.00503458506257004,1,0.060188444698464,0,1,NotNormal
football,shots,home,2021/2022,1,556,0.677966282208954,3.4766084406609,0.966099346174905,4.98279972838134e-10,1,0.102670232071324,0,1,NotNormal
football,shots,away,2021/2022,1,556,0.657828538065154,3.56590849041452,0.969518567843369,2.41135988954255e-09,1,0.102824696486827,0,1,NotNormal
football,shots,diff,2021/2022,1,556,-0.0024856457796759,3.50834383445148,0.992364690095002,0.00604289684314085,1,0.0597327597519876,0,1,NotNormal
football,shots_inside_box,home,2021/2022,1,556,0.875066847788078,4.12354735318152,0.950068674577368,9.26037024839843e-13,1,0.126090151901946,0,1,NotNormal
football,shots_inside_box,away,2021/2022,1,556,0.894818035059125,4.49933503616669,0.951921055952172,1.7768009286101e-12,1,0.120062983578966,0,1,NotNormal
football,shots_inside_box,diff,2021/2022,1,556,0.0933405070805793,3.65284392172036,0.990071502467984,0.000833441327356077,1,0.0510003445430407,0,1,NotNormal
football,shots_outside_box,home,2021/2022,1,556,0.541936155607052,3.04085600280062,0.962101719830929,8.90110207762973e-11,1,0.124070075129205,0,1,NotNormal
football,shots_outside_box,away,2021/2022,1,556,0.758912526550406,3.60329846384887,0.945525701181234,2.00062189037453e-13,1,0.154238839334085,0,1,NotNormal
football,shots_outside_box,diff,2021/2022,1,556,-0.0161265003647014,3.10101065974667,0.991644079486971,0.00319124564988449,1,0.0665642088537719,0,1,NotNormal
football,penalties,home,2021/2022,1,556,4.3957181569407,33.7229947772566,0.326359282347468,0,1,0.520763749321441,0,1,NotNormal
football,penalties,away,2021/2022,1,556,6.44485288647701,73.5661582340475,0.275269741328513,0,1,0.519225958467773,0,1,NotNormal
football,penalties,diff,2021/2022,1,556,0.230808278226012,6.41948910595218,0.571301061875219,0,1,0.422089760294616,0,1,NotNormal
football,big_chances,home,2021/2022,1,556,1.34433060718323,5.17136490689185,0.819711791050833,0,1,0.244445061295181,0,1,NotNormal
football,big_chances,away,2021/2022,1,556,2.03070133219227,12.3214773249246,0.770803864421104,0,1,0.235514182195617,0,1,NotNormal
football,big_chances,diff,2021/2022,1,556,-0.0502958003355037,5.41233085731804,0.94421234706338,1.30562227695918e-13,1,0.147860289868312,0,1,NotNormal
football,corners,home,2021/2022,1,556,0.439673586314131,3.38709793300453,0.973952465962622,2.20606100054255e-08,1,0.0887770422541886,0,1,NotNormal
football,corners,away,2021/2022,1,556,0.789199312887909,3.83092610897658,0.950587072821297,1.10944586850792e-12,1,0.132221835987108,0,1,NotNormal
football,corners,diff,2021/2022,1,556,-0.127770104583803,3.39323786722711,0.991300350741996,0.00236535389183568,1,0.0636737938681762,0,1,NotNormal
football,free_kicks,home,2021/2022,1,556,0.410730341066335,3.59330530423669,0.982969500524087,4.34950899841358e-06,1,0.0783164616333706,0,1,NotNormal
football,free_kicks,away,2021/2022,1,556,0.341083472788074,2.83978534047678,0.984096339282351,9.26624685904098e-06,1,0.0968513414719866,0,1,NotNormal
football,free_kicks,diff,2021/2022,1,556,0.0755337070953507,3.09389265915369,0.993208136012129,0.0129769149876265,1,0.0495605256214852,0.006,1,NotNormal
football,set_pieces,home,2021/2022,1,556,0.136698789537343,3.07765855141076,0.993601373810447,0.018632456704184,1,0.0370841950457613,0.067,0,Close
football,set_pieces,away,2021/2022,1,556,0.25846398118875,3.10665458785103,0.993975229370338,0.0263457362643087,1,0.0477516067597202,0.004,1,NotNormal
football,set_pieces,diff,2021/2022,1,556,0.0869353312187258,3.09189378552595,0.996946601694335,0.383629633263407,0,0.0280900966189342,0.370621872766262,0,Normal
football,sp_shots,home,2021/2022,1,556,0.711286981097396,3.45088422500604,0.94569301222883,2.1138646388863e-13,1,0.137330147446688,0,1,NotNormal
football,sp_shots,away,2021/2022,1,556,1.08360430327369,4.75284341825764,0.914754101791307,0,1,0.163490301554114,0,1,NotNormal
football,sp_shots,diff,2021/2022,1,556,-0.177266261001699,3.59301048403969,0.985870136312016,3.21771870019916e-05,1,0.0790151316477116,0,1,NotNormal
football,op_shots,home,2021/2022,1,556,0.686666595944893,3.60196419336301,0.966790322272821,6.79666878333762e-10,1,0.102833889169305,0,1,NotNormal
football,op_shots,away,2021/2022,1,556,0.630408503119672,3.35823251726709,0.968040907286954,1.20448429008491e-09,1,0.116742675337925,0,1,NotNormal
football,op_shots,diff,2021/2022,1,556,0.0823070044942076,3.15847876514208,0.993677722889441,0.0199947569954615,1,0.0454929995580375,0.006,1,NotNormal
football,passes,home,2021/2022,1,556,0.509312873638338,2.91884466242622,0.979674676921527,5.45736807300301e-07,1,0.0652753969256563,0,1,NotNormal
football,passes,away,2021/2022,1,556,0.539802612851271,3.46508320578311,0.981835019932744,2.08247250321758e-06,1,0.0562820372940715,0,1,NotNormal
football,passes,diff,2021/2022,1,556,-0.0107248708639608,2.98129553209331,0.99690067046631,0.369935803319086,0,0.0294994888331094,0.306974858069749,0,Normal
football,successful_passes,home,2021/2022,1,556,0.582342588319293,3.09694475708504,0.975686329597979,5.56812447261024e-08,1,0.0577709806994525,0,1,NotNormal
football,successful_passes,away,2021/2022,1,556,0.653537980482681,3.55763124345613,0.974071693869786,2.34833766876719e-08,1,0.0631880639004944,0,1,NotNormal
football,successful_passes,diff,2021/2022,1,556,-0.0251508533262599,2.99298218578374,0.996886142610908,0.365679496585697,0,0.0308236077403812,0.220388349514563,0,Normal
football,op_passes,home,2021/2022,1,556,0.542036377284636,2.99363868692828,0.9782509246076,2.35322468511434e-07,1,0.0607068131830173,0,1,NotNormal
football,op_passes,away,2021/2022,1,556,0.586744235474013,3.53591390030596,0.97955000319212,5.06346410134029e-07,1,0.0575366670785752,0,1,NotNormal
football,op_passes,diff,2021/2022,1,556,-0.0165214147778637,2.99438714141295,0.996712844441225,0.31770345144669,0,0.0305002100458568,0.253370525337053,0,Normal
football,successful_op_passes,home,2021/2022,1,556,0.63454123470846,3.24782306569255,0.972974538577204,1.3294834011468e-08,1,0.0654592268477786,0,1,NotNormal
football,successful_op_passes,away,2021/2022,1,556,0.716514943856533,3.69462722070939,0.969515335189657,2.40764741477051e-09,1,0.0728339091866547,0,1,NotNormal
football,successful_op_passes,diff,2021/2022,1,556,-0.0301227134694573,3.08460936817203,0.997112475457127,0.436024965177895,0,0.0257604342871252,0.523174391463821,0,Normal
football,passes_inside_box,home,2021/2022,1,556,0.715185456293993,3.40195177569495,0.959929267242278,3.66309205190873e-11,1,0.111919805845123,0,1,NotNormal
football,passes_inside_box,away,2021/2022,1,556,0.857658174462725,3.78571780338128,0.948011742868186,4.5763393075049e-13,1,0.119124127339333,0,1,NotNormal
football,passes_inside_box,diff,2021/2022,1,556,0.0399553582263329,2.69927704455504,0.994255097484686,0.0341854222598834,1,0.0491557524068691,0.002,1,NotNormal
football,successful_passes_inside_box,home,2021/2022,1,556,1.2002162704093,5.08974234772799,0.895439866222312,0,1,0.197487531844674,0,1,NotNormal
football,successful_passes_inside_box,away,2021/2022,1,556,1.18109277083638,4.78301245568173,0.88937350332063,0,1,0.182086457725225,0,1,NotNormal
football,successful_passes_inside_box,diff,2021/2022,1,556,0.183672572201359,3.76967592826684,0.983496322425337,6.1748178252774e-06,1,0.0917052919848823,0,1,NotNormal
football,passes_into_box,home,2021/2022,1,556,0.650449040102162,3.70098214507409,0.974096835278837,2.37954239645788e-08,1,0.0714870759442532,0,1,NotNormal
football,passes_into_box,away,2021/2022,1,556,0.515572069781895,3.03653496331583,0.979138526137229,3.96115778400485e-07,1,0.0697589240026088,0,1,NotNormal
football,passes_into_box,diff,2021/2022,1,556,0.0924153193137515,3.23211922645944,0.997193618929187,0.463265319377397,0,0.0323199801201554,0.169869807811531,0,Normal
football,successful_passes_into_box,home,2021/2022,1,556,0.856119414357089,3.94400411305135,0.952590073022621,2.25763852057526e-12,1,0.102540878307343,0,1,NotNormal
football,successful_passes_into_box,away,2021/2022,1,556,0.696712884601764,3.61627398714244,0.964938463757074,2.9838143067451e-10,1,0.0978564150069412,0,1,NotNormal
football,successful_passes_into_box,diff,2021/2022,1,556,0.122670366674711,3.08464248456362,0.996085968203889,0.185205057952364,0,0.0456188808610231,0.009,1,NotNormal
football,op_passes_into_box,home,2021/2022,1,556,0.88697616190058,3.804876910299,0.95041022531743,1.04305453163533e-12,1,0.102892186726651,0,1,NotNormal
football,op_passes_into_box,away,2021/2022,1,556,0.625830542466652,3.22523227432756,0.972113435961726,8.58770843326084e-09,1,0.0854946359738199,0,1,NotNormal
football,op_passes_into_box,diff,2021/2022,1,556,0.205131695175867,3.12777118620269,0.994984405249858,0.0675022662610707,0,0.0479736457842984,0,1,NotNormal
football,successful_op_passes_into_box,home,2021/2022,1,556,0.98176103504372,4.0380928804068,0.937663433985998,1.70974345792274e-14,1,0.124326341514894,0,1,NotNormal
football,successful_op_passes_into_box,away,2021/2022,1,556,0.890325863156115,3.8416701650147,0.945016637151724,1.69420033557799e-13,1,0.117044540284583,0,1,NotNormal
football,successful_op_passes_into_box,diff,2021/2022,1,556,0.136699101699328,3.11674344253326,0.993304593243904,0.0141769570383468,1,0.0490768286262465,0.004,1,NotNormal
football,passes_into_final_third,home,2021/2022,1,556,0.115331403985161,2.70944296515335,0.995692502147849,0.129858001616847,0,0.0360153214247121,0.076,0,Normal
football,passes_into_final_third,away,2021/2022,1,556,0.149687476673528,3.29671439188494,0.994100882111869,0.0296114373053701,1,0.0326921320013609,0.152941176470588,0,Close
football,passes_into_final_third,diff,2021/2022,1,556,-0.0286460656642091,3.02157515928069,0.997969935790607,0.754878906805199,0,0.0280452271833375,0.362790697674419,0,Normal
football,successful_passes_into_final_third,home,2021/2022,1,556,0.997350751879646,4.9425783554137,0.949518518607938,7.65498775479045e-13,1,0.0979941335727313,0,1,NotNormal
football,successful_passes_into_final_third,away,2021/2022,1,556,0.651579219088549,4.13453925972536,0.976030619948937,6.72199695905817e-08,1,0.0616743020358438,0,1,NotNormal
football,successful_passes_into_final_third,diff,2021/2022,1,556,0.213029062254482,3.91565069918716,0.989054417185031,0.000363093786106661,1,0.0580956581507193,0,1,NotNormal
football,op_passes_into_final_third,home,2021/2022,1,556,0.275894192476393,2.93408070538439,0.992746181535548,0.00852023815906999,1,0.036895047297465,0.062,0,NotNormal
football,op_passes_into_final_third,away,2021/2022,1,556,0.23505496328877,3.43761543754434,0.99242443112153,0.00637535388805655,1,0.0359925904926039,0.086,0,NotNormal
football,op_passes_into_final_third,diff,2021/2022,1,556,0.000847955778017859,3.21000744821349,0.997290871326074,0.497196630460168,0,0.0410447517114136,0.027,1,Close
football,successful_op_passes_into_final_third,home,2021/2022,1,556,1.08739821660583,4.97695196276637,0.940702775648123,4.30766533554561e-14,1,0.106734181132785,0,1,NotNormal
football,successful_op_passes_into_final_third,away,2021/2022,1,556,0.831737297117854,4.38036790337971,0.963688721920611,1.73836389727455e-10,1,0.0780821710479791,0,1,NotNormal
football,successful_op_passes_into_final_third,diff,2021/2022,1,556,0.175529111875108,3.83914729377954,0.990085235785002,0.000843013006342264,1,0.0594866856539602,0,1,NotNormal
football,passes_in_final_third,home,2021/2022,1,556,0.862849392738375,3.99234353170001,0.956636991056554,1.01024744125766e-11,1,0.0773257712842339,0,1,NotNormal
football,passes_in_final_third,away,2021/2022,1,556,0.787174846654235,4.82192894718282,0.969520683803205,2.41379316534562e-09,1,0.0505548069696975,0.001,1,NotNormal
football,passes_in_final_third,diff,2021/2022,1,556,0.0622584098228796,3.47797950056472,0.99352071891384,0.0172959264043757,1,0.0411792753854524,0.027,1,Close
football,successful_passes_in_final_third,home,2021/2022,1,556,1.19445904561761,4.77343784934059,0.922641623844375,2.22044604925031e-16,1,0.106794875360464,0,1,NotNormal
football,successful_passes_in_final_third,away,2021/2022,1,556,1.31669654800857,6.61357248543605,0.927919634807482,1.11022302462516e-15,1,0.0851876692283807,0,1,NotNormal
football,successful_passes_in_final_third,diff,2021/2022,1,556,0.0562949616978855,3.952974109567,0.987082397443951,7.8540702796559e-05,1,0.0467122366786469,0.005,1,NotNormal
football,passes_in_middle_third,home,2021/2022,1,556,0.790259709815623,3.86847107847999,0.964976171623241,3.03341907148535e-10,1,0.0748811332057809,0,1,NotNormal
football,passes_in_middle_third,away,2021/2022,1,556,0.714535018322034,3.63701503952836,0.969294783621905,2.16791329332722e-09,1,0.0721657601773851,0,1,NotNormal
football,passes_in_middle_third,diff,2021/2022,1,556,0.11286413854393,3.2831290911716,0.995686756699587,0.129178701246458,0,0.048121944394942,0.003,1,NotNormal
football,successful_passes_in_middle_third,home,2021/2022,1,556,0.911683427349031,4.19357746997431,0.954904547457037,5.26179100290847e-12,1,0.069609496405276,0,1,NotNormal
football,successful_passes_in_middle_third,away,2021/2022,1,556,0.797469324167102,3.71845372750099,0.960959534897217,5.55899770660062e-11,1,0.0878964800645357,0,1,NotNormal
football,successful_passes_in_middle_third,diff,2021/2022,1,556,0.124384570163349,3.28553363974181,0.995615674164625,0.121048482191188,0,0.0475285718925798,0.002,1,NotNormal
football,passes_in_own_third,home,2021/2022,1,556,0.534623741553574,3.47027291503057,0.981984785595435,2.29196854562019e-06,1,0.0390128450333836,0.045,1,NotNormal
football,passes_in_own_third,away,2021/2022,1,556,0.756141788245063,4.30354934817803,0.969547321991427,2.44464526399923e-09,1,0.0639059892111529,0,1,NotNormal
football,passes_in_own_third,diff,2021/2022,1,556,-0.349536831756624,3.47179804783567,0.991553324884871,0.00294767070589008,1,0.0371578372337715,0.052,0,NotNormal
football,successful_passes_in_own_third,home,2021/2022,1,556,0.528521555873928,3.28444166551155,0.980941201305162,1.1850895779153e-06,1,0.0500557215402756,0.003,1,NotNormal
football,successful_passes_in_own_third,away,2021/2022,1,556,0.783367694781465,4.48520088344556,0.967628575994238,9.9589370083919e-10,1,0.0573224756041967,0,1,NotNormal
football,successful_passes_in_own_third,diff,2021/2022,1,556,-0.342049242882193,3.45249632593035,0.991369361309231,0.00251126670859803,1,0.0336187654032984,0.142080217539089,0,NotNormal
football,forward_passes,home,2021/2022,1,556,0.332140941309969,3.58101822121477,0.991532545708582,0.00289466468501665,1,0.0416782228580491,0.018,1,NotNormal
football,forward_passes,away,2021/2022,1,556,0.222250099549426,3.84436089964923,0.99192266882308,0.00407783733938838,1,0.0301157644522391,0.264759309718438,0,NotNormal
football,forward_passes,diff,2021/2022,1,556,-0.0496766100206744,3.23022272044705,0.998164376928143,0.824616307065835,0,0.0366242621303423,0.068,0,Normal
football,sideways_passes,home,2021/2022,1,556,0.629312188843692,3.16200599071619,0.972181371393507,8.88636764173611e-09,1,0.0619904583657668,0,1,NotNormal
football,sideways_passes,away,2021/2022,1,556,0.629176015361247,3.4927624153913,0.975186736428412,4.24812635069216e-08,1,0.0597658894007453,0,1,NotNormal
football,sideways_passes,diff,2021/2022,1,556,0.045410551660691,2.99782319704792,0.996716852245568,0.31875472528035,0,0.0375552104476524,0.059,0,Normal
football,backward_passes,home,2021/2022,1,556,0.666595045426115,3.55098823907661,0.973393068414543,1.64902710375614e-08,1,0.0770692488962786,0,1,NotNormal
football,backward_passes,away,2021/2022,1,556,0.694830470886612,4.01759676377068,0.974334691644382,2.69706983413442e-08,1,0.0599269485259424,0,1,NotNormal
football,backward_passes,diff,2021/2022,1,556,-0.0424062127424866,3.12527111276716,0.998065417024371,0.789959595956699,0,0.0198898864065695,0.86743711760707,0,Normal
football,forward_passes_in_final_third,home,2021/2022,1,556,0.262055196269747,2.881098480136,0.99151271091176,0.0028449893660335,1,0.0588479413640436,0,1,NotNormal
football,forward_passes_in_final_third,away,2021/2022,1,556,0.308258720422991,2.88898648913507,0.991267222474043,0.00229846217304819,1,0.050411460649405,0.003,1,NotNormal
football,forward_passes_in_final_third,diff,2021/2022,1,556,-0.124343274633237,2.77903434819122,0.996319499783229,0.22749575456332,0,0.0408518732479325,0.029,1,Close
football,sideways_passes_in_final_third,home,2021/2022,1,556,1.08847197180057,4.54281449260673,0.936341897258458,1.15463194561016e-14,1,0.0972011551125628,0,1,NotNormal
football,sideways_passes_in_final_third,away,2021/2022,1,556,0.849410019241413,4.60086014670866,0.963550616516905,1.63880353731827e-10,1,0.0629838919574991,0,1,NotNormal
football,sideways_passes_in_final_third,diff,2021/2022,1,556,0.205016163130755,3.52836811114838,0.992157009114224,0.0050200172056426,1,0.0497897428415391,0,1,NotNormal
football,backward_passes_in_final_third,home,2021/2022,1,556,1.13896644304733,4.73686804416837,0.929339943932601,1.55431223447522e-15,1,0.115355071004953,0,1,NotNormal
football,backward_passes_in_final_third,away,2021/2022,1,556,1.30078787226942,6.64055221641104,0.9260864206257,6.66133814775094e-16,1,0.103850487474344,0,1,NotNormal
football,backward_passes_in_final_third,diff,2021/2022,1,556,-0.0196856950638025,4.13376814523793,0.986879601788816,6.74814136503166e-05,1,0.0563690367035705,0,1,NotNormal
football,deep_completions,home,2021/2022,1,556,1.2630372998984,4.96334498112351,0.898217837666356,0,1,0.168471726126446,0,1,NotNormal
football,deep_completions,away,2021/2022,1,556,1.28030412777222,5.41595218859874,0.900797713307728,0,1,0.166372942058112,0,1,NotNormal
football,deep_completions,diff,2021/2022,1,556,0.199536918844243,4.17581199317593,0.978191129734757,2.27306527489368e-07,1,0.0885689627728246,0,1,NotNormal
football,long_balls,home,2021/2022,1,556,0.256219240449394,3.27497218615007,0.992938051331342,0.0101410743073028,1,0.0547216016540132,0,1,NotNormal
football,long_balls,away,2021/2022,1,556,0.212344230024518,3.08118004955102,0.993989798103247,0.0267048588863651,1,0.0300870393614451,0.268716577540107,0,Close
football,long_balls,diff,2021/2022,1,556,0.0333062049425799,3.10422011316858,0.997847668774951,0.708383504199021,0,0.033408142989539,0.135332845647403,0,Normal
football,successful_long_balls,home,2021/2022,1,556,0.650442240350148,3.83343463688039,0.976318223386914,7.87655387579633e-08,1,0.0643320393717168,0,1,NotNormal
football,successful_long_balls,away,2021/2022,1,556,0.641796453026841,4.07074820267973,0.975369923463795,4.68949892251658e-08,1,0.0698192552795071,0,1,NotNormal
football,successful_long_balls,diff,2021/2022,1,556,0.0514880516062086,3.17307952686412,0.997011637518663,0.403630164719023,0,0.0332655857370224,0.142483660130719,0,Normal
football,goalkeeper_long_balls,home,2021/2022,1,556,0.28025270777469,2.72207318211336,0.98846597531104,0.000227470584260203,1,0.0498832502385159,0.001,1,NotNormal
football,goalkeeper_long_balls,away,2021/2022,1,556,0.0768258162882458,2.81134569503022,0.99590112234619,0.156929247362426,0,0.0430081764882324,0.012,1,Close
football,goalkeeper_long_balls,diff,2021/2022,1,556,-0.0461514842232897,2.6500518814099,0.996171621488873,0.19982023900442,0,0.0394696848365378,0.034,1,Close
football,goalkeeper_passes,home,2021/2022,1,556,0.933900815243762,4.78889158480319,0.95464305672355,4.77529127351772e-12,1,0.0809140947186575,0,1,NotNormal
football,goalkeeper_passes,away,2021/2022,1,556,1.19597960211165,5.68065357355271,0.93374893382192,5.44009282066327e-15,1,0.0971410114929678,0,1,NotNormal
football,goalkeeper_passes,diff,2021/2022,1,556,-0.139579498214548,3.67008655079728,0.992822945498279,0.00913408758506329,1,0.0478239175597404,0.004,1,NotNormal
football,crosses,home,2021/2022,1,556,0.804891228092449,3.76575052195221,0.958907891667984,2.43896014495704e-11,1,0.0991584633962384,0,1,NotNormal
football,crosses,away,2021/2022,1,556,0.762780296097536,3.46852011447406,0.958096674028541,1.77388104205534e-11,1,0.112684020864699,0,1,NotNormal
football,crosses,diff,2021/2022,1,556,0.131071100086283,3.4778617214827,0.994760162769094,0.0547665558361259,0,0.0514992275007502,0.002,1,NotNormal
football,successful_crosses,home,2021/2022,1,556,0.983062667766662,4.70113015189416,0.932127806724848,3.44169137633799e-15,1,0.165042458486836,0,1,NotNormal
football,successful_crosses,away,2021/2022,1,556,1.06483336512966,4.39032076442336,0.914237900868767,0,1,0.15487367401708,0,1,NotNormal
football,successful_crosses,diff,2021/2022,1,556,0.110060620323546,3.73007723220662,0.986208897636608,4.11440594243473e-05,1,0.0978014034949639,0,1,NotNormal
football,dribbles,home,2021/2022,1,556,0.693081729192922,3.37995046326443,0.966417045069681,5.74444602996493e-10,1,0.0997047247877105,0,1,NotNormal
football,dribbles,away,2021/2022,1,556,0.596516169242322,3.27950863562261,0.973308250030716,1.57834003644552e-08,1,0.0865724218104473,0,1,NotNormal
football,dribbles,diff,2021/2022,1,556,-0.0840351483728434,3.4097523000775,0.994625828602292,0.0483130184427081,1,0.0481891616358948,0.001,1,NotNormal
football,successful_dribbles,home,2021/2022,1,556,0.843130261463656,4.12661508413135,0.954063062328814,3.85580456452317e-12,1,0.115108981265688,0,1,NotNormal
football,successful_dribbles,away,2021/2022,1,556,0.707248831185988,3.77945606305681,0.963112269043561,1.36029632002987e-10,1,0.0982346139491516,0,1,NotNormal
football,successful_dribbles,diff,2021/2022,1,556,-0.194766352692658,3.96871575512542,0.984553132760011,1.26847810506536e-05,1,0.0793045486477418,0,1,NotNormal
football,carries,home,2021/2022,1,556,0.54796682261984,3.18280897838202,0.980434047625768,8.65984177811363e-07,1,0.0642051895831988,0,1,NotNormal
football,carries,away,2021/2022,1,556,0.705663420365029,3.90322744540791,0.972256082358713,9.22734899599931e-09,1,0.0632000695307628,0,1,NotNormal
football,carries,diff,2021/2022,1,556,-0.0817830314454352,3.1634339557409,0.995347234226349,0.094542370210809,0,0.0392759595980762,0.044,1,Close
football,carries_into_final_third,home,2021/2022,1,556,0.78698669662173,3.86524130746611,0.961675763892207,7.46008810281751e-11,1,0.0982457105238994,0,1,NotNormal
football,carries_into_final_third,away,2021/2022,1,556,0.755653959788386,4.15804055513262,0.965700056756653,4.17199497171339e-10,1,0.0941602613127814,0,1,NotNormal
football,carries_into_final_third,diff,2021/2022,1,556,0.166078204602109,3.46314577658749,0.991937749588551,0.00413256733541956,1,0.0611838590866701,0,1,NotNormal
football,carries_into_box,home,2021/2022,1,556,0.754019185334526,3.35450764738663,0.94795416830484,4.48752146553488e-13,1,0.13031734239562,0,1,NotNormal
football,carries_into_box,away,2021/2022,1,556,0.747383446112373,3.46734062380544,0.950592910994936,1.11177733685963e-12,1,0.143796361182457,0,1,NotNormal
football,carries_into_box,diff,2021/2022,1,556,0.111732929059299,3.04341297473986,0.991421788215993,0.00262834010850532,1,0.0616875726207055,0,1,NotNormal
football,progressive_carries,home,2021/2022,1,556,0.556137136212978,3.22521830948227,0.977859174411418,1.87700396891977e-07,1,0.0792014452239572,0,1,NotNormal
football,progressive_carries,away,2021/2022,1,556,0.408599411667492,2.97689331293367,0.985401324610578,2.29989740113679e-05,1,0.0756655961054976,0,1,NotNormal
football,progressive_carries,diff,2021/2022,1,556,0.148803304800291,3.02616056026177,0.99678930188363,0.338233584289175,0,0.0359879240330282,0.074,0,Normal
football,deep_progressions,home,2021/2022,1,556,1.01179561728756,4.95390920568356,0.948423917228777,5.26245713672324e-13,1,0.103084765108221,0,1,NotNormal
football,deep_progressions,away,2021/2022,1,556,0.749010458274186,4.32496525125959,0.970664318998953,4.18978829408445e-09,1,0.0581865456225932,0.001,1,NotNormal
football,deep_progressions,diff,2021/2022,1,556,0.208064826232857,3.91705260406684,0.988213038845725,0.000186584050187233,1,0.0515357841728007,0.002,1,NotNormal
football,box_entries,home,2021/2022,1,556,0.688019790171541,3.44790163657001,0.967773845653213,1.06472020089399e-09,1,0.0879039039946843,0,1,NotNormal
football,box_entries,away,2021/2022,1,556,0.524398427382965,3.13509115219079,0.97812466800099,2.18730327405936e-07,1,0.0766274245212735,0,1,NotNormal
football,box_entries,diff,2021/2022,1,556,0.170523086436218,2.98211433221762,0.995654375304026,0.12541270785359,0,0.0419708930564474,0.026,1,Close
football,tackles,home,2021/2022,1,556,0.285881622319537,3.20554109897739,0.991569428701898,0.00298944191175321,1,0.0467758023949212,0.01,1,NotNormal
football,tackles,away,2021/2022,1,556,0.340979597725905,3.01914734551063,0.989980947172059,0.000773095102044374,1,0.0624482974778486,0,1,NotNormal
football,tackles,diff,2021/2022,1,556,0.112032588158532,3.31287764325115,0.996433120081081,0.250988423500145,0,0.038251401734533,0.058,0,Normal
football,successful_tackles,home,2021/2022,1,556,0.169040176484775,3.0950490345454,0.993647379767193,0.0194415754136389,1,0.0528709568806083,0,1,NotNormal
football,successful_tackles,away,2021/2022,1,556,0.265125156216444,3.01006020455704,0.990892643342429,0.00166537612000628,1,0.0613602674044343,0,1,NotNormal
football,successful_tackles,diff,2021/2022,1,556,-0.0212998447222754,3.15235611021463,0.995500678496328,0.108919503679932,0,0.0465572420893309,0.005,1,NotNormal
football,ball_recoveries,home,2021/2022,1,556,0.308042656625535,3.04516684874774,0.992157892306727,0.00502396561979013,1,0.052710906690383,0.002,1,NotNormal
football,ball_recoveries,away,2021/2022,1,556,0.27488394047706,4.24593728508895,0.985948882444897,3.40612381748429e-05,1,0.0598061763462591,0,1,NotNormal
football,ball_recoveries,diff,2021/2022,1,556,-0.0392692722601381,3.14908310899498,0.99795488671016,0.749235216532296,0,0.0338617990778511,0.112118713932399,0,Normal
football,regains,home,2021/2022,1,556,0.269240894190484,3.11310338511944,0.993718603212759,0.0207655100672125,1,0.0486214479190499,0.003,1,NotNormal
football,regains,away,2021/2022,1,556,0.379942779421224,3.36723350376546,0.98968889412995,0.000607639446607022,1,0.06953254187806,0,1,NotNormal
football,regains,diff,2021/2022,1,556,0.1087643703041,3.01061627529808,0.997195942271783,0.46406004353211,0,0.0424523634223956,0.017,1,Close
football,regains_opposition_half,home,2021/2022,1,556,0.361659491363933,3.07469523548194,0.989406085714343,0.000482352847880119,1,0.0627567813834021,0,1,NotNormal
football,regains_opposition_half,away,2021/2022,1,556,0.644488173617857,4.16378033985451,0.976094313572759,6.961497678315e-08,1,0.0632812100017677,0,1,NotNormal
football,regains_opposition_half,diff,2021/2022,1,556,-0.12681625341042,3.28269444859373,0.994904042443557,0.0626321273092223,0,0.0319542531097319,0.171981776765376,0,Normal
football,tackle_interceptions_opposition_half,home,2021/2022,1,556,0.752320852771282,3.71977656168637,0.961275392693068,6.32625063445857e-11,1,0.107571960852838,0,1,NotNormal
football,tackle_interceptions_opposition_half,away,2021/2022,1,556,0.754699005605494,3.88428280547616,0.962274533039887,9.56573709132158e-11,1,0.104404206146845,0,1,NotNormal
football,tackle_interceptions_opposition_half,diff,2021/2022,1,556,-0.0543018802102154,2.95863577828713,0.995290602791168,0.0897150693374891,0,0.0470784223888516,0.006,1,NotNormal
football,blocks,home,2021/2022,1,556,0.494549116778908,3.30385321768912,0.982006355632537,2.32390830579021e-06,1,0.0754898145123652,0,1,NotNormal
football,blocks,away,2021/2022,1,556,0.227148831997156,3.08448742612467,0.993401283972248,0.0154942464831707,1,0.0629836916402234,0,1,NotNormal
football,blocks,diff,2021/2022,1,556,-0.0352815166792283,2.78573312960784,0.996371346555701,0.237968126236364,0,0.0416101886854554,0.026,1,Close
football,pressures,home,2021/2022,1,556,0.532922248527051,3.52335895286177,0.982303105405652,2.81374185540084e-06,1,0.0547734140618256,0,1,NotNormal
football,pressures,away,2021/2022,1,556,0.451866998329139,3.13991617649094,0.985155172623677,1.93197313129723e-05,1,0.0390179701526225,0.048,1,NotNormal
football,pressures,diff,2021/2022,1,556,0.0229341581317196,3.28129692819628,0.996692233756084,0.312340470011446,0,0.033737167327418,0.132520944402133,0,Normal
football,pressures_opposition_half,home,2021/2022,1,556,0.964837712970557,5.01125212177502,0.954916552992247,5.28532773103052e-12,1,0.0671164445431182,0,1,NotNormal
football,pressures_opposition_half,away,2021/2022,1,556,0.684499981143862,3.68845896082236,0.97220427665297,8.98948848693237e-09,1,0.0618740982625786,0,1,NotNormal
football,pressures_opposition_half,diff,2021/2022,1,556,0.251698533299537,4.00143188151217,0.988619079893548,0.000256669550298017,1,0.0490214528642968,0.004,1,NotNormal
football,counterpressures,home,2021/2022,1,556,0.425854277453388,2.94657955079289,0.985171304581513,1.95409050540718e-05,1,0.0533295897707237,0.001,1,NotNormal
football,counterpressures,away,2021/2022,1,556,0.155209904743925,2.6382473791578,0.994537793584466,0.0445015697036352,1,0.0448226565930278,0.01,1,Close
football,counterpressures,diff,2021/2022,1,556,-0.0181845011821509,3.0520981502492,0.997461433463976,0.559630389706641,0,0.0325059398365817,0.161552911709455,0,Normal
football,counterpressures_opposition_half,home,2021/2022,1,556,0.524134191331911,3.226679692317,0.980769184600213,1.06494784057887e-06,1,0.0744028429806667,0,1,NotNormal
football,counterpressures_opposition_half,away,2021/2022,1,556,0.389825909049609,2.96584229765475,0.986905490811848,6.87976703658277e-05,1,0.066835382247905,0,1,NotNormal
football,counterpressures_opposition_half,diff,2021/2022,1,556,-0.0257174973735426,3.37443088643309,0.996163941257502,0.198468577047372,0,0.0392089783278078,0.042,1,Close
football,fouls,home,2021/2022,1,556,0.327127783713711,2.86083688787986,0.985376973714383,2.2604384689151e-05,1,0.0871780932068351,0,1,NotNormal
football,fouls,away,2021/2022,1,556,0.334126995789816,3.36603096089984,0.987050918586922,7.67069575221546e-05,1,0.0720797536976956,0,1,NotNormal
football,fouls,diff,2021/2022,1,556,-0.100024749375376,2.9973721942421,0.995841950229247,0.148757588090159,0,0.045248275751881,0.013,1,Close
football,np_shots,home,2022/2023,1,557,0.704277636114297,4.02880819645049,0.969628960121297,2.47566855904324e-09,1,0.0890642689819273,0,1,NotNormal
football,np_shots,away,2022/2023,1,557,0.516175201124098,3.11323178044707,0.976748256539886,9.77293770354493e-08,1,0.081721206614533,0,1,NotNormal
football,np_shots,diff,2022/2023,1,557,0.13968585070008,3.0286175570491,0.995587076189275,0.117125563393438,0,0.0491881998894379,0.003,1,NotNormal
football,shots,home,2022/2023,1,557,0.691842257496306,3.95498672985186,0.96994141647717,2.87586843228382e-09,1,0.0953738381288174,0,1,NotNormal
football,shots,away,2022/2023,1,557,0.508887154398089,3.04727996262079,0.976785813895807,9.9804833619821e-08,1,0.0836640918995534,0,1,NotNormal
football,shots,diff,2022/2023,1,557,0.130100631009088,2.97561547578139,0.995754296693568,0.136502232999928,0,0.0462400023258331,0.004,1,NotNormal
football,shots_inside_box,home,2022/2023,1,557,0.610963424053731,3.80427741246741,0.972277855702145,9.096092878913e-09,1,0.0973218276115743,0,1,NotNormal
football,shots_inside_box,away,2022/2023,1,557,0.607379599294783,3.16666061423248,0.966713350103834,6.38684549691959e-10,1,0.112643848322677,0,1,NotNormal
football,shots_inside_box,diff,2022/2023,1,557,0.0486919252654312,2.91483717468815,0.994946245684463,0.0646330976766818,0,0.0480774629506964,0.001,1,NotNormal
football,shots_outside_box,home,2022/2023,1,557,0.995531533533029,5.05693774097849,0.938680285283177,2.24265050974282e-14,1,0.141703870746404,0,1,NotNormal
football,shots_outside_box,away,2022/2023,1,557,0.822252481891568,3.85446329096251,0.941287712560979,4.9960036108132e-14,1,0.155190134099751,0,1,NotNormal
football,shots_outside_box,diff,2022/2023,1,557,0.126645959735623,3.43630067358706,0.990789775538347,0.00150495615342827,1,0.0814682243182666,0,1,NotNormal
football,penalties,home,2022/2023,1,557,6.94519998991392,86.7686900282229,0.294404527234526,0,1,0.508549245479914,0,1,NotNormal
football,penalties,away,2022/2023,1,557,9.12370439485457,131.179485807229,0.216088022599795,0,1,0.517984197223836,0,1,NotNormal
football,penalties,diff,2022/2023,1,557,0.260016896318994,7.41589723797807,0.551818303681366,0,1,0.437979580155544,0,1,NotNormal
football,big_chances,home,2022/2023,1,557,1.38118677685464,5.90582662553766,0.819379432591846,0,1,0.240866195514307,0,1,NotNormal
football,big_chances,away,2022/2023,1,557,1.54118679785961,6.00948370700232,0.771611885593715,0,1,0.247736203708099,0,1,NotNormal
football,big_chances,diff,2022/2023,1,557,0.256643619210299,4.41976255774586,0.951832785930774,1.66799907219684e-12,1,0.153794473746807,0,1,NotNormal
football,corners,home,2022/2023,1,557,0.597309651402219,3.1705556196396,0.964126980709718,2.03962291500659e-10,1,0.112383567701777,0,1,NotNormal
football,corners,away,2022/2023,1,557,0.595319930563907,3.23211157946288,0.960917405361394,5.30652188857061e-11,1,0.121978338702051,0,1,NotNormal
football,corners,diff,2022/2023,1,557,0.133211775316001,2.77963283526125,0.991503736187521,0.00278714731857188,1,0.0634593400614291,0,1,NotNormal
football,free_kicks,home,2022/2023,1,557,0.183775979116884,2.86012389541637,0.989635918019818,0.000573330823597229,1,0.0714826167832819,0,1,NotNormal
football,free_kicks,away,2022/2023,1,557,0.423203119114793,3.45989262704156,0.982749669868426,3.68919094984044e-06,1,0.0763828665214823,0,1,NotNormal
football,free_kicks,diff,2022/2023,1,557,-0.167430503185165,3.0044236592218,0.992078258702255,0.00462457209079203,1,0.0577575903508013,0,1,NotNormal
football,set_pieces,home,2022/2023,1,557,0.0415980955243944,2.85860533951639,0.996689804815076,0.31031443599746,0,0.0390375986002748,0.04,1,Close
football,set_pieces,away,2022/2023,1,557,0.297472235836933,2.99760260453145,0.991960746571565,0.00416646846145985,1,0.0520795283762298,0,1,NotNormal
football,set_pieces,diff,2022/2023,1,557,-0.169392571519163,2.91505950843566,0.99642341787657,0.24764553869413,0,0.0400072075816916,0.026,1,Close
football,sp_shots,home,2022/2023,1,557,1.15941762719883,6.05059277185692,0.920032521759659,1.11022302462516e-16,1,0.170914336410591,0,1,NotNormal
football,sp_shots,away,2022/2023,1,557,1.01951106137925,5.28620054570815,0.921820273004563,2.22044604925031e-16,1,0.164836040107703,0,1,NotNormal
football,sp_shots,diff,2022/2023,1,557,-0.0158975326234647,3.97657085065759,0.983243125393178,5.11232455602251e-06,1,0.0891047875229432,0,1,NotNormal
football,op_shots,home,2022/2023,1,557,0.679009432751828,3.90910753293143,0.969432416526484,2.25406249221294e-09,1,0.091621287468309,0,1,NotNormal
football,op_shots,away,2022/2023,1,557,0.641776447906262,3.39258088369783,0.967680183494063,9.92560700296963e-10,1,0.107214618492947,0,1,NotNormal
football,op_shots,diff,2022/2023,1,557,0.042973474997193,3.3393749728801,0.995309883705493,0.09067183410126,0,0.0483770892722261,0.002,1,NotNormal
football,passes,home,2022/2023,1,557,0.303257271939442,2.6990088185097,0.990291869320601,0.00098773033631927,1,0.0437743629410208,0.014,1,NotNormal
football,passes,away,2022/2023,1,557,0.589968942146981,3.42542917195611,0.978683438675749,2.9614933250155e-07,1,0.0578313707043876,0,1,NotNormal
football,passes,diff,2022/2023,1,557,-0.103342303155287,2.87381846243052,0.997855063147721,0.709904157516018,0,0.0167486930217957,0.975,0,Normal
football,successful_passes,home,2022/2023,1,557,0.415399913024396,2.77710655755634,0.983834868256482,7.6084063147519e-06,1,0.0439101519228854,0.011,1,NotNormal
football,successful_passes,away,2022/2023,1,557,0.768886739654715,3.78309078670164,0.964654493516263,2.56326515568617e-10,1,0.0767120674252746,0,1,NotNormal
football,successful_passes,diff,2022/2023,1,557,-0.104928139814991,2.89248024455841,0.997835027433263,0.702168205713801,0,0.0232881906570637,0.676110260336907,0,Normal
football,op_passes,home,2022/2023,1,557,0.374088130770198,2.76693969524327,0.987015544145197,7.34392221264368e-05,1,0.0479873358637661,0.002,1,NotNormal
football,op_passes,away,2022/2023,1,557,0.662199613471347,3.60741246680874,0.973884569367172,2.0772771391897e-08,1,0.066848602602396,0,1,NotNormal
football,op_passes,diff,2022/2023,1,557,-0.0929286159400929,2.92016106700493,0.998063789857357,0.788258847340353,0,0.0203866964137915,0.857142857142857,0,Normal
football,successful_op_passes,home,2022/2023,1,557,0.503029502585808,2.89175189172648,0.978665680652916,2.93078939117564e-07,1,0.0546674612462856,0,1,NotNormal
football,successful_op_passes,away,2022/2023,1,557,0.862252853249927,4.10197606209625,0.95753422707967,1.38331568422245e-11,1,0.0787913033688362,0,1,NotNormal
football,successful_op_passes,diff,2022/2023,1,557,-0.0930111309059746,2.98903968306914,0.998046808996927,0.782099308280536,0,0.0253282346168958,0.539846615538513,0,Normal
football,passes_inside_box,home,2022/2023,1,557,0.634034822616934,3.22106628972456,0.965128640651957,3.15352077784326e-10,1,0.115688968884241,0,1,NotNormal
football,passes_inside_box,away,2022/2023,1,557,0.987399683578858,4.78702558526266,0.941310537223869,5.02931030155196e-14,1,0.108385693415235,0,1,NotNormal
football,passes_inside_box,diff,2022/2023,1,557,-0.0154193892680883,3.40647124068882,0.993040614407204,0.011014882412147,1,0.0576702510495866,0,1,NotNormal
football,successful_passes_inside_box,home,2022/2023,1,557,1.00072113738674,4.04013696170491,0.908815356531931,0,1,0.180589194464922,0,1,NotNormal
football,successful_passes_inside_box,away,2022/2023,1,557,1.23265363510951,5.44027414274167,0.886093206733987,0,1,0.176694127405157,0,1,NotNormal
football,successful_passes_inside_box,diff,2022/2023,1,557,0.0220216896897649,3.64302633402911,0.982813885285449,3.84816073184524e-06,1,0.0988433221725545,0,1,NotNormal
football,passes_into_box,home,2022/2023,1,557,0.496045997560769,3.20729075747877,0.983147104912533,4.796071946922e-06,1,0.0519913297538119,0.002,1,NotNormal
football,passes_into_box,away,2022/2023,1,557,0.580760028209013,3.22434180248012,0.976329088728815,7.73977727464015e-08,1,0.0620054587511282,0,1,NotNormal
football,passes_into_box,diff,2022/2023,1,557,-0.0684098312827787,3.13762214534855,0.997122098456141,0.437652017807839,0,0.0425936700353474,0.016,1,Close
football,successful_passes_into_box,home,2022/2023,1,557,0.552565916253161,3.32029164063356,0.976256959065481,7.43704509087451e-08,1,0.0869658647959798,0,1,NotNormal
football,successful_passes_into_box,away,2022/2023,1,557,0.77084034803162,3.83686763096712,0.960264997983667,4.07138767144488e-11,1,0.115981742872249,0,1,NotNormal
football,successful_passes_into_box,diff,2022/2023,1,557,-0.109742555055686,3.18229348660403,0.992326427967289,0.00577136866481986,1,0.0554949036653273,0,1,NotNormal
football,op_passes_into_box,home,2022/2023,1,557,0.677401284680383,3.80119328596192,0.972263497841285,9.03038344102214e-09,1,0.0625717322925753,0,1,NotNormal
football,op_passes_into_box,away,2022/2023,1,557,0.793472365207201,3.97027086654581,0.963745991061135,1.73158487548619e-10,1,0.0917064910278095,0,1,NotNormal
football,op_passes_into_box,diff,2022/2023,1,557,-0.0429924902817915,3.42286865989502,0.994695982408419,0.0511557694070591,0,0.0372771620002676,0.061,0,Normal
football,successful_op_passes_into_box,home,2022/2023,1,557,0.663872963947143,3.43358018606379,0.964488383847887,2.38474684444157e-10,1,0.0930434417351987,0,1,NotNormal
football,successful_op_passes_into_box,away,2022/2023,1,557,1.04299465275238,4.68685144614019,0.936274451835237,1.0991207943789e-14,1,0.135744988942392,0,1,NotNormal
football,successful_op_passes_into_box,diff,2022/2023,1,557,-0.235695743071958,3.48480555461703,0.988146505435372,0.000174334706137369,1,0.0758799712013364,0,1,NotNormal
football,passes_into_final_third,home,2022/2023,1,557,0.249072222315901,3.49302343430395,0.993993556142942,0.0265469348635637,1,0.0366096725521556,0.083,0,Close
football,passes_into_final_third,away,2022/2023,1,557,0.136245900644161,2.98529035447751,0.996518916057652,0.268767246427399,0,0.0397450106940965,0.024,1,Close
football,passes_into_final_third,diff,2022/2023,1,557,0.146024297336395,3.72945489504482,0.991633756981671,0.00312304383860218,1,0.0267773624529153,0.442385444743935,0,NotNormal
football,successful_passes_into_final_third,home,2022/2023,1,557,0.769229682636681,4.19863539969551,0.968301745088118,1.32350408410531e-09,1,0.0836694526256206,0,1,NotNormal
football,successful_passes_into_final_third,away,2022/2023,1,557,0.82376965282164,3.98812607534578,0.960928655493702,5.33095789734261e-11,1,0.0879738533438172,0,1,NotNormal
football,successful_passes_into_final_third,diff,2022/2023,1,557,0.0309520119174579,3.78116781644267,0.992941014392705,0.0100579651823026,1,0.0467755024603641,0.001,1,NotNormal
football,op_passes_into_final_third,home,2022/2023,1,557,0.420357993840316,3.75960273286997,0.987709657779193,0.000124354844869945,1,0.0424858475170947,0.017,1,NotNormal
football,op_passes_into_final_third,away,2022/2023,1,557,0.305236555312627,3.0660547986482,0.992435035103324,0.00636217439157416,1,0.046877148280265,0.004,1,NotNormal
football,op_passes_into_final_third,diff,2022/2023,1,557,0.0625716844068321,3.53799372083481,0.993704586621104,0.0202968715857514,1,0.0274615760058819,0.403460207612457,0,Close
football,successful_op_passes_into_final_third,home,2022/2023,1,557,0.857966064353202,4.34772118967714,0.961456980378048,6.62082610958237e-11,1,0.0716063829367217,0,1,NotNormal
football,successful_op_passes_into_final_third,away,2022/2023,1,557,0.981483263776301,4.36923961409223,0.94594388448656,2.22044604925031e-13,1,0.101334250528732,0,1,NotNormal
football,successful_op_passes_into_final_third,diff,2022/2023,1,557,-0.00904444505726709,3.71725612978689,0.99287058606163,0.00943324678646096,1,0.0386886745065637,0.043,1,NotNormal
football,passes_in_final_third,home,2022/2023,1,557,0.679653436831414,3.77008096011594,0.97324709529138,1.4917181712093e-08,1,0.068243463936736,0,1,NotNormal
football,passes_in_final_third,away,2022/2023,1,557,0.67141589646527,3.91139164221418,0.975200661174514,4.17839335353776e-08,1,0.054275480890189,0,1,NotNormal
football,passes_in_final_third,diff,2022/2023,1,557,0.0107935742963081,3.57082498787892,0.994777353410801,0.0551991655487085,0,0.0372573541509013,0.056,0,Normal
football,successful_passes_in_final_third,home,2022/2023,1,557,0.9884239998036,4.47221993537176,0.948342628177708,4.95492535890207e-13,1,0.0904977627203765,0,1,NotNormal
football,successful_passes_in_final_third,away,2022/2023,1,557,1.1585118471354,5.19008239549097,0.932957000571887,4.21884749357559e-15,1,0.0887929979136071,0,1,NotNormal
football,successful_passes_in_final_third,diff,2022/2023,1,557,0.00277876773138753,3.82266564404013,0.989953230274249,0.000744761280638162,1,0.056734336146554,0,1,NotNormal
football,passes_in_middle_third,home,2022/2023,1,557,0.730217539794955,3.67663112222171,0.96881978649202,1.68669211930705e-09,1,0.0652604343274923,0,1,NotNormal
football,passes_in_middle_third,away,2022/2023,1,557,0.884959728797529,4.28332209189583,0.957960016710758,1.63195013058726e-11,1,0.0802603882602032,0,1,NotNormal
football,passes_in_middle_third,diff,2022/2023,1,557,-0.0558731724610664,3.30586150160274,0.99752325467931,0.581477810600682,0,0.0262776881799615,0.47970479704797,0,Normal
football,successful_passes_in_middle_third,home,2022/2023,1,557,0.847671859275667,3.8254871549381,0.957432280748923,1.32985844558675e-11,1,0.0694007613618955,0,1,NotNormal
football,successful_passes_in_middle_third,away,2022/2023,1,557,1.05538047550247,4.7934881297566,0.941977732452728,6.20614670765463e-14,1,0.0904823538591141,0,1,NotNormal
football,successful_passes_in_middle_third,diff,2022/2023,1,557,-0.0431219823963825,3.33379312786656,0.997208962625171,0.466967300580526,0,0.0262482292391135,0.469156385461821,0,Normal
football,passes_in_own_third,home,2022/2023,1,557,0.825358647063883,4.06620378991019,0.961942749379935,8.09415867664143e-11,1,0.059754910916468,0,1,NotNormal
football,passes_in_own_third,away,2022/2023,1,557,0.618835175182902,3.11492212716006,0.972482341247183,1.00879823383693e-08,1,0.0662733837614124,0,1,NotNormal
football,passes_in_own_third,diff,2022/2023,1,557,0.0866324626108743,3.11426650888417,0.997844096378118,0.705672542782471,0,0.0219685675965348,0.75381850853549,0,Normal
football,successful_passes_in_own_third,home,2022/2023,1,557,0.708020765815843,3.68678275890555,0.968154532202033,1.23592469591927e-09,1,0.0647907803358119,0,1,NotNormal
football,successful_passes_in_own_third,away,2022/2023,1,557,0.653217810785756,3.08368408198211,0.966113831263595,4.87850870811712e-10,1,0.0786106495006833,0,1,NotNormal
football,successful_passes_in_own_third,diff,2022/2023,1,557,0.00119352293901512,2.92565890514701,0.998423967761872,0.902779146586895,0,0.0258082111625625,0.491122278056951,0,Normal
football,forward_passes,home,2022/2023,1,557,0.0975802771891546,3.3183350227048,0.994596293314023,0.0466026791558565,1,0.0367197628403324,0.063,0,Close
football,forward_passes,away,2022/2023,1,557,0.203285743781497,3.62449168991361,0.994401498122043,0.0388434673474005,1,0.0332909579250739,0.149700598802395,0,Close
football,forward_passes,diff,2022/2023,1,557,0.0834282686660803,3.37278188921697,0.996844799529242,0.35229742717323,0,0.0339440152888629,0.122239747634069,0,Normal
football,sideways_passes,home,2022/2023,1,557,0.43961583969946,2.79778868833389,0.982412262638036,2.95953533846482e-06,1,0.0512943555066775,0.001,1,NotNormal
football,sideways_passes,away,2022/2023,1,557,0.804640611621045,3.98469839610385,0.963975516234677,1.91084037481914e-10,1,0.070574250763817,0,1,NotNormal
football,sideways_passes,diff,2022/2023,1,557,-0.120438749472548,2.90479693698822,0.998119020495829,0.807931144507937,0,0.0191379847111023,0.914,0,Normal
football,backward_passes,home,2022/2023,1,557,0.522948535088083,3.43366655606823,0.983568620767108,6.35654196179392e-06,1,0.0471158533450846,0.004,1,NotNormal
football,backward_passes,away,2022/2023,1,557,0.697587206750126,3.42374794480016,0.968640304675458,1.55034751703198e-09,1,0.0798589068370656,0,1,NotNormal
football,backward_passes,diff,2022/2023,1,557,0.0183788154351732,3.25036614075954,0.997058554432164,0.416959458697743,0,0.0332063159748758,0.144546649145861,0,Normal
football,forward_passes_in_final_third,home,2022/2023,1,557,0.321237547318052,2.93689943207665,0.991396651808221,0.00253872302891467,1,0.0494959891834433,0.005,1,NotNormal
football,forward_passes_in_final_third,away,2022/2023,1,557,0.289199822020651,3.10531567377611,0.992675866908971,0.00790559250529543,1,0.0539061063942988,0,1,NotNormal
football,forward_passes_in_final_third,diff,2022/2023,1,557,0.0407146110768834,3.08319684490688,0.997875185285181,0.717649064346323,0,0.0261198212003468,0.48629679144385,0,Normal
football,sideways_passes_in_final_third,home,2022/2023,1,557,0.903380221131235,4.3443617707456,0.957362741345913,1.29461996678515e-11,1,0.0770439796287781,0,1,NotNormal
football,sideways_passes_in_final_third,away,2022/2023,1,557,1.02858228338496,4.83674649363211,0.946933102546085,3.08197911635943e-13,1,0.0780212631517609,0,1,NotNormal
football,sideways_passes_in_final_third,diff,2022/2023,1,557,0.007033651943213,3.68155583125124,0.993853321385453,0.0233007982131163,1,0.0378007449483221,0.065,0,Close
football,backward_passes_in_final_third,home,2022/2023,1,557,1.27211961462823,6.35129313188188,0.929020479278886,1.4432899320127e-15,1,0.108354674593012,0,1,NotNormal
football,backward_passes_in_final_third,away,2022/2023,1,557,1.13275906048848,5.14867143594992,0.935539694183987,8.88178419700125e-15,1,0.117238898126405,0,1,NotNormal
football,backward_passes_in_final_third,diff,2022/2023,1,557,0.212222771265209,4.02650890138752,0.989576853590057,0.000546253496307436,1,0.061161976569158,0,1,NotNormal
football,deep_completions,home,2022/2023,1,557,1.07618498167045,5.51938684009698,0.925767795285766,5.55111512312578e-16,1,0.144593960806506,0,1,NotNormal
football,deep_completions,away,2022/2023,1,557,1.13414887055321,5.1841441777763,0.915418547733965,0,1,0.140664553005572,0,1,NotNormal
football,deep_completions,diff,2022/2023,1,557,0.152168391309837,4.28398095980988,0.981986859416957,2.24842805596204e-06,1,0.0735929816937848,0,1,NotNormal
football,long_balls,home,2022/2023,1,557,0.06321968415075,3.15040443138288,0.996892328965833,0.366001542731749,0,0.0423326757564537,0.009,1,NotNormal
football,long_balls,away,2022/2023,1,557,0.189554373051974,3.39651896365012,0.993929753112922,0.0250166332342405,1,0.0322744132788029,0.175170068027211,0,Close
football,long_balls,diff,2022/2023,1,557,0.09686003718181,3.31743433718224,0.996068129918553,0.18123187448281,0,0.0235596607383723,0.672740795834883,0,Normal
football,successful_long_balls,home,2022/2023,1,557,0.555032599287671,3.60048660382175,0.980643786694108,9.64664097491408e-07,1,0.0791011659037989,0,1,NotNormal
football,successful_long_balls,away,2022/2023,1,557,0.659914361483727,3.48484749179332,0.971168137592848,5.22757914733774e-09,1,0.08121872661709,0,1,NotNormal
football,successful_long_balls,diff,2022/2023,1,557,0.0428039876995859,3.2730748590125,0.996984937590348,0.393815964032174,0,0.0445557601595867,0.017,1,Close
football,goalkeeper_long_balls,home,2022/2023,1,557,0.218950902621121,2.64194637271391,0.990703493632368,0.00139833120348787,1,0.0624781380186528,0,1,NotNormal
football,goalkeeper_long_balls,away,2022/2023,1,557,0.092706257094161,2.56343857964501,0.992965855813872,0.0102883335443639,1,0.0563589914915276,0,1,NotNormal
football,goalkeeper_long_balls,diff,2022/2023,1,557,0.0680324377430114,2.63041199914334,0.993747891174102,0.0211283622107936,1,0.0408992540931779,0.023,1,Close
football,goalkeeper_passes,home,2022/2023,1,557,0.656761971461131,3.73861697340592,0.97393403504279,2.1317634324447e-08,1,0.0800331545864974,0,1,NotNormal
football,goalkeeper_passes,away,2022/2023,1,557,1.0620384082236,6.6513398384759,0.95142658639283,1.44395606582748e-12,1,0.0664909488852141,0,1,NotNormal
football,goalkeeper_passes,diff,2022/2023,1,557,-0.185821018999909,4.04229746537639,0.990453885313738,0.00113190197886914,1,0.0471403209068252,0.004,1,NotNormal
football,crosses,home,2022/2023,1,557,0.83496192134445,4.04865051727201,0.958947476101654,2.40450992450292e-11,1,0.0871997141846643,0,1,NotNormal
football,crosses,away,2022/2023,1,557,0.7227513732879,3.41702240333234,0.960985463162356,5.45612444113885e-11,1,0.11362247819071,0,1,NotNormal
football,crosses,diff,2022/2023,1,557,0.165639184888653,3.22001900913935,0.995507963912132,0.108900085136112,0,0.0442645543297137,0.013,1,Close
football,successful_crosses,home,2022/2023,1,557,0.748447540132773,3.59518133192173,0.947641658330224,3.90909526970518e-13,1,0.141877966399965,0,1,NotNormal
football,successful_crosses,away,2022/2023,1,557,1.15882269249105,5.61008165004881,0.912111848049301,0,1,0.157502781874835,0,1,NotNormal
football,successful_crosses,diff,2022/2023,1,557,-0.145617374333977,3.80208161506873,0.986518179361127,5.07277811481188e-05,1,0.0864017887212306,0,1,NotNormal
football,dribbles,home,2022/2023,1,557,0.667833296250149,3.08339099986087,0.962731465358467,1.1255807397248e-10,1,0.120727952853457,0,1,NotNormal
football,dribbles,away,2022/2023,1,557,0.948594354607174,5.10641837265773,0.953247871808143,2.77478040544565e-12,1,0.0931645212599709,0,1,NotNormal
football,dribbles,diff,2022/2023,1,557,0.115731086643785,3.35128839466632,0.992343747303727,0.00586164571922043,1,0.0661089100814909,0,1,NotNormal
football,successful_dribbles,home,2022/2023,1,557,0.584233864148187,3.04216017104247,0.967248298294294,8.14319500719307e-10,1,0.113613652034406,0,1,NotNormal
football,successful_dribbles,away,2022/2023,1,557,0.714316504531709,3.6665599171477,0.960723079366241,4.90238960537681e-11,1,0.111553370127829,0,1,NotNormal
football,successful_dribbles,diff,2022/2023,1,557,0.113142728368157,3.11956343389578,0.992737616236877,0.0083603115584564,1,0.057015345443587,0,1,NotNormal
football,carries,home,2022/2023,1,557,0.360258681114427,2.70143000983902,0.987105896991938,7.85964690512841e-05,1,0.0540527120863937,0.001,1,NotNormal
football,carries,away,2022/2023,1,557,0.687601874578709,3.37931351229932,0.968596476959855,1.51883139398734e-09,1,0.0648006381314432,0,1,NotNormal
football,carries,diff,2022/2023,1,557,-0.0930200609573597,2.85913393053678,0.997362929543352,0.521599925282087,0,0.0322752266443578,0.187772925764192,0,Normal
football,carries_into_final_third,home,2022/2023,1,557,0.748822228892671,4.15929362559811,0.965883965219804,4.4032133494909e-10,1,0.0811754732935586,0,1,NotNormal
football,carries_into_final_third,away,2022/2023,1,557,0.79994850621476,3.97703650831448,0.960920106889934,5.31238386614064e-11,1,0.0915047377468907,0,1,NotNormal
football,carries_into_final_third,diff,2022/2023,1,557,0.106705998068805,3.56517128973827,0.993837867879599,0.0229686817592404,1,0.0427054139193271,0.013,1,Close
football,carries_into_box,home,2022/2023,1,557,0.814292543887703,3.64729696328747,0.947453427526941,3.66928709638614e-13,1,0.124265461987963,0,1,NotNormal
football,carries_into_box,away,2022/2023,1,557,0.69475922862676,3.07044679349888,0.94857184064755,5.35682609381638e-13,1,0.136609095505653,0,1,NotNormal
football,carries_into_box,diff,2022/2023,1,557,0.0945922261195962,3.0181150141439,0.992090089655013,0.00467349408803264,1,0.0734439927312132,0,1,NotNormal
football,progressive_carries,home,2022/2023,1,557,0.789413760322099,3.83426651773585,0.963673413598622,1.67861835542737e-10,1,0.0858286427575298,0,1,NotNormal
football,progressive_carries,away,2022/2023,1,557,0.817340350804143,3.8818011180728,0.960400410025804,4.30055990818801e-11,1,0.0871763429846439,0,1,NotNormal
football,progressive_carries,diff,2022/2023,1,557,0.163208245260298,3.20158728254803,0.993026155173344,0.0108703565269975,1,0.0720530438691625,0,1,NotNormal
football,deep_progressions,home,2022/2023,1,557,0.740823731983967,3.97390323816977,0.969612995042987,2.4568483913967e-09,1,0.0701235733145029,0,1,NotNormal
football,deep_progressions,away,2022/2023,1,557,0.938239345557041,4.63833198009958,0.954320221836744,4.10849132492785e-12,1,0.0901452929930789,0,1,NotNormal
football,deep_progressions,diff,2022/2023,1,557,0.0106584877446025,3.76652502482221,0.992151104662924,0.00493443172297958,1,0.0515125313337997,0.001,1,NotNormal
football,box_entries,home,2022/2023,1,557,0.53092753404796,3.07545824942716,0.977185770234477,1.24986156313511e-07,1,0.0780182863915629,0,1,NotNormal
football,box_entries,away,2022/2023,1,557,0.653617910136192,3.48345144760813,0.969077357035577,1.90456306281561e-09,1,0.0793964190172084,0,1,NotNormal
football,box_entries,diff,2022/2023,1,557,-0.0118976411791068,2.9943053803617,0.994431888382429,0.0399626166251821,1,0.0514882582587741,0.001,1,NotNormal
football,tackles,home,2022/2023,1,557,0.692308794832895,3.97880221080757,0.973259200399793,1.50106227447822e-08,1,0.072973197990259,0,1,NotNormal
football,tackles,away,2022/2023,1,557,0.590237251704392,3.57461740373061,0.977089521853268,1.1837517754909e-07,1,0.0834905844187671,0,1,NotNormal
football,tackles,diff,2022/2023,1,557,-0.186622804372599,3.41153364588403,0.994648360237855,0.0489278114893461,1,0.0506569137337033,0.002,1,NotNormal
football,successful_tackles,home,2022/2023,1,557,0.592242659976034,3.67590348573857,0.97643677253484,8.21587395893886e-08,1,0.0675335678408615,0,1,NotNormal
football,successful_tackles,away,2022/2023,1,557,0.559420035839354,3.61893935218165,0.979547183986956,4.94539901141344e-07,1,0.0741334869292386,0,1,NotNormal
football,successful_tackles,diff,2022/2023,1,557,-0.0479018513287215,3.45263041244052,0.994085144097727,0.0289112481425871,1,0.0411115711085729,0.022,1,Close
football,ball_recoveries,home,2022/2023,1,557,0.203917599551383,3.09464813869014,0.995158392718632,0.0787667980075618,0,0.0453441092450961,0.003,1,NotNormal
football,ball_recoveries,away,2022/2023,1,557,0.536487781439244,4.14881187989982,0.982128100016812,2.46230363176725e-06,1,0.0498815915197348,0.004,1,NotNormal
football,ball_recoveries,diff,2022/2023,1,557,-0.186978595363019,3.17255148423499,0.996344570504788,0.231294872044587,0,0.0397978209175356,0.034,1,Close
football,regains,home,2022/2023,1,557,0.111501146481816,3.06893381972269,0.996844570810339,0.3522324225473,0,0.0369230528887075,0.054,0,Normal
football,regains,away,2022/2023,1,557,0.422049697630879,4.0589113467252,0.987714476556123,0.000124815742214901,1,0.0416499006736869,0.023,1,NotNormal
football,regains,diff,2022/2023,1,557,-0.155747650364099,3.2350119583418,0.995546021055585,0.112785400897641,0,0.0311373366186596,0.221407624633431,0,Normal
football,regains_opposition_half,home,2022/2023,1,557,0.206930653606898,2.52725766799194,0.989366737305815,0.000460251028213343,1,0.062170580498628,0,1,NotNormal
football,regains_opposition_half,away,2022/2023,1,557,0.263159559529537,2.9825000232269,0.992642795357246,0.00767261147349652,1,0.0506468308824055,0.002,1,NotNormal
football,regains_opposition_half,diff,2022/2023,1,557,0.0452312298040814,2.60045662802787,0.995744383685676,0.135273672781054,0,0.0361067786831576,0.094,0,Normal
football,tackle_interceptions_opposition_half,home,2022/2023,1,557,0.910339111304821,4.3207920026237,0.949349730752297,6.99218460908924e-13,1,0.129203212680663,0,1,NotNormal
football,tackle_interceptions_opposition_half,away,2022/2023,1,557,0.786500169071235,3.6877471222971,0.954338142880009,4.13580281133363e-12,1,0.120974095473982,0,1,NotNormal
football,tackle_interceptions_opposition_half,diff,2022/2023,1,557,0.151768204994052,3.21840061193644,0.992932668387109,0.00998176368500481,1,0.0660056582409543,0,1,NotNormal
football,blocks,home,2022/2023,1,557,0.481299169122354,3.06886940371938,0.98062578671498,9.53988771645875e-07,1,0.0822463568644394,0,1,NotNormal
football,blocks,away,2022/2023,1,557,0.397198376272229,3.18929874454202,0.98618843428335,3.98247946804542e-05,1,0.0555360175613205,0,1,NotNormal
football,blocks,diff,2022/2023,1,557,0.0484913453550545,3.05886934549058,0.996912772547715,0.372015580105157,0,0.041508513410444,0.028,1,Close
football,pressures,home,2022/2023,1,557,0.716605164744269,3.42752166121868,0.966727013752159,6.42640607395606e-10,1,0.0709926204635831,0,1,NotNormal
football,pressures,away,2022/2023,1,557,0.82526875825452,4.11654072583955,0.963185624627709,1.36368472070103e-10,1,0.074262437962905,0,1,NotNormal
football,pressures,diff,2022/2023,1,557,0.126526789337882,3.65348968994204,0.992878197270047,0.00949879211517335,1,0.0300148225187344,0.256985799358681,0,NotNormal
football,pressures_opposition_half,home,2022/2023,1,557,0.881752910977023,3.7049900276017,0.950966159180518,1.22735155372311e-12,1,0.0913816199611848,0,1,NotNormal
football,pressures_opposition_half,away,2022/2023,1,557,0.932820857456746,3.89551319290122,0.947134902016828,3.29736238313671e-13,1,0.0980641536124146,0,1,NotNormal
football,pressures_opposition_half,diff,2022/2023,1,557,0.127935728461488,3.28044218790348,0.996194553945536,0.202778333475373,0,0.0405787511936349,0.035,1,Close
football,counterpressures,home,2022/2023,1,557,0.514017576981931,3.06505596978238,0.980678518311776,9.85616611548501e-07,1,0.0744621414549874,0,1,NotNormal
football,counterpressures,away,2022/2023,1,557,0.700713875197258,3.61492071850429,0.969829938114837,2.72586309080225e-09,1,0.0759879137353411,0,1,NotNormal
football,counterpressures,diff,2022/2023,1,557,-0.212658378432308,3.56598857201279,0.994162517706965,0.0310742036238399,1,0.0409339744674883,0.031,1,Close
football,counterpressures_opposition_half,home,2022/2023,1,557,0.588771017681642,3.2862166430943,0.976745884147248,9.75997979102416e-08,1,0.0775696241399003,0,1,NotNormal
football,counterpressures_opposition_half,away,2022/2023,1,557,0.523507229236467,3.07365564879152,0.979235276367242,4.10397758221492e-07,1,0.0849428012416188,0,1,NotNormal
football,counterpressures_opposition_half,diff,2022/2023,1,557,0.0146807011045414,3.02724433053301,0.996577158966335,0.282378605964984,0,0.0356628935998853,0.104,0,Normal
football,fouls,home,2022/2023,1,557,0.359174270896921,3.1832766957034,0.985041168861084,1.75024102171406e-05,1,0.0779800085073262,0,1,NotNormal
football,fouls,away,2022/2023,1,557,0.24306763516372,2.97025214416898,0.989195807708913,0.000400743602335885,1,0.0735639977786305,0,1,NotNormal
football,fouls,diff,2022/2023,1,557,0.133438812305797,3.03569245983578,0.994140746487712,0.0304495498775282,1,0.046434399570626,0.007,1,NotNormal
football,np_shots,home,2023/2024,1,557,0.509115396379474,3.24911028647246,0.979936526928464,6.25531356934772e-07,1,0.0895156934916391,0,1,NotNormal
football,np_shots,away,2023/2024,1,557,0.480202527924226,3.06198347926592,0.979450881877761,4.6679103349323e-07,1,0.078385908519832,0,1,NotNormal
football,np_shots,diff,2023/2024,1,557,-0.00925086763212796,2.85412464954644,0.996609651408619,0.290217050894939,0,0.0433197885775875,0.015,1,Close
football,shots,home,2023/2024,1,557,0.515951193713835,3.2625936878819,0.979372008214809,4.45276481797485e-07,1,0.0812488800317538,0,1,NotNormal
football,shots,away,2023/2024,1,557,0.46831563158276,3.04178899764495,0.980334497663366,7.97376584427134e-07,1,0.0830494372439682,0,1,NotNormal
football,shots,diff,2023/2024,1,557,-0.000156065003927213,2.81684803416713,0.996592435390576,0.286041872961242,0,0.041645197798894,0.029,1,Close
football,shots_inside_box,home,2023/2024,1,557,0.528114161335688,3.26886294099267,0.975971298366665,6.35429729944903e-08,1,0.0932605759890347,0,1,NotNormal
football,shots_inside_box,away,2023/2024,1,557,0.550806862418561,2.93235876032096,0.968085482440333,1.19694665290382e-09,1,0.113383741774796,0,1,NotNormal
football,shots_inside_box,diff,2023/2024,1,557,0.049560873570412,2.80745523080146,0.994851968689159,0.0591855906819384,0,0.049677106622618,0,1,NotNormal
football,shots_outside_box,home,2023/2024,1,557,0.723408618102902,3.45325714442053,0.953777761971122,3.36608518836101e-12,1,0.12916554295501,0,1,NotNormal
football,shots_outside_box,away,2023/2024,1,557,0.628676963322897,3.4853506234767,0.95732686784065,1.27682309170041e-11,1,0.121049858246458,0,1,NotNormal
football,shots_outside_box,diff,2023/2024,1,557,0.0868253727660996,3.30937662167293,0.990798994469229,0.00151683808996883,1,0.0755276311982709,0,1,NotNormal
football,penalties,home,2023/2024,1,557,2.96439098315141,11.0553599822982,0.344600027407517,0,1,0.528619236961787,0,1,NotNormal
football,penalties,away,2023/2024,1,557,3.48453374605553,14.3546233573918,0.288366374025223,0,1,0.535978816916669,0,1,NotNormal
football,penalties,diff,2023/2024,1,557,0.300859527339082,7.44036937921126,0.567786471043817,0,1,0.430088190287252,0,1,NotNormal
football,big_chances,home,2023/2024,1,557,1.28958201515316,4.95514851716585,0.821424324452309,0,1,0.227363659763366,0,1,NotNormal
football,big_chances,away,2023/2024,1,557,1.09201782320959,3.96002805093994,0.813264292942276,0,1,0.240106790865347,0,1,NotNormal
football,big_chances,diff,2023/2024,1,557,0.322158503368494,3.37266044335352,0.958064967523774,1.70009561983875e-11,1,0.165125142080244,0,1,NotNormal
football,corners,home,2023/2024,1,557,0.600751756398869,3.6677500076074,0.968047464890201,1.17603471405658e-09,1,0.108142899084579,0,1,NotNormal
football,corners,away,2023/2024,1,557,0.770729327576051,3.91059620962461,0.954007344676334,3.66162655751623e-12,1,0.121256766343617,0,1,NotNormal
football,corners,diff,2023/2024,1,557,0.00387941223365244,3.15160605880513,0.994531497935051,0.0438629182496023,1,0.0611046341409497,0,1,NotNormal
football,free_kicks,home,2023/2024,1,557,0.259096474987176,3.16409432282482,0.987058366237124,7.58379325125347e-05,1,0.072486378602167,0,1,NotNormal
football,free_kicks,away,2023/2024,1,557,0.16550155042977,3.04455074959745,0.990886801631303,0.00163501868974714,1,0.0692475558482557,0,1,NotNormal
football,free_kicks,diff,2023/2024,1,557,0.0773222487622739,3.22704135939142,0.99369246995137,0.0200702443276073,1,0.0558717468812613,0.001,1,NotNormal
football,set_pieces,home,2023/2024,1,557,0.167511000991289,3.00786249657345,0.996000525035278,0.1705841950523,0,0.0481063512745594,0.005,1,NotNormal
football,set_pieces,away,2023/2024,1,557,0.269362232627267,3.05940206850583,0.993826769657938,0.0227331398081971,1,0.0497618061066402,0.003,1,NotNormal
football,set_pieces,diff,2023/2024,1,557,-0.017939306339216,2.85474524835546,0.997350640721647,0.517125105657406,0,0.0435123269524919,0.016,1,Close
football,sp_shots,home,2023/2024,1,557,0.982426919687873,4.12120724130982,0.926133030443515,6.66133814775094e-16,1,0.162315359038388,0,1,NotNormal
football,sp_shots,away,2023/2024,1,557,0.980766814918601,4.10125451286641,0.918117673984247,1.11022302462516e-16,1,0.173229706008547,0,1,NotNormal
football,sp_shots,diff,2023/2024,1,557,-0.0557764010074732,3.47444370763139,0.987676051609098,0.000121189545891576,1,0.0773087195978258,0,1,NotNormal
football,op_shots,home,2023/2024,1,557,0.448011596493737,2.92370016102831,0.979324048931155,4.32702974784149e-07,1,0.0972188887520679,0,1,NotNormal
football,op_shots,away,2023/2024,1,557,0.495362990749388,2.9103220494323,0.973544662847274,1.74005025943558e-08,1,0.0968141625404386,0,1,NotNormal
football,op_shots,diff,2023/2024,1,557,0.0670867665262667,2.70031838966443,0.994675637688715,0.0501918335512501,0,0.0487320880332144,0.002,1,NotNormal
football,passes,home,2023/2024,1,557,0.316057812762929,2.62177340257517,0.98719743384623,8.42082736057792e-05,1,0.0488636938202287,0.002,1,NotNormal
football,passes,away,2023/2024,1,557,0.545994976876779,3.34993655629624,0.980056599354403,6.72875897000935e-07,1,0.0581852392838501,0,1,NotNormal
football,passes,diff,2023/2024,1,557,-0.106782711663213,2.72551672272137,0.995680212146027,0.1275697372401,0,0.0398847351731541,0.035,1,Close
football,successful_passes,home,2023/2024,1,557,0.367708662255667,2.65276784110254,0.983339258508689,5.45083566316773e-06,1,0.0548081063841018,0,1,NotNormal
football,successful_passes,away,2023/2024,1,557,0.628278742304758,3.51150700043634,0.974439650380517,2.78225609218197e-08,1,0.0573060020325539,0,1,NotNormal
football,successful_passes,diff,2023/2024,1,557,-0.105472989133347,2.73127345399207,0.995038541439008,0.0704455262885804,0,0.0435944484585119,0.017,1,Close
football,op_passes,home,2023/2024,1,557,0.364343233335045,2.67431675046085,0.984863512201911,1.54511322488782e-05,1,0.0510468953740687,0.002,1,NotNormal
football,op_passes,away,2023/2024,1,557,0.589913412933511,3.44650953957245,0.97716951021409,1.23842820998199e-07,1,0.0641857744519503,0,1,NotNormal
football,op_passes,diff,2023/2024,1,557,-0.096762010404321,2.73831652356164,0.995433727384533,0.10168814051234,0,0.0409482760705612,0.03,1,Close
football,successful_op_passes,home,2023/2024,1,557,0.438121203267422,2.74536596742309,0.979861123317288,5.97589379314201e-07,1,0.0616588389694746,0,1,NotNormal
football,successful_op_passes,away,2023/2024,1,557,0.699061268118059,3.72053806758762,0.969927975884754,2.85733559035606e-09,1,0.0621065599757579,0,1,NotNormal
football,successful_op_passes,diff,2023/2024,1,557,-0.090243514794436,2.79062639684915,0.995338586159985,0.0931170836112469,0,0.0374081436609499,0.048,1,Close
football,passes_inside_box,home,2023/2024,1,557,1.1149544249663,5.04469459393041,0.933952361848483,5.55111512312578e-15,1,0.120655895632379,0,1,NotNormal
football,passes_inside_box,away,2023/2024,1,557,1.43669522572379,6.52800441790741,0.902064631466059,0,1,0.122372397098002,0,1,NotNormal
football,passes_inside_box,diff,2023/2024,1,557,0.0776473453286262,4.18082432391448,0.984664970203847,1.34528107138543e-05,1,0.0644696288358124,0,1,NotNormal
football,successful_passes_inside_box,home,2023/2024,1,557,1.21114327623099,4.94359360966893,0.894997454624806,0,1,0.172827445570423,0,1,NotNormal
football,successful_passes_inside_box,away,2023/2024,1,557,1.76478687533476,8.60373639776862,0.847510360564239,0,1,0.190147588084802,0,1,NotNormal
football,successful_passes_inside_box,diff,2023/2024,1,557,-0.0203390127858689,4.18303412996548,0.977914512629727,1.89407110329221e-07,1,0.0929009619281422,0,1,NotNormal
football,passes_into_box,home,2023/2024,1,557,0.631712557939341,3.53552717228476,0.975608137230805,5.21029290823094e-08,1,0.0773735639907668,0,1,NotNormal
football,passes_into_box,away,2023/2024,1,557,0.527792487349463,3.15154796709645,0.979093672788718,3.7726934409843e-07,1,0.0669828851349756,0,1,NotNormal
football,passes_into_box,diff,2023/2024,1,557,0.147289223845346,3.2013025133109,0.995610966424681,0.119724100611819,0,0.041523118403388,0.028,1,Close
football,successful_passes_into_box,home,2023/2024,1,557,0.720653471128664,3.64736170235589,0.966148516175967,4.95473884143394e-10,1,0.0983046572618989,0,1,NotNormal
football,successful_passes_into_box,away,2023/2024,1,557,0.852224217192487,4.62276760852269,0.956972169859936,1.11397557844839e-11,1,0.110884552893077,0,1,NotNormal
football,successful_passes_into_box,diff,2023/2024,1,557,0.0252759032085407,3.6786224832356,0.993633968431121,0.0190118032081832,1,0.0442753063050777,0.012,1,Close
football,op_passes_into_box,home,2023/2024,1,557,0.841075004449799,4.12923389789535,0.961262566119434,6.11205530631764e-11,1,0.076776595360751,0,1,NotNormal
football,op_passes_into_box,away,2023/2024,1,557,0.629800884210822,3.30338780420398,0.972688934613696,1.12051784517675e-08,1,0.0726319012402431,0,1,NotNormal
football,op_passes_into_box,diff,2023/2024,1,557,0.211934649279337,3.35710524398667,0.993536315945758,0.0173702093698443,1,0.0494853226888368,0.001,1,NotNormal
football,successful_op_passes_into_box,home,2023/2024,1,557,0.806505267790543,3.7417498424672,0.955941712548495,7.52531370551424e-12,1,0.114545988565207,0,1,NotNormal
football,successful_op_passes_into_box,away,2023/2024,1,557,1.01913857152327,5.21013931624618,0.943032922730358,8.65973959207622e-14,1,0.115089455654671,0,1,NotNormal
football,successful_op_passes_into_box,diff,2023/2024,1,557,-0.0384511955035041,3.79628019572131,0.991629000539522,0.00311004456641084,1,0.0599730523901061,0,1,NotNormal
football,passes_into_final_third,home,2023/2024,1,557,0.404806358593446,3.05923009484284,0.988452923932535,0.000221618432429627,1,0.0557782441549187,0,1,NotNormal
football,passes_into_final_third,away,2023/2024,1,557,0.0975936345776314,2.92793490544318,0.996792949795583,0.33779216142984,0,0.0397854576754052,0.042,1,Close
football,passes_into_final_third,diff,2023/2024,1,557,0.281135373889757,3.27472751041923,0.99217301129106,0.00503175425902214,1,0.0549192972767223,0,1,NotNormal
football,successful_passes_into_final_third,home,2023/2024,1,557,0.965931755542065,4.14495062975737,0.946748576832218,2.89879231729628e-13,1,0.0971667286927212,0,1,NotNormal
football,successful_passes_into_final_third,away,2023/2024,1,557,0.902964983754509,4.80688583171845,0.959203773675442,2.66160427031537e-11,1,0.0783017114274484,0,1,NotNormal
football,successful_passes_into_final_third,diff,2023/2024,1,557,0.219708438826116,3.42818682877329,0.992030607700758,0.00443283256027482,1,0.0525599495962388,0,1,NotNormal
football,op_passes_into_final_third,home,2023/2024,1,557,0.515993074222049,3.15810951329771,0.981734818453733,1.91360644485883e-06,1,0.0598269001629023,0,1,NotNormal
football,op_passes_into_final_third,away,2023/2024,1,557,0.244618698001092,3.30598057004235,0.993805511302288,0.0222888028518452,1,0.0350807243052682,0.108821104699093,0,Close
football,op_passes_into_final_third,diff,2023/2024,1,557,0.213890366408797,3.17899223229998,0.994414272313361,0.0393099987215733,1,0.0430790356034717,0.013,1,Close
football,successful_op_passes_into_final_third,home,2023/2024,1,557,0.977468978279573,4.10429064884463,0.943953731729272,1.16129328375791e-13,1,0.114613515698082,0,1,NotNormal
football,successful_op_passes_into_final_third,away,2023/2024,1,557,0.981251406978141,4.79819094031551,0.951782516738166,1.63846713974181e-12,1,0.0877631653870098,0,1,NotNormal
football,successful_op_passes_into_final_third,diff,2023/2024,1,557,0.19239311415348,3.36976710243524,0.993767033478306,0.021506894046775,1,0.0477206195055864,0.003,1,NotNormal
football,passes_in_final_third,home,2023/2024,1,557,1.10913394371192,4.66594254476557,0.934539732973589,6.55031584528842e-15,1,0.0949390082959098,0,1,NotNormal
football,passes_in_final_third,away,2023/2024,1,557,0.973411521882161,5.31230810350562,0.955344572528271,6.01174665604276e-12,1,0.0699714328232299,0,1,NotNormal
football,passes_in_final_third,diff,2023/2024,1,557,0.244793063213639,3.88235419005279,0.986947600273128,6.97945581309423e-05,1,0.0575016347348206,0,1,NotNormal
football,successful_passes_in_final_third,home,2023/2024,1,557,1.2455151471068,5.04244932578034,0.918911831692162,1.11022302462516e-16,1,0.0990677855348034,0,1,NotNormal
football,successful_passes_in_final_third,away,2023/2024,1,557,1.39953202847861,6.7712262435722,0.917648043129121,1.11022302462516e-16,1,0.0897069361857444,0,1,NotNormal
football,successful_passes_in_final_third,diff,2023/2024,1,557,0.233244043898588,4.08190231254052,0.984505168501998,1.20412306948703e-05,1,0.0504232931301498,0.003,1,NotNormal
football,passes_in_middle_third,home,2023/2024,1,557,0.724678492298033,3.59106812840566,0.967699988002953,1.00164976313266e-09,1,0.0631327985560561,0,1,NotNormal
football,passes_in_middle_third,away,2023/2024,1,557,0.956652466656739,4.74334986190327,0.953485453035168,3.02524671980109e-12,1,0.0867537353046121,0,1,NotNormal
football,passes_in_middle_third,diff,2023/2024,1,557,-0.0291133596063637,3.17244779596078,0.997969924078108,0.753657513239654,0,0.0239233461901057,0.624555160142349,0,Normal
football,successful_passes_in_middle_third,home,2023/2024,1,557,0.814128062360152,3.73382330177026,0.958838290214422,2.3029689266707e-11,1,0.0716522969344167,0,1,NotNormal
football,successful_passes_in_middle_third,away,2023/2024,1,557,1.07385103855443,5.0138034228406,0.941137816340309,4.77395900588817e-14,1,0.0926556435537689,0,1,NotNormal
football,successful_passes_in_middle_third,diff,2023/2024,1,557,-0.015476357091901,3.22081492154046,0.997380233332322,0.527931575593069,0,0.0256136246631491,0.521521521521522,0,Normal
football,passes_in_own_third,home,2023/2024,1,557,0.644143571676213,3.6924741004667,0.975106392697379,3.97158073095483e-08,1,0.0628910730797476,0,1,NotNormal
football,passes_in_own_third,away,2023/2024,1,557,0.360627415515929,2.97535651335189,0.989992179192764,0.000769215672621004,1,0.0442098760152695,0.014,1,NotNormal
football,passes_in_own_third,diff,2023/2024,1,557,-0.0917870890504956,2.89517531083282,0.997420464138109,0.542785033519634,0,0.0274787826930212,0.391471513456833,0,Normal
football,successful_passes_in_own_third,home,2023/2024,1,557,0.469295020897906,3.29285183749033,0.983284347166743,5.25470601087097e-06,1,0.0516180025288182,0.002,1,NotNormal
football,successful_passes_in_own_third,away,2023/2024,1,557,0.295785338977391,2.89741264349215,0.991490144898381,0.00275426758677988,1,0.0287329602020157,0.327832783278328,0,NotNormal
football,successful_passes_in_own_third,diff,2023/2024,1,557,-0.174386817447414,2.76286839446691,0.994834748646253,0.0582409300038588,0,0.0405358081495339,0.028,1,Close
football,forward_passes,home,2023/2024,1,557,0.121742570820814,3.02661153941392,0.996418990540644,0.246701700016834,0,0.036041908666366,0.075,0,Normal
football,forward_passes,away,2023/2024,1,557,0.164473665056807,2.59066902315662,0.993635752469523,0.0190432240733115,1,0.0454829676635103,0.003,1,NotNormal
football,forward_passes,diff,2023/2024,1,557,-0.134118047197799,2.87552122684867,0.997079825876975,0.423813579822169,0,0.0332193533294014,0.158860759493671,0,Normal
football,sideways_passes,home,2023/2024,1,557,0.329233319133757,2.58346913826485,0.984380000629848,1.10440519441868e-05,1,0.0502270718263097,0.003,1,NotNormal
football,sideways_passes,away,2023/2024,1,557,0.578546316535463,3.20755274607143,0.976411967493036,8.10356093339237e-08,1,0.0707057310132326,0,1,NotNormal
football,sideways_passes,diff,2023/2024,1,557,-0.101862676486813,2.67535464526006,0.995805924421411,0.14307225052681,0,0.0421756038680036,0.021,1,Close
football,backward_passes,home,2023/2024,1,557,0.632278486599653,3.50856711694738,0.976134729912645,6.95192320376847e-08,1,0.0718124229672228,0,1,NotNormal
football,backward_passes,away,2023/2024,1,557,0.939846195140356,5.01938584152636,0.956440286236766,9.09117225944556e-12,1,0.0630337666711356,0,1,NotNormal
football,backward_passes,diff,2023/2024,1,557,-0.0874182945886764,3.45655609276214,0.995569819939065,0.115282198833604,0,0.0253477790046371,0.532754010695187,0,Normal
football,forward_passes_in_final_third,home,2023/2024,1,557,0.402202003087487,2.94636538061063,0.987016227870019,7.34768925721996e-05,1,0.0553922424461905,0.001,1,NotNormal
football,forward_passes_in_final_third,away,2023/2024,1,557,0.186038830316855,2.86250053831923,0.995303927855998,0.0901723115113791,0,0.0428685982502574,0.015,1,Close
football,forward_passes_in_final_third,diff,2023/2024,1,557,0.252147644900433,3.22102215315762,0.994309534412515,0.0356452228570617,1,0.0408440037361633,0.019,1,Close
football,sideways_passes_in_final_third,home,2023/2024,1,557,1.16027816268352,4.88842650390803,0.929950652596248,1.77635683940025e-15,1,0.0894510281393019,0,1,NotNormal
football,sideways_passes_in_final_third,away,2023/2024,1,557,1.20341273964548,5.83013586954023,0.934748225528069,6.99440505513849e-15,1,0.0756307018654293,0,1,NotNormal
football,sideways_passes_in_final_third,diff,2023/2024,1,557,0.202628130612664,3.93665562706696,0.987340390885268,9.3824234832951e-05,1,0.0510386725135532,0.003,1,NotNormal
football,backward_passes_in_final_third,home,2023/2024,1,557,1.22214199055147,5.61379859695665,0.928495358081595,1.22124532708767e-15,1,0.101510597156022,0,1,NotNormal
football,backward_passes_in_final_third,away,2023/2024,1,557,1.34109797778897,7.00958434504493,0.925615989279016,5.55111512312578e-16,1,0.102299979341825,0,1,NotNormal
football,backward_passes_in_final_third,diff,2023/2024,1,557,0.155298492896179,4.47527442404977,0.985903902121769,3.23870969843876e-05,1,0.0520665872379749,0.002,1,NotNormal
football,deep_completions,home,2023/2024,1,557,0.944453433182351,4.2923423765567,0.93420068857732,5.99520433297585e-15,1,0.12861111440909,0,1,NotNormal
football,deep_completions,away,2023/2024,1,557,1.66290525839752,7.83135660499075,0.869076953512697,0,1,0.173330792599444,0,1,NotNormal
football,deep_completions,diff,2023/2024,1,557,-0.266824188286605,4.52415631330996,0.978894611469336,3.35346331925557e-07,1,0.088341372937383,0,1,NotNormal
football,long_balls,home,2023/2024,1,557,0.251070931657901,2.58209459727949,0.990032012582624,0.000795091675238724,1,0.0622907958410877,0,1,NotNormal
football,long_balls,away,2023/2024,1,557,0.3461284289391,2.87211642070664,0.988164174500247,0.000176751910031414,1,0.0711656158255122,0,1,NotNormal
football,long_balls,diff,2023/2024,1,557,-0.210207325960143,2.8445212635577,0.993716401625244,0.0205203681934454,1,0.0376459742949931,0.064,0,Close
football,successful_long_balls,home,2023/2024,1,557,0.602470803899294,3.32279363403054,0.975098692931242,3.95516706053201e-08,1,0.0752588636014476,0,1,NotNormal
football,successful_long_balls,away,2023/2024,1,557,0.584759729497008,3.58689354816991,0.979428251702612,4.60509332889103e-07,1,0.0653516986415306,0,1,NotNormal
football,successful_long_balls,diff,2023/2024,1,557,0.0748773810050489,2.97374093629438,0.998381375376233,0.8912380855136,0,0.034786021893875,0.101,0,Normal
football,goalkeeper_long_balls,home,2023/2024,1,557,0.595988621957154,2.84533724380814,0.966704208888551,6.36051988855968e-10,1,0.0889344462418455,0,1,NotNormal
football,goalkeeper_long_balls,away,2023/2024,1,557,0.378798803888504,2.56582869059868,0.979936293390532,6.25442740598281e-07,1,0.0607633682613996,0,1,NotNormal
football,goalkeeper_long_balls,diff,2023/2024,1,557,0.106542895523603,2.65028119367646,0.9944472221965,0.0405395415234797,1,0.034154788840987,0.108,0,Close
football,goalkeeper_passes,home,2023/2024,1,557,1.0115080566594,5.68211260545327,0.953384980061713,2.91655588569029e-12,1,0.095401913816639,0,1,NotNormal
football,goalkeeper_passes,away,2023/2024,1,557,0.894500669422021,4.65634514165771,0.959396330682508,2.87346813010458e-11,1,0.0812082816281247,0,1,NotNormal
football,goalkeeper_passes,diff,2023/2024,1,557,-0.0481481234222628,3.54503144497598,0.994050705905104,0.0279981735193128,1,0.0382994127819879,0.054,0,Close
football,crosses,home,2023/2024,1,557,0.878274484418782,4.79864170675864,0.958946344942197,2.40343300816903e-11,1,0.0917984155663373,0,1,NotNormal
football,crosses,away,2023/2024,1,557,0.69107202239217,3.25818086714414,0.96210910608914,8.67397265125192e-11,1,0.092480699340972,0,1,NotNormal
football,crosses,diff,2023/2024,1,557,0.182629205619528,3.37532329580321,0.994360972994462,0.0373999686214093,1,0.0348515318763152,0.116129032258065,0,Close
football,successful_crosses,home,2023/2024,1,557,0.868281764835444,4.44158734684237,0.941112257179117,4.72955008490317e-14,1,0.150165445595928,0,1,NotNormal
football,successful_crosses,away,2023/2024,1,557,0.875621895080914,3.64775756306975,0.923703984489348,3.33066907387547e-16,1,0.163360970246936,0,1,NotNormal
football,successful_crosses,diff,2023/2024,1,557,0.143006577662476,3.36824662317303,0.987961624670562,0.000151016373794111,1,0.0754647040425835,0,1,NotNormal
football,dribbles,home,2023/2024,1,557,0.515055787177388,3.21042350825587,0.979388403484065,4.49661836543491e-07,1,0.0943898525718661,0,1,NotNormal
football,dribbles,away,2023/2024,1,557,0.585400826396754,3.3478195339717,0.974668536350013,3.14189696482003e-08,1,0.0836430621936911,0,1,NotNormal
football,dribbles,diff,2023/2024,1,557,-0.095686156422036,3.17034523042723,0.994304599665542,0.0354813043789401,1,0.0599675390173082,0,1,NotNormal
football,successful_dribbles,home,2023/2024,1,557,0.403592197940329,2.82895532346382,0.974814097556488,3.39555800143998e-08,1,0.101696732670302,0,1,NotNormal
football,successful_dribbles,away,2023/2024,1,557,0.736858180935164,3.77166354929091,0.960423993694779,4.34182689801332e-11,1,0.107298046239482,0,1,NotNormal
football,successful_dribbles,diff,2023/2024,1,557,-0.113855238470642,3.32582966313608,0.992525878631344,0.00690417315779235,1,0.0716133279820698,0,1,NotNormal
football,carries,home,2023/2024,1,557,0.348138087883296,2.67149877365254,0.984610179260439,1.29502970098727e-05,1,0.0483074037537913,0.005,1,NotNormal
football,carries,away,2023/2024,1,557,0.454382287629758,2.91941113818423,0.983044435396122,4.48043055423231e-06,1,0.0527169846688003,0.002,1,NotNormal
football,carries,diff,2023/2024,1,557,-0.0455317431273768,2.68091031739861,0.996155831805697,0.195945631825361,0,0.0337353819720995,0.131241084165478,0,Normal
football,carries_into_final_third,home,2023/2024,1,557,0.560651957965099,3.21690486708142,0.976189470746449,7.16497152719597e-08,1,0.0730818628974161,0,1,NotNormal
football,carries_into_final_third,away,2023/2024,1,557,0.817751485555152,4.20999775543324,0.961046950556118,5.59505775044045e-11,1,0.0800150207038427,0,1,NotNormal
football,carries_into_final_third,diff,2023/2024,1,557,-0.156572529861343,3.35812851002399,0.994152839663949,0.0307949396576103,1,0.0550340195883949,0.001,1,NotNormal
football,carries_into_box,home,2023/2024,1,557,0.58645533930073,3.06854772676832,0.964511727451984,2.40903186288222e-10,1,0.115719171281997,0,1,NotNormal
football,carries_into_box,away,2023/2024,1,557,0.951680497952325,4.47862162266541,0.942957134899566,8.44879721739744e-14,1,0.115319295373524,0,1,NotNormal
football,carries_into_box,diff,2023/2024,1,557,-0.124032723002022,3.39415517822873,0.992393226471159,0.00612767745607934,1,0.0542624263583448,0,1,NotNormal
football,progressive_carries,home,2023/2024,1,557,0.577127238434162,3.50165452596832,0.978214506843859,2.25256931773998e-07,1,0.0758156149596868,0,1,NotNormal
football,progressive_carries,away,2023/2024,1,557,0.897564009250595,4.41970246799864,0.956579577846659,9.5865537730333e-12,1,0.0887911025309716,0,1,NotNormal
football,progressive_carries,diff,2023/2024,1,557,-0.16218733955487,3.52955337136646,0.994836116960206,0.0583154427328001,0,0.0389994675223797,0.045,1,Close
football,deep_progressions,home,2023/2024,1,557,0.821857279127137,3.67346747750638,0.958278409840725,1.84797732671882e-11,1,0.0962924391262094,0,1,NotNormal
football,deep_progressions,away,2023/2024,1,557,1.00094937817893,5.28007086162489,0.952906664155757,2.45203857218712e-12,1,0.0812744349619771,0,1,NotNormal
football,deep_progressions,diff,2023/2024,1,557,0.0840327509556003,3.47305677072743,0.993415793953337,0.0155420161381443,1,0.0447811283765965,0.007,1,NotNormal
football,box_entries,home,2023/2024,1,557,0.660068495316266,3.50653647144767,0.972437173242206,9.85958403809661e-09,1,0.0805827966757776,0,1,NotNormal
football,box_entries,away,2023/2024,1,557,0.772252703884303,3.96711931070138,0.965589897559891,3.86447984723759e-10,1,0.094673543524238,0,1,NotNormal
football,box_entries,diff,2023/2024,1,557,0.0295882732413372,3.44759693683805,0.995657247064121,0.124915135008877,0,0.039695440286149,0.031,1,Close
football,tackles,home,2023/2024,1,557,0.563729646588967,3.62440646289887,0.978314170834891,2.38679541686437e-07,1,0.0627577213686042,0,1,NotNormal
football,tackles,away,2023/2024,1,557,0.477773712054533,3.4144129239393,0.984017930791063,8.61667924878518e-06,1,0.076093613731123,0,1,NotNormal
football,tackles,diff,2023/2024,1,557,0.0395008287553527,3.36851951933741,0.995204229983644,0.0821978910965124,0,0.0469073002847514,0.006,1,NotNormal
football,successful_tackles,home,2023/2024,1,557,0.453034690537503,3.3074383894764,0.983501473569835,6.07616661918442e-06,1,0.0881789968810204,0,1,NotNormal
football,successful_tackles,away,2023/2024,1,557,0.538602556242055,3.52167660095404,0.980409634262915,8.35012831101878e-07,1,0.0797398837076013,0,1,NotNormal
football,successful_tackles,diff,2023/2024,1,557,0.0552351231314005,3.10642157904731,0.996539587917724,0.273534163570936,0,0.0462777738156027,0.005,1,NotNormal
football,ball_recoveries,home,2023/2024,1,557,0.215873295839019,2.98899629240535,0.994846983142589,0.0589105394278273,0,0.0481485902335539,0.006,1,NotNormal
football,ball_recoveries,away,2023/2024,1,557,0.204467379532709,2.71994655823146,0.990627087818565,0.00131046920336431,1,0.0728133289060363,0,1,NotNormal
football,ball_recoveries,diff,2023/2024,1,557,0.143387838942614,2.93542655026551,0.996291720859991,0.220869023727611,0,0.0363185139476038,0.085,0,Normal
football,regains,home,2023/2024,1,557,0.139571653266786,2.93279797498376,0.996135896373541,0.192509296757533,0,0.0403358174467598,0.028,1,Close
football,regains,away,2023/2024,1,557,0.240518316435438,2.70627497627661,0.993249994422375,0.0133434592195191,1,0.046487424579133,0.003,1,NotNormal
football,regains,diff,2023/2024,1,557,-0.0260159255391898,2.99014299954382,0.997550819179179,0.592006212778637,0,0.0286109571303137,0.342835986671603,0,Normal
football,regains_opposition_half,home,2023/2024,1,557,0.400331430481252,3.18543979464711,0.987109669652211,7.88198643009164e-05,1,0.0479476840116321,0.005,1,NotNormal
football,regains_opposition_half,away,2023/2024,1,557,0.222077548212746,2.8790176202787,0.992666298275939,0.00783744382660423,1,0.0457683221294885,0.003,1,NotNormal
football,regains_opposition_half,diff,2023/2024,1,557,0.176496000483812,2.80001786567505,0.995718495663429,0.132114276459163,0,0.032007626429173,0.193286410395236,0,Normal
football,tackle_interceptions_opposition_half,home,2023/2024,1,557,0.645770966463453,3.38074718712266,0.964342091738342,2.23824736522715e-10,1,0.109688142282395,0,1,NotNormal
football,tackle_interceptions_opposition_half,away,2023/2024,1,557,0.407405576984849,2.83707887077636,0.974420213122771,2.75376184077913e-08,1,0.1217582214429,0,1,NotNormal
football,tackle_interceptions_opposition_half,diff,2023/2024,1,557,0.125116469019673,2.93231055301207,0.992502432259846,0.00675987783290655,1,0.0531145546653907,0.001,1,NotNormal
football,blocks,home,2023/2024,1,557,0.423889119040837,3.10854178273748,0.985440578994688,2.32232356286444e-05,1,0.0697761469829259,0,1,NotNormal
football,blocks,away,2023/2024,1,557,0.347425840140712,3.28498964816577,0.988242814663888,0.000187942187161227,1,0.0631511073282096,0,1,NotNormal
football,blocks,diff,2023/2024,1,557,0.0491456153503873,2.79729336852662,0.995581172196627,0.116491733916955,0,0.0475573631697864,0.003,1,NotNormal
football,pressures,home,2023/2024,1,557,0.323267726262913,3.00855108576147,0.991735439685295,0.00341483229113348,1,0.0261116414625974,0.463520749665328,0,NotNormal
football,pressures,away,2023/2024,1,557,0.307767475849153,2.96885859911393,0.992577658308088,0.00723420534836483,1,0.0407050565883964,0.027,1,NotNormal
football,pressures,diff,2023/2024,1,557,0.00104667082067466,2.78986659934625,0.998067394608065,0.789560046150434,0,0.0306886668760468,0.245291685806155,0,Normal
football,pressures_opposition_half,home,2023/2024,1,557,0.461966982949264,3.45486636373836,0.986808111613204,6.28915927414209e-05,1,0.0467237703009664,0.004,1,NotNormal
football,pressures_opposition_half,away,2023/2024,1,557,0.648785251722523,3.6545541451769,0.976382205772197,7.97091566084873e-08,1,0.0587462394070592,0,1,NotNormal
football,pressures_opposition_half,diff,2023/2024,1,557,0.031388942341367,3.0661131148884,0.996983789679146,0.393462269424311,0,0.0306030544020235,0.23136495643756,0,Normal
football,counterpressures,home,2023/2024,1,557,0.55804883755069,3.8429395785025,0.979013986535354,3.59865883758914e-07,1,0.0843831699432253,0,1,NotNormal
football,counterpressures,away,2023/2024,1,557,0.39470394145018,3.03302386681644,0.9880377799046,0.000160200405237787,1,0.0671681970432838,0,1,NotNormal
football,counterpressures,diff,2023/2024,1,557,0.144978044729003,3.14430941489706,0.995518591077018,0.109971911704761,0,0.0390050626489866,0.038,1,Close
football,counterpressures_opposition_half,home,2023/2024,1,557,0.530943824126957,3.49129138212315,0.982215750335291,2.60562304021938e-06,1,0.071100468266174,0,1,NotNormal
football,counterpressures_opposition_half,away,2023/2024,1,557,0.478110369230338,3.15383137299067,0.980831570743575,1.08377008678495e-06,1,0.0640547562564042,0,1,NotNormal
football,counterpressures_opposition_half,diff,2023/2024,1,557,0.0536036166133765,2.99403122636636,0.996839949275226,0.350920861792981,0,0.0342501522853406,0.095,0,Normal
football,fouls,home,2023/2024,1,557,0.233872171748213,3.48827845237944,0.988378238900544,0.000208979081157912,1,0.0658005588098797,0,1,NotNormal
football,fouls,away,2023/2024,1,557,0.203437439580815,2.75104767121221,0.98804345528283,0.00016090777244715,1,0.0654491340363629,0,1,NotNormal
football,fouls,diff,2023/2024,1,557,0.0812503565488418,3.02317202260935,0.99605915419911,0.179784081434204,0,0.0482302797187593,0.004,1,NotNormal
football,np_shots,home,2024/2025,1,557,0.466570789205045,3.21188655364002,0.981936882955598,2.17747763131548e-06,1,0.0846024910068749,0,1,NotNormal
football,np_shots,away,2024/2025,1,557,0.450870937722033,3.19843737403546,0.981329718721227,1.48027285018504e-06,1,0.0889855792015508,0,1,NotNormal
football,np_shots,diff,2024/2025,1,557,0.146096062449842,2.98630977670218,0.995792040999738,0.141276860371707,0,0.0470291135329052,0.006,1,NotNormal
football,shots,home,2024/2025,1,557,0.472495973247287,3.21457519330602,0.981493712382761,1.6418400001772e-06,1,0.0872462771838269,0,1,NotNormal
football,shots,away,2024/2025,1,557,0.446474319535159,3.13879178263035,0.981056554605721,1.24698057002437e-06,1,0.0889973100513758,0,1,NotNormal
football,shots,diff,2024/2025,1,557,0.14012715658123,2.99494782083677,0.996046844320598,0.177815639895998,0,0.0492269233539996,0.002,1,NotNormal
football,shots_inside_box,home,2024/2025,1,557,0.668578703263607,3.63486858431042,0.967952859627544,1.12563125487242e-09,1,0.121740462722132,0,1,NotNormal
football,shots_inside_box,away,2024/2025,1,557,0.652175769946469,4.01776564680678,0.967355862347834,8.55339354899343e-10,1,0.112672647390156,0,1,NotNormal
football,shots_inside_box,diff,2024/2025,1,557,0.20354907127594,3.31400678802085,0.9928916546231,0.0096158314485042,1,0.0642486428297184,0,1,NotNormal
football,shots_outside_box,home,2024/2025,1,557,0.620827473004259,3.28092238598003,0.961092303849567,5.6998961106558e-11,1,0.129233974087459,0,1,NotNormal
football,shots_outside_box,away,2024/2025,1,557,0.749452697944197,3.62699827625165,0.945013136283228,1.63646873829748e-13,1,0.152670852886719,0,1,NotNormal
football,shots_outside_box,diff,2024/2025,1,557,0.0989054880680827,3.09490015081572,0.991446327328094,0.00265097757194621,1,0.0640592894428774,0,1,NotNormal
football,penalties,home,2024/2025,1,557,2.87978871218233,10.0707443987029,0.339930541948224,0,1,0.530169213955482,0,1,NotNormal
football,penalties,away,2024/2025,1,557,4.3069847043889,22.2677756324237,0.246180649860693,0,1,0.537438651191287,0,1,NotNormal
football,penalties,diff,2024/2025,1,557,0.13131335138224,8.590986587125,0.530059841047018,0,1,0.443929487870037,0,1,NotNormal
football,big_chances,home,2024/2025,1,557,1.19380396602559,4.54214075825653,0.821693149706821,0,1,0.240148763431083,0,1,NotNormal
football,big_chances,away,2024/2025,1,557,1.43432483768619,5.47926685826905,0.773202170023753,0,1,0.269812903276132,0,1,NotNormal
football,big_chances,diff,2024/2025,1,557,-0.0140982269665351,4.39036998524855,0.948278746537404,4.84834394853806e-13,1,0.165177710209333,0,1,NotNormal
football,corners,home,2024/2025,1,557,0.664266881403678,3.35543060746784,0.961427955441529,6.54215570605743e-11,1,0.12309787785245,0,1,NotNormal
football,corners,away,2024/2025,1,557,0.774811929567399,3.86280535814264,0.950114730652891,9.11160036309866e-13,1,0.12934882708898,0,1,NotNormal
football,corners,diff,2024/2025,1,557,0.16753057117539,3.15901350805708,0.993328287667167,0.0143389462238215,1,0.0616589325125249,0,1,NotNormal
football,free_kicks,home,2024/2025,1,557,0.317235223285046,2.7297844997969,0.983406940528335,5.70315143377798e-06,1,0.088003938941323,0,1,NotNormal
football,free_kicks,away,2024/2025,1,557,0.38585989533545,3.09649969003608,0.983326861882482,5.4058994523043e-06,1,0.0974941676871679,0,1,NotNormal
football,free_kicks,diff,2024/2025,1,557,0.0797229680538927,2.92973117332103,0.993360410445661,0.0147691009527939,1,0.0557810438090541,0,1,NotNormal
football,set_pieces,home,2024/2025,1,557,0.326878414398573,3.06489594134153,0.99124385302408,0.0022233474403105,1,0.0468054800964695,0.005,1,NotNormal
football,set_pieces,away,2024/2025,1,557,0.232719028951655,3.17230724509623,0.99412594576648,0.0300321578041013,1,0.0397598304993123,0.026,1,Close
football,set_pieces,diff,2024/2025,1,557,0.0568370307043785,3.25880610722955,0.997362018622334,0.521267596651199,0,0.0319197115178786,0.184713375796178,0,Normal
football,sp_shots,home,2024/2025,1,557,0.767727728154626,3.32034310632577,0.942048529075374,6.33937347060964e-14,1,0.132932961817269,0,1,NotNormal
football,sp_shots,away,2024/2025,1,557,1.065110243515,4.70725404901592,0.91088910619001,0,1,0.167841640409489,0,1,NotNormal
football,sp_shots,diff,2024/2025,1,557,0.0341688307840318,3.25417003040494,0.990434070293635,0.00111315218655805,1,0.077195262553406,0,1,NotNormal
football,op_shots,home,2024/2025,1,557,0.508326598174127,3.07905478214355,0.977419422950169,1.42688806992197e-07,1,0.0902845167553331,0,1,NotNormal
football,op_shots,away,2024/2025,1,557,0.673386476634061,3.47198535185374,0.96459603599964,2.49890552694865e-10,1,0.113628660353765,0,1,NotNormal
football,op_shots,diff,2024/2025,1,557,0.0939907913624186,2.9993234079124,0.994751684565365,0.0538904329252389,0,0.0561263416414655,0.001,1,NotNormal
football,passes,home,2024/2025,1,557,0.283389564853409,3.02898954924668,0.993491452744369,0.0166652844645738,1,0.033638343851809,0.128727272727273,0,Close
football,passes,away,2024/2025,1,557,0.277397363558597,2.71093740447151,0.991060517054692,0.00189787866733815,1,0.0360042832074695,0.062,0,NotNormal
football,passes,diff,2024/2025,1,557,-0.00798260008427957,2.86579844253862,0.997265896353754,0.486792041643697,0,0.0220336678065065,0.755852842809365,0,Normal
football,successful_passes,home,2024/2025,1,557,0.302448154564653,3.04166632812405,0.992495491341974,0.00671776111075983,1,0.027231421409683,0.4092974484446,0,NotNormal
football,successful_passes,away,2024/2025,1,557,0.289989748936774,2.70482294437396,0.989485292288125,0.000506882578999557,1,0.0451975305690372,0.009,1,NotNormal
football,successful_passes,diff,2024/2025,1,557,-0.00990806863969632,2.89386320048075,0.99753970963802,0.587756222398547,0,0.0250513820530297,0.552319674906874,0,Normal
football,op_passes,home,2024/2025,1,557,0.321451829731438,3.06097171506821,0.992275504591896,0.00551415780482112,1,0.0385772584650229,0.054,0,NotNormal
football,op_passes,away,2024/2025,1,557,0.299007431851153,2.74702250655302,0.989878786173611,0.000700247211556815,1,0.0443417690315226,0.007,1,NotNormal
football,op_passes,diff,2024/2025,1,557,-0.00187279403349047,2.9039142350216,0.997633561013361,0.623893192603647,0,0.0203533613184879,0.847686375321337,0,Normal
football,successful_op_passes,home,2024/2025,1,557,0.380633159523723,3.13629485603591,0.989562185242646,0.000539737832749076,1,0.0333471211531773,0.143053645116919,0,NotNormal
football,successful_op_passes,away,2024/2025,1,557,0.348955654873303,2.80423583870091,0.987026936845821,7.40695537779779e-05,1,0.0512805404342599,0.001,1,NotNormal
football,successful_op_passes,diff,2024/2025,1,557,0.0053309243470175,2.95221482573497,0.997969877095038,0.753639887729727,0,0.0222098203057347,0.732276897414512,0,Normal
football,passes_inside_box,home,2024/2025,1,557,1.35295640330546,6.75148696175197,0.916172691459164,0,1,0.129659136422418,0,1,NotNormal
football,passes_inside_box,away,2024/2025,1,557,0.803498274783061,3.68176341917976,0.95240796388133,2.04891659194573e-12,1,0.114805810176935,0,1,NotNormal
football,passes_inside_box,diff,2024/2025,1,557,0.334183759267961,4.53434771515949,0.984930335997268,1.61915435038518e-05,1,0.0564712631900756,0,1,NotNormal
football,successful_passes_inside_box,home,2024/2025,1,557,1.28713724022414,5.96160825645342,0.897889025341027,0,1,0.165423339058879,0,1,NotNormal
football,successful_passes_inside_box,away,2024/2025,1,557,1.04812161520995,4.22703058857058,0.893697221320819,0,1,0.174784962454699,0,1,NotNormal
football,successful_passes_inside_box,diff,2024/2025,1,557,0.251243035508238,4.34875731104778,0.978517303984532,2.68687313398353e-07,1,0.0842348452765683,0,1,NotNormal
football,passes_into_box,home,2024/2025,1,557,0.628095087135476,3.59497723049736,0.976206998282194,7.23461863749719e-08,1,0.0728201120654532,0,1,NotNormal
football,passes_into_box,away,2024/2025,1,557,0.468208418235738,3.26334184041493,0.985346037737609,2.17124766039856e-05,1,0.0667526142961348,0,1,NotNormal
football,passes_into_box,diff,2024/2025,1,557,0.195309150944373,2.96934296508679,0.994297363531519,0.0352423131043321,1,0.039039532199841,0.049,1,Close
football,successful_passes_into_box,home,2024/2025,1,557,0.935956409515675,4.78715843307476,0.95181446408285,1.65722990885797e-12,1,0.10771746528259,0,1,NotNormal
football,successful_passes_into_box,away,2024/2025,1,557,0.647912489310087,3.16802024275025,0.963831733588961,1.79640857744801e-10,1,0.113730274462811,0,1,NotNormal
football,successful_passes_into_box,diff,2024/2025,1,557,0.254603799356022,3.49856927241898,0.990824191124874,0.00154981320863146,1,0.0471476302658521,0.005,1,NotNormal
football,op_passes_into_box,home,2024/2025,1,557,0.818667752557544,4.4504049823576,0.963601828538253,1.62802549219521e-10,1,0.0938923146762259,0,1,NotNormal
football,op_passes_into_box,away,2024/2025,1,557,0.540266127172265,3.26427583566854,0.979284841691518,4.2269954725338e-07,1,0.0787288096049561,0,1,NotNormal
football,op_passes_into_box,diff,2024/2025,1,557,0.302637095713685,3.43997543102595,0.992893390724827,0.0096310380779242,1,0.0375691146082762,0.059,0,NotNormal
football,successful_op_passes_into_box,home,2024/2025,1,557,1.06639951222974,4.87419853036192,0.936878168607489,1.31006316905768e-14,1,0.11257136168518,0,1,NotNormal
football,successful_op_passes_into_box,away,2024/2025,1,557,0.757356813986195,3.35608251021401,0.951347080214706,1.40387701463851e-12,1,0.128915584720435,0,1,NotNormal
football,successful_op_passes_into_box,diff,2024/2025,1,557,0.335968682200888,3.75919191878008,0.98935019941799,0.000454110700256138,1,0.0539004484946105,0.001,1,NotNormal
football,passes_into_final_third,home,2024/2025,1,557,0.502326107055389,3.57517745154284,0.984464722758618,1.17091089235632e-05,1,0.0486847492893672,0.002,1,NotNormal
football,passes_into_final_third,away,2024/2025,1,557,0.303120476486089,3.12512191003217,0.993066600252221,0.0112796026397906,1,0.0457453466035422,0.011,1,Close
football,passes_into_final_third,diff,2024/2025,1,557,0.13607958592727,2.84496413136844,0.996997677453377,0.397756283415569,0,0.0296427914509139,0.285010266940452,0,Normal
football,successful_passes_into_final_third,home,2024/2025,1,557,0.806507989031624,3.5012743701243,0.955672228362037,6.79845069129215e-12,1,0.0947946423672416,0,1,NotNormal
football,successful_passes_into_final_third,away,2024/2025,1,557,0.79585816911826,3.94021676078864,0.962671361742214,1.09747877452548e-10,1,0.103024879553601,0,1,NotNormal
football,successful_passes_into_final_third,diff,2024/2025,1,557,0.103884726516985,3.08335356048286,0.99624268180202,0.211567315239899,0,0.0343803031613644,0.119142176330421,0,Normal
football,op_passes_into_final_third,home,2024/2025,1,557,0.565701590528585,3.72880011972893,0.980812271434019,1.07085030753851e-06,1,0.0684960731955262,0.001,1,NotNormal
football,op_passes_into_final_third,away,2024/2025,1,557,0.386665299337377,3.11026850609806,0.989062163226524,0.00035983221744873,1,0.0538011747823816,0,1,NotNormal
football,op_passes_into_final_third,diff,2024/2025,1,557,0.0908363258207423,2.93806487150546,0.997831942354453,0.700975136268196,0,0.0283634378495388,0.348368170150348,0,Normal
football,successful_op_passes_into_final_third,home,2024/2025,1,557,0.862778196453822,3.45016168372907,0.945396086601691,1.85518267414864e-13,1,0.103194702326235,0,1,NotNormal
football,successful_op_passes_into_final_third,away,2024/2025,1,557,0.871634927624386,4.04027518142277,0.956299954670981,8.61888338477002e-12,1,0.0966128676402231,0,1,NotNormal
football,successful_op_passes_into_final_third,diff,2024/2025,1,557,0.0920601635987311,3.07809993096382,0.996417517143608,0.246388280914342,0,0.0510814479727656,0.002,1,NotNormal
football,passes_in_final_third,home,2024/2025,1,557,1.26044797549855,6.4976716149545,0.931826673500286,2.99760216648792e-15,1,0.0861316485007604,0,1,NotNormal
football,passes_in_final_third,away,2024/2025,1,557,0.716296076899412,3.69158857114235,0.970137815967603,3.1614350026743e-09,1,0.0885596029990603,0,1,NotNormal
football,passes_in_final_third,diff,2024/2025,1,557,0.392128842513316,3.84294476189678,0.988893128098726,0.000314236142203717,1,0.0379203139674175,0.073,0,NotNormal
football,successful_passes_in_final_third,home,2024/2025,1,557,1.52218382310094,7.56709126938169,0.904346616637909,0,1,0.107038831363606,0,1,NotNormal
football,successful_passes_in_final_third,away,2024/2025,1,557,1.0445819270024,4.41789749587945,0.9404269273755,3.83026943495679e-14,1,0.104873130324273,0,1,NotNormal
football,successful_passes_in_final_third,diff,2024/2025,1,557,0.459846096800486,4.40019733302086,0.983971213481051,8.34677710992437e-06,1,0.0517894261148025,0,1,NotNormal
football,passes_in_middle_third,home,2024/2025,1,557,0.609704203773998,3.77349304243115,0.978817591770184,3.20457630320625e-07,1,0.0382280925389687,0.055,0,NotNormal
football,passes_in_middle_third,away,2024/2025,1,557,0.650095160804378,3.43909335894449,0.973369434057652,1.58901447555593e-08,1,0.060398801647191,0,1,NotNormal
football,passes_in_middle_third,diff,2024/2025,1,557,-0.0695280952825243,3.1866509532412,0.998060998725478,0.787249782865969,0,0.0239264459938561,0.619673295454545,0,Normal
football,successful_passes_in_middle_third,home,2024/2025,1,557,0.649520573056844,3.87556679720005,0.97577391010464,5.7032278899527e-08,1,0.0481597990239544,0.003,1,NotNormal
football,successful_passes_in_middle_third,away,2024/2025,1,557,0.688082329292098,3.51890675687747,0.970695648877773,4.14537537629656e-09,1,0.07007804679263,0,1,NotNormal
football,successful_passes_in_middle_third,diff,2024/2025,1,557,-0.0685628211658936,3.18633908330025,0.998000177607196,0.76494879023531,0,0.0197161522692995,0.891936824605154,0,Normal
football,passes_in_own_third,home,2024/2025,1,557,0.821462922150076,4.09876233229864,0.963525327475732,1.57570956282882e-10,1,0.0634656487304606,0,1,NotNormal
football,passes_in_own_third,away,2024/2025,1,557,0.453272475546179,2.97887904739491,0.984217824327249,9.87871674074103e-06,1,0.04437108016419,0.011,1,NotNormal
football,passes_in_own_third,diff,2024/2025,1,557,0.243712729160006,3.21372979657583,0.995453385307518,0.103551777565473,0,0.0253962775747385,0.523380093520374,0,Normal
football,successful_passes_in_own_third,home,2024/2025,1,557,0.684911436836084,3.86971763848085,0.971862329669989,7.38106353814771e-09,1,0.0585458357342409,0,1,NotNormal
football,successful_passes_in_own_third,away,2024/2025,1,557,0.421961770732065,3.08364918103342,0.985385365299431,2.23280591030717e-05,1,0.0435793383309793,0.01,1,NotNormal
football,successful_passes_in_own_third,diff,2024/2025,1,557,0.221116116357186,3.1048962558071,0.9955423690986,0.112406877489948,0,0.0210054679674313,0.820108695652174,0,Normal
football,forward_passes,home,2024/2025,1,557,0.322511342025041,3.14908546422693,0.992424989412068,0.0063049973902074,1,0.0407058348327667,0.023,1,NotNormal
football,forward_passes,away,2024/2025,1,557,0.371192682479838,2.98208878633596,0.989749180235226,0.000629239391558456,1,0.0501773401460672,0.004,1,NotNormal
football,forward_passes,diff,2024/2025,1,557,-0.189908281695313,3.79298418113298,0.993738555793334,0.0209462267975402,1,0.0393327067662211,0.036,1,Close
football,sideways_passes,home,2024/2025,1,557,0.316826393596528,2.95791371826497,0.991555503521744,0.00291615618792651,1,0.0310892086374631,0.2210127780407,0,NotNormal
football,sideways_passes,away,2024/2025,1,557,0.365134535577315,2.69799287356243,0.985950563398384,3.34995510592462e-05,1,0.0570105745289113,0,1,NotNormal
football,sideways_passes,diff,2024/2025,1,557,-0.00886950366488702,2.84403723057833,0.997348071219894,0.516191787335864,0,0.0242938469226678,0.595089903181189,0,Normal
football,backward_passes,home,2024/2025,1,557,0.38530655591821,3.17836912706746,0.989088601183754,0.000367565291640171,1,0.0467499056344192,0.005,1,NotNormal
football,backward_passes,away,2024/2025,1,557,0.288816657984574,2.9055466359814,0.992070876993291,0.00459431672791932,1,0.0345543984558405,0.093,0,NotNormal
football,backward_passes,diff,2024/2025,1,557,0.0486544307653419,2.85315542350952,0.998003395622174,0.76614264919684,0,0.0252117577383028,0.550340136054422,0,Normal
football,forward_passes_in_final_third,home,2024/2025,1,557,0.510451820223354,3.6065563353337,0.984726912106378,1.40455286988805e-05,1,0.0541618192358669,0,1,NotNormal
football,forward_passes_in_final_third,away,2024/2025,1,557,0.412847001049466,3.3356362717108,0.988799741837221,0.000291670875206651,1,0.0521923514868116,0,1,NotNormal
football,forward_passes_in_final_third,diff,2024/2025,1,557,0.0671967510674184,2.78758342958982,0.996780696864412,0.33443213103437,0,0.0366075852727877,0.064,0,Normal
football,sideways_passes_in_final_third,home,2024/2025,1,557,1.60534400438513,8.89209392845334,0.904688175482742,0,1,0.104996923226808,0,1,NotNormal
football,sideways_passes_in_final_third,away,2024/2025,1,557,0.855216879244535,3.91590526628506,0.958113539780237,1.73263625669051e-11,1,0.0865571522375765,0,1,NotNormal
football,sideways_passes_in_final_third,diff,2024/2025,1,557,0.525712194859882,4.65535440345822,0.981724416358712,1.90096138408258e-06,1,0.0408090817502081,0.02,1,NotNormal
football,backward_passes_in_final_third,home,2024/2025,1,557,0.940463063047394,3.74885155909989,0.941309386644024,5.02931030155196e-14,1,0.109192022076174,0,1,NotNormal
football,backward_passes_in_final_third,away,2024/2025,1,557,1.00259475397512,4.63003884269253,0.946102473127218,2.3392399128852e-13,1,0.0926833327148562,0,1,NotNormal
football,backward_passes_in_final_third,diff,2024/2025,1,557,0.186897743386489,3.23532806636854,0.995260480364466,0.0866084802876808,0,0.0398238250381673,0.034,1,Close
football,deep_completions,home,2024/2025,1,557,1.2157520212536,5.53449859756475,0.914740115409147,0,1,0.147732072214545,0,1,NotNormal
football,deep_completions,away,2024/2025,1,557,0.805612547744009,3.37754875857777,0.929254171634699,1.4432899320127e-15,1,0.153036461385686,0,1,NotNormal
football,deep_completions,diff,2024/2025,1,557,0.291072049007597,4.10862188970179,0.981732927671275,1.91130144344687e-06,1,0.0772077521982955,0,1,NotNormal
football,long_balls,home,2024/2025,1,557,0.324070748383846,3.38457079531798,0.991258478843476,0.0022516922376743,1,0.0434670993985536,0.017,1,NotNormal
football,long_balls,away,2024/2025,1,557,0.234224820919018,3.54598586858675,0.992994510562338,0.0105608138763104,1,0.0413105832476451,0.024,1,Close
football,long_balls,diff,2024/2025,1,557,0.0796380790664093,3.32613433327144,0.99725711562514,0.48370436235922,0,0.0359163467675911,0.077,0,Normal
football,successful_long_balls,home,2024/2025,1,557,0.777548151592567,4.71435510477536,0.965548320470045,3.7940395269942e-10,1,0.068272304897164,0,1,NotNormal
football,successful_long_balls,away,2024/2025,1,557,0.530534618508987,3.36689623562135,0.980740852546234,1.02442141014514e-06,1,0.086247825716117,0,1,NotNormal
football,successful_long_balls,diff,2024/2025,1,557,0.228867448526596,3.65385266702263,0.993796234705053,0.0220976847437229,1,0.0368819327089662,0.072,0,Close
football,goalkeeper_long_balls,home,2024/2025,1,557,0.303016115082939,2.63444464720845,0.986883920526279,6.65499303732497e-05,1,0.0624870615340336,0,1,NotNormal
football,goalkeeper_long_balls,away,2024/2025,1,557,0.356341431278651,2.94102745517924,0.983302623018176,5.31915109713843e-06,1,0.0544774340743694,0.002,1,NotNormal
football,goalkeeper_long_balls,diff,2024/2025,1,557,-0.0309854256070237,2.77715787523018,0.997658728031255,0.633654419908196,0,0.0343258958432243,0.123381568926123,0,Normal
football,goalkeeper_passes,home,2024/2025,1,557,1.03808893498038,6.07437555224391,0.95257247505989,2.17359463761113e-12,1,0.0756474160593349,0,1,NotNormal
football,goalkeeper_passes,away,2024/2025,1,557,0.921187141943713,4.99643886148978,0.957574436141913,1.40502054435387e-11,1,0.0980983055421529,0,1,NotNormal
football,goalkeeper_passes,diff,2024/2025,1,557,0.261058771636601,4.33954311651106,0.988675632804915,0.000264267134959417,1,0.0446680381819856,0.008,1,NotNormal
football,crosses,home,2024/2025,1,557,0.871645891149699,4.08798759932146,0.954118691451398,3.81461529030958e-12,1,0.0894876409664312,0,1,NotNormal
football,crosses,away,2024/2025,1,557,0.514773037795295,3.70256680010904,0.979146140167069,3.89206103568185e-07,1,0.0775807276149661,0,1,NotNormal
football,crosses,diff,2024/2025,1,557,0.307061309221216,3.06961202798241,0.990652421148332,0.00133894658685429,1,0.0617169098275314,0,1,NotNormal
football,successful_crosses,home,2024/2025,1,557,0.914532728022833,4.46958149121436,0.938935633473978,2.42028619368284e-14,1,0.15273689664847,0,1,NotNormal
football,successful_crosses,away,2024/2025,1,557,0.661133709034589,3.33793487517274,0.941038556529693,4.6296300126869e-14,1,0.151052804400884,0,1,NotNormal
football,successful_crosses,diff,2024/2025,1,557,0.201178583357926,3.04386472316138,0.986687943657575,5.7516853870565e-05,1,0.0835120382693337,0,1,NotNormal
football,dribbles,home,2024/2025,1,557,0.526383521790606,2.88082528479961,0.972438514270842,9.86628689858549e-09,1,0.0869397749618817,0,1,NotNormal
football,dribbles,away,2024/2025,1,557,0.585863312018426,2.99443047506294,0.969693856616182,2.5537311154622e-09,1,0.094417731453172,0,1,NotNormal
football,dribbles,diff,2024/2025,1,557,0.0555042155474611,3.06154773753251,0.995563209022433,0.114583376,0,0.0512467136143929,0.003,1,NotNormal
football,successful_dribbles,home,2024/2025,1,557,0.618774836870365,3.18199105603617,0.964803022692351,2.73467137823502e-10,1,0.106453600078136,0,1,NotNormal
football,successful_dribbles,away,2024/2025,1,557,0.6352670598086,3.32655130224452,0.963688652037367,1.68959735091789e-10,1,0.118950739710085,0,1,NotNormal
football,successful_dribbles,diff,2024/2025,1,557,-0.108646966134009,2.91080992786109,0.993205842857206,0.0128135970342018,1,0.0651768954525801,0,1,NotNormal
football,carries,home,2024/2025,1,557,0.248671938257467,2.83983319792692,0.993682988191892,0.0198946998047898,1,0.0347790223586179,0.103,0,Close
football,carries,away,2024/2025,1,557,0.232021285704749,2.67103369497836,0.991930761073089,0.00405727411832657,1,0.0334145722061131,0.128984432913269,0,NotNormal
football,carries,diff,2024/2025,1,557,0.0190682627064247,2.87378143148629,0.998525120658553,0.927549282045171,0,0.016097144194149,0.985,0,Normal
football,carries_into_final_third,home,2024/2025,1,557,0.510047208222256,3.34862770756251,0.981648964803151,1.8118132943945e-06,1,0.0747050030873346,0,1,NotNormal
football,carries_into_final_third,away,2024/2025,1,557,0.656857327064327,3.53438584615864,0.970536936343681,3.83658971259138e-09,1,0.0930811018627317,0,1,NotNormal
football,carries_into_final_third,diff,2024/2025,1,557,0.0412543440962534,2.98368550495611,0.99709749314676,0.429562257666251,0,0.043451571399784,0.01,1,Close
football,carries_into_box,home,2024/2025,1,557,0.962491973331648,4.48160946439002,0.942658821340886,7.68274333040608e-14,1,0.112797994698585,0,1,NotNormal
football,carries_into_box,away,2024/2025,1,557,0.834873605053511,3.82863673289256,0.947737465298314,4.03677091753707e-13,1,0.131129046644408,0,1,NotNormal
football,carries_into_box,diff,2024/2025,1,557,0.300482597572921,3.83038219385137,0.987539972288664,0.000109207627237873,1,0.0624843013173739,0,1,NotNormal
football,progressive_carries,home,2024/2025,1,557,0.591241781481274,3.33170973155414,0.976408220313955,8.08673412677763e-08,1,0.0708623518805419,0,1,NotNormal
football,progressive_carries,away,2024/2025,1,557,0.634379634732436,3.36416164040706,0.972716756481446,1.13652046662693e-08,1,0.0815382821996369,0,1,NotNormal
football,progressive_carries,diff,2024/2025,1,557,0.115304554035863,3.29767414222376,0.995794186974122,0.141552986955419,0,0.058073836567803,0,1,NotNormal
football,deep_progressions,home,2024/2025,1,557,0.73190897233945,3.35966132120146,0.961658471995589,7.19483361777407e-11,1,0.0758006932628004,0,1,NotNormal
football,deep_progressions,away,2024/2025,1,557,0.747500741085726,3.81145059327653,0.966403190988755,5.55385959444266e-10,1,0.0800527967495057,0,1,NotNormal
football,deep_progressions,diff,2024/2025,1,557,0.103424563430472,3.05737190616968,0.995892109531183,0.154704102651314,0,0.0409865075317011,0.036,1,Close
football,box_entries,home,2024/2025,1,557,0.91294671475781,5.10005143980737,0.958649333954229,2.13762341161328e-11,1,0.0922576197482297,0,1,NotNormal
football,box_entries,away,2024/2025,1,557,0.558742338758415,3.13055108486252,0.974839533150485,3.4420317929218e-08,1,0.0922638700468438,0,1,NotNormal
football,box_entries,diff,2024/2025,1,557,0.256235814658321,3.52009230749072,0.992983117065659,0.0104515947120341,1,0.0402055942464529,0.029,1,Close
football,tackles,home,2024/2025,1,557,0.364557139425579,3.14383047154746,0.989195081149444,0.000400508529169064,1,0.064388102120494,0,1,NotNormal
football,tackles,away,2024/2025,1,557,0.549870107168883,3.06687874005074,0.976156480810068,7.03577407445977e-08,1,0.0867737173675976,0,1,NotNormal
football,tackles,diff,2024/2025,1,557,-0.238550807610317,3.16854241793087,0.993944859874069,0.0253706780540383,1,0.0383254754995335,0.045,1,Close
football,successful_tackles,home,2024/2025,1,557,0.376331733660021,3.25758281470113,0.987226672643211,8.60877288504369e-05,1,0.0599411379754945,0,1,NotNormal
football,successful_tackles,away,2024/2025,1,557,0.39203071437078,2.7927718737209,0.983894533913096,7.9227512380653e-06,1,0.0790009617572455,0,1,NotNormal
football,successful_tackles,diff,2024/2025,1,557,-0.152147685684614,2.92917318654851,0.99531858783828,0.0914066988545189,0,0.0403837473405315,0.028,1,Close
football,ball_recoveries,home,2024/2025,1,557,0.280126878594492,2.9141871417305,0.992233943087369,0.00531302342457662,1,0.0560067953173026,0,1,NotNormal
football,ball_recoveries,away,2024/2025,1,557,0.23062734011676,3.00833929092026,0.994616933477908,0.0475108834735047,1,0.0547934365607259,0.003,1,NotNormal
football,ball_recoveries,diff,2024/2025,1,557,0.198141153484949,3.14547717379578,0.995757012893468,0.136840693879611,0,0.0505794379010255,0.001,1,NotNormal
football,regains,home,2024/2025,1,557,0.251262036296076,2.90962377219298,0.993350860669814,0.0146398576836576,1,0.0500310625403413,0.001,1,NotNormal
football,regains,away,2024/2025,1,557,0.241931650591161,2.83904686435347,0.993567292238866,0.0178746454615718,1,0.0528946564922423,0.001,1,NotNormal
football,regains,diff,2024/2025,1,557,-0.00785654363467827,2.80155361192232,0.997616027603067,0.617106893567212,0,0.0293192720009164,0.302808772604848,0,Normal
football,regains_opposition_half,home,2024/2025,1,557,0.423305957413374,3.17870935604155,0.985923133419692,3.28408425578353e-05,1,0.0603874748960259,0,1,NotNormal
football,regains_opposition_half,away,2024/2025,1,557,0.257734345304175,2.69962330035463,0.990261184784276,0.00096265088550318,1,0.0580107827155832,0,1,NotNormal
football,regains_opposition_half,diff,2024/2025,1,557,0.23110046836721,2.94896766259511,0.994044744714267,0.0278431135765351,1,0.0444046675054032,0.013,1,Close
football,tackle_interceptions_opposition_half,home,2024/2025,1,557,0.657214689311211,3.7951807809212,0.968008088291637,1.15477605255876e-09,1,0.109389470664397,0,1,NotNormal
football,tackle_interceptions_opposition_half,away,2024/2025,1,557,0.584582890812421,3.09402700260857,0.96251389375537,1.02726160911004e-10,1,0.113012422637986,0,1,NotNormal
football,tackle_interceptions_opposition_half,diff,2024/2025,1,557,0.324246379020657,3.45145026193856,0.988273634781384,0.000192527261202557,1,0.0787121980939676,0,1,NotNormal
football,blocks,home,2024/2025,1,557,0.261554212312962,2.92874461843468,0.991875082453238,0.00386230379123809,1,0.0600488125834462,0,1,NotNormal
football,blocks,away,2024/2025,1,557,0.397669414442828,3.19794487747679,0.986231826743252,4.11072647077404e-05,1,0.0706928601337357,0,1,NotNormal
football,blocks,diff,2024/2025,1,557,-0.241726589262325,2.98496949698413,0.993148276309362,0.0121549794444585,1,0.0493480506426242,0.001,1,NotNormal
football,pressures,home,2024/2025,1,557,0.334150113644116,3.00306967501943,0.991467402002403,0.0027001453585962,1,0.0412829555320458,0.026,1,NotNormal
football,pressures,away,2024/2025,1,557,0.459052715928152,3.2092690467755,0.986537413740816,5.14530422299764e-05,1,0.0484161084181575,0.004,1,NotNormal
football,pressures,diff,2024/2025,1,557,-0.12786406050109,3.23797611947903,0.997424546416359,0.544302148790464,0,0.0248859073901592,0.576676777890125,0,Normal
football,pressures_opposition_half,home,2024/2025,1,557,0.515411361153245,3.29384140702125,0.983072198364093,4.5635819138079e-06,1,0.0482605610376858,0.002,1,NotNormal
football,pressures_opposition_half,away,2024/2025,1,557,0.801440166124861,3.53313621425777,0.958670502386524,2.15552020677023e-11,1,0.0774037861146386,0,1,NotNormal
football,pressures_opposition_half,diff,2024/2025,1,557,-0.18538223051947,3.19835419525662,0.996258795897232,0.214584842003585,0,0.0302430435985676,0.256944444444444,0,Normal
football,counterpressures,home,2024/2025,1,557,0.455347873975304,3.18903467608776,0.984807780729043,1.48606953914721e-05,1,0.0764563521470378,0,1,NotNormal
football,counterpressures,away,2024/2025,1,557,0.578759107096917,3.59297191680721,0.979233758318372,4.1002694095571e-07,1,0.074191189315767,0,1,NotNormal
football,counterpressures,diff,2024/2025,1,557,-0.265878193309124,3.35185020696234,0.99359915013542,0.0184090544023857,1,0.0391704387443931,0.038,1,Close
football,counterpressures_opposition_half,home,2024/2025,1,557,0.34475782206314,3.07035557186807,0.990105567951756,0.000845283683643117,1,0.0673940319500415,0,1,NotNormal
football,counterpressures_opposition_half,away,2024/2025,1,557,0.426355651177441,2.99906613043138,0.985067879014191,1.78346017407627e-05,1,0.0707484429512256,0,1,NotNormal
football,counterpressures_opposition_half,diff,2024/2025,1,557,-0.261045098423389,3.34135607924244,0.99284843390116,0.00924511450950605,1,0.0393420252461968,0.04,1,NotNormal
football,fouls,home,2024/2025,1,557,0.358736586798621,3.09659709772377,0.984465040219058,1.17116781644944e-05,1,0.091447537725288,0,1,NotNormal
football,fouls,away,2024/2025,1,557,0.35382040473049,3.12591411728032,0.985068427360202,1.7841490059789e-05,1,0.0748546828736683,0,1,NotNormal
football,fouls,diff,2024/2025,1,557,-0.00930379271435482,2.92971120846632,0.994983713227442,0.0669332588521135,0,0.0580051326774108,0.001,1,NotNormal
football,np_shots,home,2021/2022+2022/2023,2,1113,0.695087366511855,3.78319253330652,0.969502302006818,1.52100554373646e-14,1,0.0966081504634652,0,1,NotNormal
football,np_shots,away,2021/2022+2022/2023,2,1113,0.583473436425588,3.35682223034986,0.975167701420679,6.93556323483335e-13,1,0.0944016473197371,0,1,NotNormal
football,np_shots,diff,2021/2022+2022/2023,2,1113,0.0691061823772396,3.29986277912634,0.995789200393053,0.00377166943926632,1,0.0455974166996301,0,1,NotNormal
football,shots,home,2021/2022+2022/2023,2,1113,0.682077461216133,3.71226099072756,0.969952567859517,2.02060590481778e-14,1,0.0989836474379676,0,1,NotNormal
football,shots,away,2021/2022+2022/2023,2,1113,0.593666698747004,3.35912190778122,0.974504397672323,4.31099600461948e-13,1,0.0929899580516262,0,1,NotNormal
football,shots,diff,2021/2022+2022/2023,2,1113,0.0558374835489684,3.27215596011755,0.996163782813782,0.0073408946472856,1,0.0461763230887319,0,1,NotNormal
football,shots_inside_box,home,2021/2022+2022/2023,2,1113,0.748073425541958,3.96653620455108,0.963928197319776,5.55111512312578e-16,1,0.111526912696244,0,1,NotNormal
football,shots_inside_box,away,2021/2022+2022/2023,2,1113,0.777196196284925,3.99517561676184,0.959696557662714,1.11022302462516e-16,1,0.116185484137357,0,1,NotNormal
football,shots_inside_box,diff,2021/2022+2022/2023,2,1113,0.0652313881634017,3.35815376048924,0.99434412831224,0.000330003660207967,1,0.0448122143818641,0,1,NotNormal
football,shots_outside_box,home,2021/2022+2022/2023,2,1113,0.818344934676665,4.35858160725944,0.950188713929029,0,1,0.13372837143124,0,1,NotNormal
football,shots_outside_box,away,2021/2022+2022/2023,2,1113,0.788877742070255,3.7204000884313,0.944226771350925,0,1,0.154757299071295,0,1,NotNormal
football,shots_outside_box,diff,2021/2022+2022/2023,2,1113,0.0725356870823792,3.31579420971808,0.991851541456567,8.02256661247558e-06,1,0.0748146206793404,0,1,NotNormal
football,penalties,home,2021/2022+2022/2023,2,1113,5.98088321621086,68.8743077881088,0.308075770805353,0,1,0.514179279223844,0,1,NotNormal
football,penalties,away,2021/2022+2022/2023,2,1113,7.85758142024285,104.469314972196,0.244773528999123,0,1,0.518459632021997,0,1,NotNormal
football,penalties,diff,2021/2022+2022/2023,2,1113,0.243043800477738,6.89560823173715,0.56286532145307,0,1,0.429937074015769,0,1,NotNormal
football,big_chances,home,2021/2022+2022/2023,2,1113,1.36254326744574,5.53353418174762,0.820657779195845,0,1,0.242686379322437,0,1,NotNormal
football,big_chances,away,2021/2022+2022/2023,2,1113,1.82722738327871,9.82833289670771,0.772993736861856,0,1,0.242684798913353,0,1,NotNormal
football,big_chances,diff,2021/2022+2022/2023,2,1113,0.0910667328910933,4.97461548994591,0.94965098853695,0,1,0.148067472533171,0,1,NotNormal
football,corners,home,2021/2022+2022/2023,2,1113,0.530794133055968,3.29926709153632,0.970664584311369,3.19744231092045e-14,1,0.101082001345283,0,1,NotNormal
football,corners,away,2021/2022+2022/2023,2,1113,0.699739983529452,3.56744195121819,0.956444435829889,0,1,0.127113742688295,0,1,NotNormal
football,corners,diff,2021/2022+2022/2023,2,1113,0.00281369535691989,3.10575909608905,0.993909622554876,0.000165487973176059,1,0.0572707812394263,0,1,NotNormal
football,free_kicks,home,2021/2022+2022/2023,2,1113,0.310706902179935,3.29108693373166,0.986829932323083,1.81501514928684e-08,1,0.0724072462167997,0,1,NotNormal
football,free_kicks,away,2021/2022+2022/2023,2,1113,0.38249832723508,3.12901050342324,0.984619898940263,1.88710924664548e-09,1,0.0869065527570965,0,1,NotNormal
football,free_kicks,diff,2021/2022+2022/2023,2,1113,-0.0405440141676654,3.05798636969953,0.995574088172396,0.00258877344121322,1,0.0478189206826289,0,1,NotNormal
football,set_pieces,home,2021/2022+2022/2023,2,1113,0.0884824874146528,2.96546941145263,0.996734881561443,0.0207137921616649,1,0.0359963482429477,0,1,NotNormal
football,set_pieces,away,2021/2022+2022/2023,2,1113,0.284992843700653,3.06534589582387,0.993239172611706,5.9176219343815e-05,1,0.0455578022836699,0,1,NotNormal
football,set_pieces,diff,2021/2022+2022/2023,2,1113,-0.0407935758620715,2.98051895162436,0.998250917709395,0.313229144629385,0,0.0246496673574786,0.112,0,Normal
football,sp_shots,home,2021/2022+2022/2023,2,1113,0.964750945695461,4.98741302538277,0.933377397438348,0,1,0.154535625085838,0,1,NotNormal
football,sp_shots,away,2021/2022+2022/2023,2,1113,1.06307793672399,5.02284018641106,0.918452966389619,0,1,0.161779456811331,0,1,NotNormal
football,sp_shots,diff,2021/2022+2022/2023,2,1113,-0.0986121315896648,3.79276767270768,0.986126032879052,8.62846283311569e-09,1,0.0786780654452323,0,1,NotNormal
football,op_shots,home,2021/2022+2022/2023,2,1113,0.678360531700424,3.74205046124283,0.969297810351766,1.34336985979644e-14,1,0.0970087163805138,0,1,NotNormal
football,op_shots,away,2021/2022+2022/2023,2,1113,0.637124698920528,3.37776688260218,0.968663840122663,8.99280649946377e-15,1,0.109168031295902,0,1,NotNormal
football,op_shots,diff,2021/2022+2022/2023,2,1113,0.0594507787663981,3.24057016442398,0.995881741198316,0.00444072500130599,1,0.0455515231849666,0,1,NotNormal
football,passes,home,2021/2022+2022/2023,2,1113,0.400428658733234,2.80622688634938,0.986776479363313,1.71400297288571e-08,1,0.0485139922723561,0,1,NotNormal
football,passes,away,2021/2022+2022/2023,2,1113,0.559991030265898,3.43946807463843,0.981060919870494,7.20428161571363e-11,1,0.0554754067324685,0,1,NotNormal
football,passes,diff,2021/2022+2022/2023,2,1113,-0.0524532763859541,2.94329803529769,0.998496970143069,0.456346874773494,0,0.0164862479341887,0.681731864793012,0,Normal
football,successful_passes,home,2021/2022+2022/2023,2,1113,0.497007141320399,2.92497419062743,0.981207584792383,8.17719225665314e-11,1,0.0490891869547474,0,1,NotNormal
football,successful_passes,away,2021/2022+2022/2023,2,1113,0.711033099369358,3.67097123180654,0.969912472311993,1.97619698383278e-14,1,0.0644699592443148,0,1,NotNormal
football,successful_passes,diff,2021/2022+2022/2023,2,1113,-0.0606550737142211,2.95656676374165,0.998415882704779,0.405037798021702,0,0.0185386900975711,0.500500166722241,0,Normal
football,op_passes,home,2021/2022+2022/2023,2,1113,0.455305460045943,2.88087938711658,0.98406677925812,1.10428788335781e-09,1,0.0537502132258726,0,1,NotNormal
football,op_passes,away,2021/2022+2022/2023,2,1113,0.621342016611436,3.56904707933485,0.977377595027555,3.60289575951356e-12,1,0.0607515977957432,0,1,NotNormal
football,op_passes,diff,2021/2022+2022/2023,2,1113,-0.0484575957174949,2.98270461055695,0.998460432808166,0.432749147951647,0,0.0181897703578104,0.509509509509509,0,Normal
football,successful_op_passes,home,2021/2022+2022/2023,2,1113,0.569196250797214,3.06035550974325,0.976991639144153,2.68207678288945e-12,1,0.0555845160770513,0,1,NotNormal
football,successful_op_passes,away,2021/2022+2022/2023,2,1113,0.790291694646816,3.90582647148511,0.964180649885308,6.66133814775094e-16,1,0.0691410923980776,0,1,NotNormal
football,successful_op_passes,diff,2021/2022+2022/2023,2,1113,-0.0551220195007712,3.05947934673049,0.998423146754783,0.409474405210139,0,0.0215651512513055,0.248663101604278,0,Normal
football,passes_inside_box,home,2021/2022+2022/2023,2,1113,0.674823197114475,3.30499704165954,0.963186904849993,3.33066907387547e-16,1,0.111847349418581,0,1,NotNormal
football,passes_inside_box,away,2021/2022+2022/2023,2,1113,0.921357816626846,4.23829740756591,0.945635146716815,0,1,0.1121832148185,0,1,NotNormal
football,passes_inside_box,diff,2021/2022+2022/2023,2,1113,0.0107518794097062,3.03824251364617,0.995975716804447,0.00524610665194192,1,0.0410376203814554,0,1,NotNormal
football,successful_passes_inside_box,home,2021/2022+2022/2023,2,1113,1.1002026087602,4.56064668138512,0.902694051852579,0,1,0.189074019245382,0,1,NotNormal
football,successful_passes_inside_box,away,2021/2022+2022/2023,2,1113,1.21014048964719,5.0971221349187,0.887577860969723,0,1,0.175357906596606,0,1,NotNormal
football,successful_passes_inside_box,diff,2021/2022+2022/2023,2,1113,0.104740786188816,3.71176130777119,0.98406639982435,1.10388631568981e-09,1,0.088396799241545,0,1,NotNormal
football,passes_into_box,home,2021/2022+2022/2023,2,1113,0.571925939650594,3.4285972742772,0.98002383570324,2.99260616287711e-11,1,0.0579234936827346,0,1,NotNormal
football,passes_into_box,away,2021/2022+2022/2023,2,1113,0.551940587858024,3.12986590789907,0.978245088019889,7.07989222803462e-12,1,0.0624289991506217,0,1,NotNormal
football,passes_into_box,diff,2021/2022+2022/2023,2,1113,0.0109473007318728,3.16372086124498,0.998100508110608,0.244500733959093,0,0.0272611736729157,0.056,0,Normal
football,successful_passes_into_box,home,2021/2022+2022/2023,2,1113,0.707401487028636,3.63401435128812,0.965958191322704,1.77635683940025e-15,1,0.0920111184835954,0,1,NotNormal
football,successful_passes_into_box,away,2021/2022+2022/2023,2,1113,0.734936535896627,3.73000510018748,0.963527737914305,4.44089209850063e-16,1,0.107131533598307,0,1,NotNormal
football,successful_passes_into_box,diff,2021/2022+2022/2023,2,1113,0.0096946139521586,3.1211809716568,0.996496502440562,0.0133976961685683,1,0.0470471995105548,0,1,NotNormal
football,op_passes_into_box,home,2021/2022+2022/2023,2,1113,0.77825820741671,3.77094958795786,0.964128065155734,6.66133814775094e-16,1,0.0825120379878173,0,1,NotNormal
football,op_passes_into_box,away,2021/2022+2022/2023,2,1113,0.709160405475406,3.56028525016482,0.968979507340309,1.0991207943789e-14,1,0.0856303604931044,0,1,NotNormal
football,op_passes_into_box,diff,2021/2022+2022/2023,2,1113,0.0805639522867006,3.23989473539028,0.997222820491446,0.0508517927090164,0,0.0288416920943968,0.034,1,Close
football,successful_op_passes_into_box,home,2021/2022+2022/2023,2,1113,0.82588995538333,3.7321979614212,0.953220297968569,0,1,0.105148748561179,0,1,NotNormal
football,successful_op_passes_into_box,away,2021/2022+2022/2023,2,1113,0.963744035010862,4.2319177191617,0.941419335547364,0,1,0.125437840302097,0,1,NotNormal
football,successful_op_passes_into_box,diff,2021/2022+2022/2023,2,1113,-0.0425086556215136,3.26191571504696,0.993954069782452,0.000177439164525284,1,0.0475606141807478,0,1,NotNormal
football,passes_into_final_third,home,2021/2022+2022/2023,2,1113,0.182179570634457,3.06937018920132,0.996108928168506,0.00665347078109091,1,0.0328131239206805,0.005,1,NotNormal
football,passes_into_final_third,away,2021/2022+2022/2023,2,1113,0.17319050906028,3.19665863392431,0.995883849736045,0.0044573215626712,1,0.0279441320191993,0.031,1,NotNormal
football,passes_into_final_third,diff,2021/2022+2022/2023,2,1113,0.0454156575139641,3.37198314734109,0.996398425702721,0.0112106275937317,1,0.0190749977553127,0.442432524769388,0,Close
football,successful_passes_into_final_third,home,2021/2022+2022/2023,2,1113,0.883157005533603,4.56315133198791,0.96042304983381,1.11022302462516e-16,1,0.0907067993800353,0,1,NotNormal
football,successful_passes_into_final_third,away,2021/2022+2022/2023,2,1113,0.735629188605482,4.04816025827881,0.970810166889865,3.50830475781549e-14,1,0.0723198193561257,0,1,NotNormal
football,successful_passes_into_final_third,diff,2021/2022+2022/2023,2,1113,0.120554321662782,3.82357481278332,0.992987225339634,4.0653408140745e-05,1,0.0501934545994493,0,1,NotNormal
football,op_passes_into_final_third,home,2021/2022+2022/2023,2,1113,0.3475079383434,3.33100040360624,0.991400490462785,4.3371327664854e-06,1,0.0366279862492773,0.004,1,NotNormal
football,op_passes_into_final_third,away,2021/2022+2022/2023,2,1113,0.285084415953743,3.27721774633335,0.993785206204367,0.000136286152707887,1,0.0370385440614622,0,1,NotNormal
football,op_passes_into_final_third,diff,2021/2022+2022/2023,2,1113,0.0279848250965291,3.37413337980351,0.997292157271154,0.0577708376470185,0,0.0278263906849665,0.027,1,Close
football,successful_op_passes_into_final_third,home,2021/2022+2022/2023,2,1113,0.971779752320782,4.64829065775162,0.952538362759257,0,1,0.0874474591816687,0,1,NotNormal
football,successful_op_passes_into_final_third,away,2021/2022+2022/2023,2,1113,0.902989048021766,4.35434458653304,0.9566463068408,0,1,0.0884169369114108,0,1,NotNormal
football,successful_op_passes_into_final_third,diff,2021/2022+2022/2023,2,1113,0.0830062439835039,3.75253228795032,0.99345754189952,8.23284122436485e-05,1,0.044996587460761,0,1,NotNormal
football,passes_in_final_third,home,2021/2022+2022/2023,2,1113,0.769120754254713,3.86381576881802,0.966739040176975,2.77555756156289e-15,1,0.070918206912595,0,1,NotNormal
football,passes_in_final_third,away,2021/2022+2022/2023,2,1113,0.72431344461326,4.36372772363852,0.973826539269316,2.67341704329738e-13,1,0.0514191455297395,0,1,NotNormal
football,passes_in_final_third,diff,2021/2022+2022/2023,2,1113,0.0385986325316111,3.5191802650719,0.995401844558184,0.0019217259508556,1,0.0326623902920223,0.006,1,NotNormal
football,successful_passes_in_final_third,home,2021/2022+2022/2023,2,1113,1.08748317950201,4.59508386517899,0.93732429347422,0,1,0.0933328346694012,0,1,NotNormal
football,successful_passes_in_final_third,away,2021/2022+2022/2023,2,1113,1.23813034829317,5.92491006380756,0.931950728466689,0,1,0.0813760500928564,0,1,NotNormal
football,successful_passes_in_final_third,diff,2021/2022+2022/2023,2,1113,0.0315893160111731,3.87826522042946,0.990178928769161,8.84410156443138e-07,1,0.0478705586421282,0,1,NotNormal
football,passes_in_middle_third,home,2021/2022+2022/2023,2,1113,0.76322369104815,3.77855325173782,0.967498512623937,4.44089209850063e-15,1,0.0610650800332343,0,1,NotNormal
football,passes_in_middle_third,away,2021/2022+2022/2023,2,1113,0.80076126538344,3.97429739573296,0.96463200004164,7.7715611723761e-16,1,0.073615238760756,0,1,NotNormal
football,passes_in_middle_third,diff,2021/2022+2022/2023,2,1113,0.0264324217987036,3.32002343784608,0.997523993362098,0.0883236590081544,0,0.0248146653403144,0.117065127782358,0,Normal
football,successful_passes_in_middle_third,home,2021/2022+2022/2023,2,1113,0.882437460778255,4.00492623162288,0.956778936166714,0,1,0.066570618120907,0,1,NotNormal
football,successful_passes_in_middle_third,away,2021/2022+2022/2023,2,1113,0.931738175432378,4.28770728094002,0.952513303467264,0,1,0.0853101513947371,0,1,NotNormal
football,successful_passes_in_middle_third,diff,2021/2022+2022/2023,2,1113,0.037645757365158,3.34036318356956,0.997209086934654,0.0495820833468057,1,0.0229659402661191,0.170860152135752,0,Close
football,passes_in_own_third,home,2021/2022+2022/2023,2,1113,0.691847647666229,3.82290375585204,0.972678577048384,1.2134737659153e-13,1,0.0445845934908774,0,1,NotNormal
football,passes_in_own_third,away,2021/2022+2022/2023,2,1113,0.675190338980529,3.66266395411413,0.97345846880045,2.07056594092592e-13,1,0.0632084885197011,0,1,NotNormal
football,passes_in_own_third,diff,2021/2022+2022/2023,2,1113,-0.122475273153442,3.29213956390467,0.997851881346425,0.159179591485866,0,0.0206719076438884,0.307077169132347,0,Normal
football,successful_passes_in_own_third,home,2021/2022+2022/2023,2,1113,0.63268672608491,3.56238130397255,0.974806675162722,5.34794430961938e-13,1,0.0539547099947569,0,1,NotNormal
football,successful_passes_in_own_third,away,2021/2022+2022/2023,2,1113,0.707453908972602,3.72245140508919,0.96918285217393,1.24344978758018e-14,1,0.0676118262221739,0,1,NotNormal
football,successful_passes_in_own_third,diff,2021/2022+2022/2023,2,1113,-0.154128459512689,3.18155688016744,0.997378541437606,0.0677018762657156,0,0.0243552658097355,0.109,0,Normal
football,forward_passes,home,2021/2022+2022/2023,2,1113,0.209595847892002,3.4679476670331,0.99455042893425,0.000461079322180202,1,0.0316899867555367,0.013,1,NotNormal
football,forward_passes,away,2021/2022+2022/2023,2,1113,0.209534269133401,3.72470075747132,0.994031052539622,0.000200310142230986,1,0.0310759112012502,0.009,1,NotNormal
football,forward_passes,diff,2021/2022+2022/2023,2,1113,0.0135872369158883,3.30876415768708,0.998231962102552,0.303791186840252,0,0.0276879724868343,0.037,1,Close
football,sideways_passes,home,2021/2022+2022/2023,2,1113,0.531090473135663,2.96527248528554,0.97879690380556,1.09798836689379e-11,1,0.0530610302534371,0,1,NotNormal
football,sideways_passes,away,2021/2022+2022/2023,2,1113,0.719355954193834,3.76063701956257,0.970436034297356,2.75335310107039e-14,1,0.0609408847489735,0,1,NotNormal
football,sideways_passes,diff,2021/2022+2022/2023,2,1113,-0.0398635976737771,2.96685722167416,0.998636750243692,0.552956999396775,0,0.0197961812006073,0.389488339714584,0,Normal
football,backward_passes,home,2021/2022+2022/2023,2,1113,0.598563750143147,3.50450690838744,0.979496336584626,1.93551841221051e-11,1,0.0547109756232205,0,1,NotNormal
football,backward_passes,away,2021/2022+2022/2023,2,1113,0.696009953241729,3.71050173454291,0.973094956685342,1.61204383175573e-13,1,0.0686425009266537,0,1,NotNormal
football,backward_passes,diff,2021/2022+2022/2023,2,1113,0.00608405372421727,3.24380061089769,0.998673671266357,0.579816932815328,0,0.0219821499430531,0.220797720797721,0,Normal
football,forward_passes_in_final_third,home,2021/2022+2022/2023,2,1113,0.289883557436492,2.90622623757937,0.992614066100418,2.35611026787597e-05,1,0.0536491060034322,0,1,NotNormal
football,forward_passes_in_final_third,away,2021/2022+2022/2023,2,1113,0.298403520605141,3.0013448083024,0.993053593071663,4.48540051875002e-05,1,0.0433871268098639,0,1,NotNormal
football,forward_passes_in_final_third,diff,2021/2022+2022/2023,2,1113,-0.0472339242851795,2.94473313801243,0.998176740362156,0.2775879942047,0,0.0330750481062341,0.005,1,NotNormal
football,sideways_passes_in_final_third,home,2021/2022+2022/2023,2,1113,0.992933762639776,4.42183864240407,0.94838880375784,0,1,0.0844716368078819,0,1,NotNormal
football,sideways_passes_in_final_third,away,2021/2022+2022/2023,2,1113,0.939095652917441,4.71034182144916,0.956534748440526,0,1,0.0668791714986533,0,1,NotNormal
football,sideways_passes_in_final_third,diff,2021/2022+2022/2023,2,1113,0.105002454409038,3.59783537715451,0.994272545543481,0.000294145663870315,1,0.0375820411847302,0.001,1,NotNormal
football,backward_passes_in_final_third,home,2021/2022+2022/2023,2,1113,1.22939525282371,5.78682889955189,0.929121335933617,0,1,0.112102140206784,0,1,NotNormal
football,backward_passes_in_final_third,away,2021/2022+2022/2023,2,1113,1.2145710791544,5.87324528761928,0.93235002961824,0,1,0.110520201723614,0,1,NotNormal
football,backward_passes_in_final_third,diff,2021/2022+2022/2023,2,1113,0.129828816509164,4.12910538135792,0.989619342153919,4.41624019242859e-07,1,0.0511604454192417,0,1,NotNormal
football,deep_completions,home,2021/2022+2022/2023,2,1113,1.16665915214407,5.21410286972899,0.915926523160839,0,1,0.152342457206023,0,1,NotNormal
football,deep_completions,away,2021/2022+2022/2023,2,1113,1.21762921465944,5.34546601144334,0.907837630631485,0,1,0.153858338337547,0,1,NotNormal
football,deep_completions,diff,2021/2022+2022/2023,2,1113,0.168596122126092,4.22378322591989,0.982484997649356,2.53233323199709e-10,1,0.0772582376647115,0,1,NotNormal
football,long_balls,home,2021/2022+2022/2023,2,1113,0.134168546478453,3.24022785921435,0.996421142548976,0.0116823743508685,1,0.0381145460919607,0.001,1,NotNormal
football,long_balls,away,2021/2022+2022/2023,2,1113,0.210988902639715,3.23535111202024,0.995093185841173,0.00113538658153456,1,0.030601909435316,0.015,1,NotNormal
football,long_balls,diff,2021/2022+2022/2023,2,1113,0.069090303834254,3.22430097143219,0.997426750090747,0.0739536787189639,0,0.024915904542143,0.110474631751228,0,Normal
football,successful_long_balls,home,2021/2022+2022/2023,2,1113,0.601079476483452,3.71303560729673,0.979488972798788,1.9238721726822e-11,1,0.0709702167040718,0,1,NotNormal
football,successful_long_balls,away,2021/2022+2022/2023,2,1113,0.662262053209201,3.86437661333302,0.975101478368225,6.61137811164281e-13,1,0.0718955191980908,0,1,NotNormal
football,successful_long_balls,diff,2021/2022+2022/2023,2,1113,0.0444308490204963,3.2214342046175,0.997768431009599,0.137278603314168,0,0.0258250215390057,0.081,0,Normal
football,goalkeeper_long_balls,home,2021/2022+2022/2023,2,1113,0.274032246346518,2.73588734269834,0.990668545452279,1.65168277410643e-06,1,0.0517142565033875,0,1,NotNormal
football,goalkeeper_long_balls,away,2021/2022+2022/2023,2,1113,0.0826116291242509,2.68399723161546,0.995356637248436,0.0017780667706242,1,0.0444747877695296,0,1,NotNormal
football,goalkeeper_long_balls,diff,2021/2022+2022/2023,2,1113,0.01008384228943,2.63565911105659,0.996261175810039,0.00874657230440501,1,0.0289346129884591,0.019,1,NotNormal
football,goalkeeper_passes,home,2021/2022+2022/2023,2,1113,0.954891126275179,5.02533694656289,0.955462164811256,0,1,0.0808249362722232,0,1,NotNormal
football,goalkeeper_passes,away,2021/2022+2022/2023,2,1113,1.21124702070719,6.33113252908677,0.93666355325709,0,1,0.085614288660521,0,1,NotNormal
football,goalkeeper_passes,diff,2021/2022+2022/2023,2,1113,-0.133853239523696,4.15195520156877,0.988503350928973,1.17058710835671e-07,1,0.0513439747906204,0,1,NotNormal
football,crosses,home,2021/2022+2022/2023,2,1113,0.8211552858931,3.91988757492822,0.959706857064537,1.11022302462516e-16,1,0.0933911215143701,0,1,NotNormal
football,crosses,away,2021/2022+2022/2023,2,1113,0.755587862596345,3.48610980137811,0.959851997663681,1.11022302462516e-16,1,0.109795885060335,0,1,NotNormal
football,crosses,diff,2021/2022+2022/2023,2,1113,0.140310389596302,3.36171217012045,0.9958349221502,0.00408816439953608,1,0.0421613376079593,0,1,NotNormal
football,successful_crosses,home,2021/2022+2022/2023,2,1113,0.862718818344177,4.11153240669043,0.94148598246742,0,1,0.153017738623507,0,1,NotNormal
football,successful_crosses,away,2021/2022+2022/2023,2,1113,1.11604063243823,4.94314522023676,0.913602470565251,0,1,0.15638994076556,0,1,NotNormal
football,successful_crosses,diff,2021/2022+2022/2023,2,1113,-0.016131681402943,3.74040829666942,0.987969804585319,6.36086712191286e-08,1,0.0852515392519982,0,1,NotNormal
football,dribbles,home,2021/2022+2022/2023,2,1113,0.666589356488996,3.21911700822674,0.966616373424508,2.66453525910038e-15,1,0.105631189928098,0,1,NotNormal
football,dribbles,away,2021/2022+2022/2023,2,1113,0.766361586789926,4.01942350545868,0.96450655527766,7.7715611723761e-16,1,0.0897169476699057,0,1,NotNormal
football,dribbles,diff,2021/2022+2022/2023,2,1113,0.0123958762376954,3.38367421679937,0.995635554022661,0.00288130914652551,1,0.0455442614264975,0,1,NotNormal
football,successful_dribbles,home,2021/2022+2022/2023,2,1113,0.721628392009634,3.6738965563258,0.962380498716119,2.22044604925031e-16,1,0.114881231084663,0,1,NotNormal
football,successful_dribbles,away,2021/2022+2022/2023,2,1113,0.757059069114529,3.89352802893011,0.960369982935909,1.11022302462516e-16,1,0.105310375333731,0,1,NotNormal
football,successful_dribbles,diff,2021/2022+2022/2023,2,1113,-0.0500361493332793,3.5857121113077,0.992499663337853,1.99818555943754e-05,1,0.0609747169209574,0,1,NotNormal
football,carries,home,2021/2022+2022/2023,2,1113,0.450080153654027,2.91790276260795,0.984905667686545,2.50034704052382e-09,1,0.0543620486437305,0,1,NotNormal
football,carries,away,2021/2022+2022/2023,2,1113,0.694992802199984,3.64095720711429,0.971219271119473,4.5852210917019e-14,1,0.0572754830766706,0,1,NotNormal
football,carries,diff,2021/2022+2022/2023,2,1113,-0.0761852141765215,3.00765729968635,0.99762975006947,0.10701114899827,0,0.0274541096442547,0.068,0,Normal
football,carries_into_final_third,home,2021/2022+2022/2023,2,1113,0.766627269133688,4.00944572791599,0.965248473635912,1.22124532708767e-15,1,0.0897704549918062,0,1,NotNormal
football,carries_into_final_third,away,2021/2022+2022/2023,2,1113,0.778904140487367,4.07043647875389,0.96376264625299,5.55111512312578e-16,1,0.0853852448368869,0,1,NotNormal
football,carries_into_final_third,diff,2021/2022+2022/2023,2,1113,0.142679983139336,3.55800503583147,0.994287112974834,0.000301099682531447,1,0.0504685781472661,0,1,NotNormal
football,carries_into_box,home,2021/2022+2022/2023,2,1113,0.787694767012007,3.521240506519,0.947911956800331,0,1,0.127367679862349,0,1,NotNormal
football,carries_into_box,away,2021/2022+2022/2023,2,1113,0.715853983965054,3.25780414655036,0.951215081306734,0,1,0.136478544900468,0,1,NotNormal
football,carries_into_box,diff,2021/2022+2022/2023,2,1113,0.106089658909695,3.03384853143564,0.993606618670546,0.000103414678382929,1,0.0611270857378425,0,1,NotNormal
football,progressive_carries,home,2021/2022+2022/2023,2,1113,0.688759209138418,3.60046502200337,0.971171811694147,4.44089209850063e-14,1,0.0742075164140422,0,1,NotNormal
football,progressive_carries,away,2021/2022+2022/2023,2,1113,0.637111490191315,3.51496077829275,0.974302075920978,3.73479025483903e-13,1,0.0765505686354871,0,1,NotNormal
football,progressive_carries,diff,2021/2022+2022/2023,2,1113,0.167648131708758,3.18410225919369,0.995730694265709,0.00340316844246469,1,0.0487613032559516,0,1,NotNormal
football,deep_progressions,home,2021/2022+2022/2023,2,1113,0.875506660900063,4.4513167928316,0.960759755619833,1.11022302462516e-16,1,0.0849432128195545,0,1,NotNormal
football,deep_progressions,away,2021/2022+2022/2023,2,1113,0.839204852638669,4.44954955297134,0.963844992384304,5.55111512312578e-16,1,0.0680932226163738,0,1,NotNormal
football,deep_progressions,diff,2021/2022+2022/2023,2,1113,0.109377371947837,3.81398724067232,0.991725452920725,6.74444000037244e-06,1,0.0475234962288612,0,1,NotNormal
football,box_entries,home,2021/2022+2022/2023,2,1113,0.607690489793218,3.2593182241356,0.973603531502902,2.28927987677707e-13,1,0.0826613777734563,0,1,NotNormal
football,box_entries,away,2021/2022+2022/2023,2,1113,0.588938905073444,3.29810282436328,0.974705204235214,4.9737991503207e-13,1,0.0777536483098132,0,1,NotNormal
football,box_entries,diff,2021/2022+2022/2023,2,1113,0.079073882929424,2.98237360989801,0.996818265584566,0.0241407281094177,1,0.0383571896109473,0.002,1,NotNormal
football,tackles,home,2021/2022+2022/2023,2,1113,0.481906588690363,3.49726469092326,0.985383617520079,4.03186217745599e-09,1,0.0572202126933019,0,1,NotNormal
football,tackles,away,2021/2022+2022/2023,2,1113,0.450941064403909,3.2873688478096,0.985949291274086,7.18369608243563e-09,1,0.0667039243060784,0,1,NotNormal
football,tackles,diff,2021/2022+2022/2023,2,1113,-0.0405959329091932,3.35870172697568,0.996983476754794,0.0327183660948952,1,0.0361497691385747,0.002,1,NotNormal
football,successful_tackles,home,2021/2022+2022/2023,2,1113,0.377427089761573,3.34392340386342,0.988172395774803,8.00412487400592e-08,1,0.0576630002363765,0,1,NotNormal
football,successful_tackles,away,2021/2022+2022/2023,2,1113,0.407203870247082,3.2745851229015,0.986643313073093,1.48698685586979e-08,1,0.0643669079507629,0,1,NotNormal
football,successful_tackles,diff,2021/2022+2022/2023,2,1113,-0.036519819153265,3.29498685397079,0.995797794456677,0.00382916996443194,1,0.0403435132493032,0,1,NotNormal
football,ball_recoveries,home,2021/2022+2022/2023,2,1113,0.257719772472131,3.06575358874322,0.994120811914672,0.00023089906115048,1,0.049345523657232,0,1,NotNormal
football,ball_recoveries,away,2021/2022+2022/2023,2,1113,0.392105941573852,4.2213525183615,0.987013101572014,2.21075519002412e-08,1,0.0530104566255117,0,1,NotNormal
football,ball_recoveries,diff,2021/2022+2022/2023,2,1113,-0.116155526935811,3.16371349193682,0.997606765205189,0.102652133479478,0,0.0327613207566743,0.006,1,NotNormal
football,regains,home,2021/2022+2022/2023,2,1113,0.257790932486193,3.20402507752214,0.994715166726385,0.000604153132164997,1,0.0420696859279786,0,1,NotNormal
football,regains,away,2021/2022+2022/2023,2,1113,0.46163383455684,3.63673598730123,0.987429368919492,3.48185175136351e-08,1,0.0627393294805672,0,1,NotNormal
football,regains,diff,2021/2022+2022/2023,2,1113,-0.00726852978019442,3.12528188558394,0.998588608127913,0.518671009104216,0,0.0274353213100733,0.043,1,Close
football,regains_opposition_half,home,2021/2022+2022/2023,2,1113,0.278397380835218,2.79481662497894,0.991672101123505,6.26932156899684e-06,1,0.0529193081316761,0,1,NotNormal
football,regains_opposition_half,away,2021/2022+2022/2023,2,1113,0.478328353980081,3.70756819176762,0.985325526303891,3.80252507259371e-09,1,0.0501047332726633,0,1,NotNormal
football,regains_opposition_half,diff,2021/2022+2022/2023,2,1113,-0.0379696922370162,2.94228201026258,0.997101483967858,0.0406659875231201,1,0.0280266223698514,0.038,1,Close
football,tackle_interceptions_opposition_half,home,2021/2022+2022/2023,2,1113,0.846354632448312,3.983835035722,0.954844715209,0,1,0.113771274533391,0,1,NotNormal
football,tackle_interceptions_opposition_half,away,2021/2022+2022/2023,2,1113,0.831553267791926,3.99846761166207,0.954988900414664,0,1,0.114002187063356,0,1,NotNormal
football,tackle_interceptions_opposition_half,diff,2021/2022+2022/2023,2,1113,0.0118058580987561,3.15927521731489,0.995826390771636,0.00402709500916743,1,0.0475158120513991,0,1,NotNormal
football,blocks,home,2021/2022+2022/2023,2,1113,0.507363853244823,3.20968842639244,0.980864289457103,6.0849214555958e-11,1,0.0802627593388218,0,1,NotNormal
football,blocks,away,2021/2022+2022/2023,2,1113,0.339184145982714,3.22126447812915,0.990546074734348,1.41059608382843e-06,1,0.0579571723868001,0,1,NotNormal
football,blocks,diff,2021/2022+2022/2023,2,1113,0.00596302615659029,2.91513220392476,0.997575621380374,0.0970164165679346,0,0.0390261222850691,0.001,1,NotNormal
football,pressures,home,2021/2022+2022/2023,2,1113,0.647639614553968,3.53594667597177,0.975203062455923,7.11541936482263e-13,1,0.0634509815151924,0,1,NotNormal
football,pressures,away,2021/2022+2022/2023,2,1113,0.703374307086111,3.94218883778708,0.973463167250582,2.07722727907367e-13,1,0.0501455873528116,0,1,NotNormal
football,pressures,diff,2021/2022+2022/2023,2,1113,0.0768275455288297,3.49888210713608,0.995682187092326,0.00312590374841537,1,0.0239216393193132,0.145479265805574,0,NotNormal
football,pressures_opposition_half,home,2021/2022+2022/2023,2,1113,0.914893089203528,4.25363146219757,0.955679907782961,0,1,0.0784826543349385,0,1,NotNormal
football,pressures_opposition_half,away,2021/2022+2022/2023,2,1113,0.822731465261271,3.82485487754096,0.961117478492226,1.11022302462516e-16,1,0.0722495015587279,0,1,NotNormal
football,pressures_opposition_half,diff,2021/2022+2022/2023,2,1113,0.189655356114619,3.63926314746215,0.993433763141017,7.94033884082834e-05,1,0.0367486985671163,0.003,1,NotNormal
football,counterpressures,home,2021/2022+2022/2023,2,1113,0.471341389306737,3.01268008132873,0.983812084724828,8.66091642848232e-10,1,0.0592629018523779,0,1,NotNormal
football,counterpressures,away,2021/2022+2022/2023,2,1113,0.470341404903903,3.25275770468971,0.985881303747563,6.69714339540661e-09,1,0.0513066188896761,0,1,NotNormal
football,counterpressures,diff,2021/2022+2022/2023,2,1113,-0.112879670611095,3.30075428620365,0.997058802157624,0.0375898056793371,1,0.0367104720345364,0,1,NotNormal
football,counterpressures_opposition_half,home,2021/2022+2022/2023,2,1113,0.556113264450588,3.26127478258315,0.979350737288586,1.71833658413334e-11,1,0.0757690730830832,0,1,NotNormal
football,counterpressures_opposition_half,away,2021/2022+2022/2023,2,1113,0.45833390108504,3.02278940741124,0.984013974208952,1.04983721715968e-09,1,0.0724371143674772,0,1,NotNormal
football,counterpressures_opposition_half,diff,2021/2022+2022/2023,2,1113,-0.00431893270105674,3.22893845614611,0.997411094688153,0.0718639408299875,0,0.0372422874839612,0,1,NotNormal
football,fouls,home,2021/2022+2022/2023,2,1113,0.343141864702132,3.0195628125119,0.986050101298751,7.97388310935787e-09,1,0.082333224228189,0,1,NotNormal
football,fouls,away,2021/2022+2022/2023,2,1113,0.290205838771984,3.17821164462708,0.98900484314035,2.10673563705299e-07,1,0.0682581646684442,0,1,NotNormal
football,fouls,diff,2021/2022+2022/2023,2,1113,0.00879238431955315,3.01885912152576,0.996537254519488,0.0144302919730067,1,0.0381333977482281,0.001,1,NotNormal
football,np_shots,home,2023/2024+2024/2025,2,1114,0.487707090156573,3.23233779109157,0.981974122840278,1.5785805995705e-10,1,0.0824114411592964,0,1,NotNormal
football,np_shots,away,2023/2024+2024/2025,2,1114,0.489456391234951,3.1727046846966,0.980641955498234,4.95887775286974e-11,1,0.0807069227647246,0,1,NotNormal
football,np_shots,diff,2023/2024+2024/2025,2,1114,0.0631637951704086,2.93609437512174,0.997191613680755,0.0478031405881534,1,0.0426767773127947,0,1,NotNormal
football,shots,home,2023/2024+2024/2025,2,1114,0.49404453782829,3.24045219539392,0.981302724642844,8.75001182620849e-11,1,0.0842462116559967,0,1,NotNormal
football,shots,away,2023/2024+2024/2025,2,1114,0.477410811948857,3.12824140325967,0.98115167439214,7.67632624132375e-11,1,0.080666062116192,0,1,NotNormal
football,shots,diff,2023/2024+2024/2025,2,1114,0.0654160071578848,2.91969884522593,0.997327015277157,0.0613388077055798,0,0.040784392150233,0,1,NotNormal
football,shots_inside_box,home,2023/2024+2024/2025,2,1114,0.600475031059015,3.46367546305013,0.972499498727581,1.05582209641852e-13,1,0.107581093471489,0,1,NotNormal
football,shots_inside_box,away,2023/2024+2024/2025,2,1114,0.608918119591918,3.41366612264819,0.968983981227382,1.0769163338864e-14,1,0.113919321607471,0,1,NotNormal
football,shots_inside_box,diff,2023/2024+2024/2025,2,1114,0.127045431607377,3.08177143734143,0.995483670314952,0.00219828067284766,1,0.0529979968501447,0,1,NotNormal
football,shots_outside_box,home,2023/2024+2024/2025,2,1114,0.666862744775966,3.37652375140411,0.958729344781514,0,1,0.129225032700841,0,1,NotNormal
football,shots_outside_box,away,2023/2024+2024/2025,2,1114,0.700988104037234,3.57616489552308,0.950706043138439,0,1,0.138259899126281,0,1,NotNormal
football,shots_outside_box,diff,2023/2024+2024/2025,2,1114,0.0906288819499067,3.2134964489837,0.991770256815535,7.10119786939689e-06,1,0.069334232205564,0,1,NotNormal
football,penalties,home,2023/2024+2024/2025,2,1114,2.9259125844199,10.612140658619,0.342149679961082,0,1,0.529431992458384,0,1,NotNormal
football,penalties,away,2023/2024+2024/2025,2,1114,3.86320679685621,17.8536257805402,0.267983985966473,0,1,0.536918349589334,0,1,NotNormal
football,penalties,diff,2023/2024+2024/2025,2,1114,0.221066932060174,7.969773950989,0.549610890231214,0,1,0.436848143956868,0,1,NotNormal
football,big_chances,home,2023/2024+2024/2025,2,1114,1.2582813084888,4.84543642522012,0.821625611125253,0,1,0.234282361192719,0,1,NotNormal
football,big_chances,away,2023/2024+2024/2025,2,1114,1.2557533453378,4.65172457921218,0.794543214646702,0,1,0.255077936842459,0,1,NotNormal
football,big_chances,diff,2023/2024+2024/2025,2,1114,0.157969950886076,3.85737834850788,0.956801554243416,0,1,0.164228283078475,0,1,NotNormal
football,corners,home,2023/2024+2024/2025,2,1114,0.632487560216648,3.50675052302696,0.966038234512009,1.77635683940025e-15,1,0.114005778756379,0,1,NotNormal
football,corners,away,2023/2024+2024/2025,2,1114,0.801570762951694,4.00098538999667,0.951204758929716,0,1,0.126709907751178,0,1,NotNormal
football,corners,diff,2023/2024+2024/2025,2,1114,0.075709866456515,3.17118810880938,0.994958836617576,0.000899187157122228,1,0.0572440959138669,0,1,NotNormal
football,free_kicks,home,2023/2024+2024/2025,2,1114,0.296606190142089,2.9519347897962,0.987283128799736,2.92864853479458e-08,1,0.0723136515456672,0,1,NotNormal
football,free_kicks,away,2023/2024+2024/2025,2,1114,0.24650285521711,3.10757273254411,0.989731006667049,5.0079709679185e-07,1,0.0761717286808927,0,1,NotNormal
football,free_kicks,diff,2023/2024+2024/2025,2,1114,0.0751050300898986,3.08948829757284,0.995446118739716,0.002060113919647,1,0.0509476023592199,0,1,NotNormal
football,set_pieces,home,2023/2024+2024/2025,2,1114,0.2538908647643,3.0515505915835,0.994230844214421,0.000272950675110795,1,0.0476087977635347,0,1,NotNormal
football,set_pieces,away,2023/2024+2024/2025,2,1114,0.270481184131506,3.14814250390143,0.994052395959691,0.000205491835194471,1,0.0452787940773682,0,1,NotNormal
football,set_pieces,diff,2023/2024+2024/2025,2,1114,0.015738012463743,3.05861869577446,0.99840126229934,0.395418652327194,0,0.0321166887500635,0.009,1,NotNormal
football,sp_shots,home,2023/2024+2024/2025,2,1114,0.870487655213739,3.68008785898922,0.935444081754165,0,1,0.145802037501246,0,1,NotNormal
football,sp_shots,away,2023/2024+2024/2025,2,1114,1.02245025402892,4.39101163044656,0.915730528654521,0,1,0.170643215534103,0,1,NotNormal
football,sp_shots,diff,2023/2024+2024/2025,2,1114,-0.00224870995936556,3.36690956670385,0.989735170428428,5.03370389370872e-07,1,0.0736376421583382,0,1,NotNormal
football,op_shots,home,2023/2024+2024/2025,2,1114,0.479066539584859,2.99728668569932,0.97893567626983,1.20859988683719e-11,1,0.0867023854277209,0,1,NotNormal
football,op_shots,away,2023/2024+2024/2025,2,1114,0.60151964283109,3.16803639117779,0.968442926558244,7.7715611723761e-15,1,0.107548592880128,0,1,NotNormal
football,op_shots,diff,2023/2024+2024/2025,2,1114,0.071790886972377,2.84437683744691,0.995852046813966,0.00418727322409562,1,0.0434818868905437,0,1,NotNormal
football,passes,home,2023/2024+2024/2025,2,1114,0.336001734129113,2.85490710268216,0.99078006554808,1.88846350246408e-06,1,0.0395384004629795,0,1,NotNormal
football,passes,away,2023/2024+2024/2025,2,1114,0.477140221195079,3.26026022110892,0.984545405985184,1.73077130405375e-09,1,0.0482772787074471,0,1,NotNormal
football,passes,diff,2023/2024+2024/2025,2,1114,-0.0797117957389141,2.85530825191248,0.997783450272448,0.140537802375952,0,0.0271422706396076,0.049,1,Close
football,successful_passes,home,2023/2024+2024/2025,2,1114,0.379891497123804,2.89166649730371,0.988064715821686,6.99668608605819e-08,1,0.0400141776531294,0,1,NotNormal
football,successful_passes,away,2023/2024+2024/2025,2,1114,0.530434856876732,3.38334550700033,0.981357730586488,9.17876885608848e-11,1,0.0527638049897325,0,1,NotNormal
football,successful_passes,diff,2023/2024+2024/2025,2,1114,-0.0810959016033822,2.87434844775888,0.997755766842623,0.133762904902877,0,0.0241596546185799,0.117206982543641,0,Normal
football,op_passes,home,2023/2024+2024/2025,2,1114,0.379916759784105,2.9044483971088,0.988938616910563,1.92522868980305e-07,1,0.0442079643842052,0,1,NotNormal
football,op_passes,away,2023/2024+2024/2025,2,1114,0.514003628464916,3.34867694921337,0.982462789627918,2.4464830161719e-10,1,0.0497285964867608,0,1,NotNormal
football,op_passes,diff,2023/2024+2024/2025,2,1114,-0.0711453853414043,2.88171942875954,0.997844399083,0.156593904488787,0,0.026797332419359,0.056,0,Normal
football,successful_op_passes,home,2023/2024+2024/2025,2,1114,0.453533243853308,2.99149144294083,0.984438967696111,1.56021229269498e-09,1,0.0466996353814337,0,1,NotNormal
football,successful_op_passes,away,2023/2024+2024/2025,2,1114,0.605108025188807,3.58640965014387,0.977044542595654,2.74780198594726e-12,1,0.0582794503801544,0,1,NotNormal
football,successful_op_passes,diff,2023/2024+2024/2025,2,1114,-0.065853788725469,2.94463975128792,0.997910334967387,0.175852606101471,0,0.0207718153496812,0.313664596273292,0,Normal
football,passes_inside_box,home,2023/2024+2024/2025,2,1114,1.23053010220238,5.85364676636595,0.925938370987612,0,1,0.122032273114208,0,1,NotNormal
football,passes_inside_box,away,2023/2024+2024/2025,2,1114,1.22683898168978,5.8011944227068,0.923598008269498,0,1,0.115098687426095,0,1,NotNormal
football,passes_inside_box,diff,2023/2024+2024/2025,2,1114,0.181602838366493,4.36947967911774,0.986091760951636,8.2186908390014e-09,1,0.0579983745688226,0,1,NotNormal
football,successful_passes_inside_box,home,2023/2024+2024/2025,2,1114,1.24700884625042,5.4358492442967,0.897126129863594,0,1,0.169123516149541,0,1,NotNormal
football,successful_passes_inside_box,away,2023/2024+2024/2025,2,1114,1.46860257170349,6.94868568584596,0.871067790978565,0,1,0.175905787772761,0,1,NotNormal
football,successful_passes_inside_box,diff,2023/2024+2024/2025,2,1114,0.103848797791366,4.27961540461211,0.979832195544602,2.51363374559332e-11,1,0.0837307348877302,0,1,NotNormal
football,passes_into_box,home,2023/2024+2024/2025,2,1114,0.628025695256375,3.56249577130119,0.976720933005869,2.14983586488415e-12,1,0.0696405807137917,0,1,NotNormal
football,passes_into_box,away,2023/2024+2024/2025,2,1114,0.507355185816538,3.22886243553202,0.982955921994391,3.83628906419631e-10,1,0.0650510787762144,0,1,NotNormal
football,passes_into_box,diff,2023/2024+2024/2025,2,1114,0.163211353210649,3.11173365195596,0.997260522799782,0.0542747361742166,0,0.0328193297995163,0.007,1,NotNormal
football,successful_passes_into_box,home,2023/2024+2024/2025,2,1114,0.818606422099142,4.18201588007787,0.960973085147267,1.11022302462516e-16,1,0.0930379327459225,0,1,NotNormal
football,successful_passes_into_box,away,2023/2024+2024/2025,2,1114,0.798544932574935,4.20932630067365,0.959520474559703,0,1,0.111659897088397,0,1,NotNormal
football,successful_passes_into_box,diff,2023/2024+2024/2025,2,1114,0.105701908537841,3.65365844828872,0.993690667258021,0.000116717503775177,1,0.0422614221226675,0,1,NotNormal
football,op_passes_into_box,home,2023/2024+2024/2025,2,1114,0.833736705444222,4.28885561689468,0.963265011418386,3.33066907387547e-16,1,0.0854385127627867,0,1,NotNormal
football,op_passes_into_box,away,2023/2024+2024/2025,2,1114,0.615825074587243,3.3756295289245,0.97535326657325,7.80486786311485e-13,1,0.0760172072220835,0,1,NotNormal
football,op_passes_into_box,diff,2023/2024+2024/2025,2,1114,0.246305318177592,3.4208880881294,0.994863125129105,0.00076630822078716,1,0.0342489144724138,0.005,1,NotNormal
football,successful_op_passes_into_box,home,2023/2024+2024/2025,2,1114,0.927662189499224,4.24803088496677,0.9484475278212,0,1,0.111480792382119,0,1,NotNormal
football,successful_op_passes_into_box,away,2023/2024+2024/2025,2,1114,0.988383607861143,4.94471115833452,0.943096059172058,0,1,0.117294528333566,0,1,NotNormal
football,successful_op_passes_into_box,diff,2023/2024+2024/2025,2,1114,0.0863268033092201,3.88834631246101,0.991620208279992,5.78201932754929e-06,1,0.0534041019139504,0,1,NotNormal
football,passes_into_final_third,home,2023/2024+2024/2025,2,1114,0.453766983580067,3.32002542390049,0.987412384346661,3.37515116966003e-08,1,0.0493188242154011,0,1,NotNormal
football,passes_into_final_third,away,2023/2024+2024/2025,2,1114,0.193319687702709,3.02237924945428,0.996621089430164,0.0167291118474205,1,0.0427865507002272,0,1,NotNormal
football,passes_into_final_third,diff,2023/2024+2024/2025,2,1114,0.213991304676412,3.09551136015828,0.996091453258971,0.00641023764135051,1,0.0395901882640124,0,1,NotNormal
football,successful_passes_into_final_third,home,2023/2024+2024/2025,2,1114,0.926466659371086,4.03621211663641,0.950734790801065,0,1,0.0936819365667295,0,1,NotNormal
football,successful_passes_into_final_third,away,2023/2024+2024/2025,2,1114,0.873294956029371,4.52546497290746,0.960880945141684,1.11022302462516e-16,1,0.0810002208664485,0,1,NotNormal
football,successful_passes_into_final_third,diff,2023/2024+2024/2025,2,1114,0.1612181209852,3.3450346853495,0.995116960558208,0.00117354386778545,1,0.0436602747347042,0,1,NotNormal
football,op_passes_into_final_third,home,2023/2024+2024/2025,2,1114,0.544115666362029,3.42300557030158,0.982388737346175,2.28822405468065e-10,1,0.0602888072701556,0,1,NotNormal
football,op_passes_into_final_third,away,2023/2024+2024/2025,2,1114,0.318115188255028,3.2232200849162,0.992817968924311,3.14031579419227e-05,1,0.0441954245225126,0,1,NotNormal
football,op_passes_into_final_third,diff,2023/2024+2024/2025,2,1114,0.157480330525806,3.10677705363428,0.997437440649073,0.0751183685375724,0,0.0339373089768971,0.003,1,NotNormal
football,successful_op_passes_into_final_third,home,2023/2024+2024/2025,2,1114,0.95901866066699,4.00082688373029,0.944895012326919,0,1,0.110411607118077,0,1,NotNormal
football,successful_op_passes_into_final_third,away,2023/2024+2024/2025,2,1114,0.959045322164477,4.61109372339647,0.952558447663374,0,1,0.0837770694266273,0,1,NotNormal
football,successful_op_passes_into_final_third,diff,2023/2024+2024/2025,2,1114,0.141881651236445,3.33013145991941,0.995867885506905,0.00430620162708084,1,0.0467609499838437,0,1,NotNormal
football,passes_in_final_third,home,2023/2024+2024/2025,2,1114,1.18901541559576,5.46020657908383,0.934003957518463,0,1,0.0856145258771697,0,1,NotNormal
football,passes_in_final_third,away,2023/2024+2024/2025,2,1114,0.91556975151817,4.95652508061018,0.960830218260733,1.11022302462516e-16,1,0.0663740616888003,0,1,NotNormal
football,passes_in_final_third,diff,2023/2024+2024/2025,2,1114,0.297270183866714,3.94269304363698,0.989687150098333,4.74510495340752e-07,1,0.0431691417064874,0,1,NotNormal
football,successful_passes_in_final_third,home,2023/2024+2024/2025,2,1114,1.38292394070838,6.08911008690084,0.911619681188401,0,1,0.101039931434262,0,1,NotNormal
football,successful_passes_in_final_third,away,2023/2024+2024/2025,2,1114,1.30613079084848,6.25368214045914,0.926211461291808,0,1,0.0904725242658896,0,1,NotNormal
football,successful_passes_in_final_third,diff,2023/2024+2024/2025,2,1114,0.31087930610316,4.30600190410383,0.98549978648285,4.4749346450601e-09,1,0.0517737831659955,0,1,NotNormal
football,passes_in_middle_third,home,2023/2024+2024/2025,2,1114,0.712687137860318,3.79843439238438,0.971889154891029,7.01660951563099e-14,1,0.0478852028492192,0,1,NotNormal
football,passes_in_middle_third,away,2023/2024+2024/2025,2,1114,0.867204752835338,4.44155339075872,0.961220420321888,1.11022302462516e-16,1,0.072969927656242,0,1,NotNormal
football,passes_in_middle_third,diff,2023/2024+2024/2025,2,1114,-0.0500675643776357,3.28360872896427,0.998125482727011,0.254293670866239,0,0.0223519997545447,0.20609936055091,0,Normal
football,successful_passes_in_middle_third,home,2023/2024+2024/2025,2,1114,0.788799249666721,3.95051452598792,0.965303025700517,1.22124532708767e-15,1,0.0580950702521372,0,1,NotNormal
football,successful_passes_in_middle_third,away,2023/2024+2024/2025,2,1114,0.955752008639609,4.67759662240649,0.953115636190388,0,1,0.0779234771525354,0,1,NotNormal
football,successful_passes_in_middle_third,diff,2023/2024+2024/2025,2,1114,-0.0412888369739973,3.31927525060775,0.997885034731763,0.168220756207677,0,0.0186465177490643,0.47898599066044,0,Normal
football,passes_in_own_third,home,2023/2024+2024/2025,2,1114,0.730129159189774,3.87909825338729,0.970359875247422,2.57571741713036e-14,1,0.0589413649034815,0,1,NotNormal
football,passes_in_own_third,away,2023/2024+2024/2025,2,1114,0.406344444649864,2.96731740535541,0.987896185606451,5.78345655810608e-08,1,0.0437371185605635,0,1,NotNormal
football,passes_in_own_third,diff,2023/2024+2024/2025,2,1114,0.0897932329283161,3.08816361044407,0.998955867298977,0.786524737669744,0,0.0130158025181886,0.957,0,Normal
football,successful_passes_in_own_third,home,2023/2024+2024/2025,2,1114,0.572390431211681,3.54133956011703,0.978773420509794,1.06086250895032e-11,1,0.0495255084432226,0,1,NotNormal
football,successful_passes_in_own_third,away,2023/2024+2024/2025,2,1114,0.362387723457748,2.96901443037078,0.988842187197596,1.71816064264974e-07,1,0.0351469604693076,0.003,1,NotNormal
football,successful_passes_in_own_third,diff,2023/2024+2024/2025,2,1114,0.0173819314015121,2.95171170147395,0.998586689302611,0.516513549873189,0,0.0191319568005498,0.423886779426993,0,Normal
football,forward_passes,home,2023/2024+2024/2025,2,1114,0.210484513214172,3.09697492626254,0.995731909817881,0.00338859217444987,1,0.0319856149929189,0.011,1,NotNormal
football,forward_passes,away,2023/2024+2024/2025,2,1114,0.256765216445795,2.77195169084661,0.993388716937316,7.35085931320434e-05,1,0.0417028126291317,0,1,NotNormal
football,forward_passes,diff,2023/2024+2024/2025,2,1114,-0.163568526226378,3.29170807678207,0.997041132441663,0.0362182570106109,1,0.0329144238127807,0.007,1,NotNormal
football,sideways_passes,home,2023/2024+2024/2025,2,1114,0.348288197618713,2.78674253859539,0.98869682116408,1.44878346097777e-07,1,0.0397429169925724,0,1,NotNormal
football,sideways_passes,away,2023/2024+2024/2025,2,1114,0.515976386539328,3.11552091487572,0.980693335867309,5.18046716635467e-11,1,0.0644393848830432,0,1,NotNormal
football,sideways_passes,diff,2023/2024+2024/2025,2,1114,-0.0748745195999935,2.79970009810564,0.997932686772405,0.182854874688037,0,0.0276741073487905,0.031,1,Close
football,backward_passes,home,2023/2024+2024/2025,2,1114,0.577393271569187,3.55317624810064,0.981121380693794,7.47799600020471e-11,1,0.0559409555679101,0,1,NotNormal
football,backward_passes,away,2023/2024+2024/2025,2,1114,0.728557519012656,4.55185895993529,0.972676433489819,1.19126930542279e-13,1,0.0462854174146798,0,1,NotNormal
football,backward_passes,diff,2023/2024+2024/2025,2,1114,-0.0406131039305144,3.33703283518417,0.997720840171785,0.125651720763225,0,0.0178911040733827,0.544745762711864,0,Normal
football,forward_passes_in_final_third,home,2023/2024+2024/2025,2,1114,0.469116174752179,3.34759203467276,0.986729414192755,1.60927812187239e-08,1,0.0515129578025271,0,1,NotNormal
football,forward_passes_in_final_third,away,2023/2024+2024/2025,2,1114,0.296238972790001,3.09375267071641,0.993346264017099,6.89304435637084e-05,1,0.0469429685644873,0,1,NotNormal
football,forward_passes_in_final_third,diff,2023/2024+2024/2025,2,1114,0.158391106167577,2.98740043592348,0.996792764167668,0.0229209848106793,1,0.0299060209073326,0.02,1,Close
football,sideways_passes_in_final_third,home,2023/2024+2024/2025,2,1114,1.36523719799663,6.51414642933615,0.919408262405429,0,1,0.0860570548079763,0,1,NotNormal
football,sideways_passes_in_final_third,away,2023/2024+2024/2025,2,1114,1.11814760094799,5.45734712530582,0.943186149771744,0,1,0.0795923579492076,0,1,NotNormal
football,sideways_passes_in_final_third,diff,2023/2024+2024/2025,2,1114,0.324329969079268,4.28844372628903,0.986649810432669,1.47830038210728e-08,1,0.0445111852334081,0,1,NotNormal
football,backward_passes_in_final_third,home,2023/2024+2024/2025,2,1114,1.10480204599149,4.8780324385707,0.935762471553559,0,1,0.102768758595826,0,1,NotNormal
football,backward_passes_in_final_third,away,2023/2024+2024/2025,2,1114,1.18740658237541,6.01843329686892,0.936427787549075,0,1,0.0985522304196046,0,1,NotNormal
football,backward_passes_in_final_third,diff,2023/2024+2024/2025,2,1114,0.164081187896581,3.9931188724648,0.991403817776182,4.3123003742318e-06,1,0.0395790632389318,0.001,1,NotNormal
football,deep_completions,home,2023/2024+2024/2025,2,1114,1.0812348156789,4.91752186974774,0.92551396573686,0,1,0.13822287563898,0,1,NotNormal
football,deep_completions,away,2023/2024+2024/2025,2,1114,1.35125049745137,6.46988149263672,0.897559862911714,0,1,0.151655984908595,0,1,NotNormal
football,deep_completions,diff,2023/2024+2024/2025,2,1114,-0.032309236679111,4.41423567954729,0.982284415316357,2.08310257931998e-10,1,0.0743551388060252,0,1,NotNormal
football,long_balls,home,2023/2024+2024/2025,2,1114,0.286156890689233,2.96447348680263,0.99376451637968,0.000130867323592798,1,0.0387387490459966,0,1,NotNormal
football,long_balls,away,2023/2024+2024/2025,2,1114,0.295049576051793,3.17200292995588,0.993428767322072,7.81183128508722e-05,1,0.0542936995011063,0,1,NotNormal
football,long_balls,diff,2023/2024+2024/2025,2,1114,-0.0853451542041224,3.06360201252797,0.99806826146715,0.23091736270134,0,0.0225832375046999,0.209449585971749,0,Normal
football,successful_long_balls,home,2023/2024+2024/2025,2,1114,0.691401301084808,3.91317566920627,0.972835964911246,1.32782673745169e-13,1,0.0705340138519858,0,1,NotNormal
football,successful_long_balls,away,2023/2024+2024/2025,2,1114,0.579793312852153,3.55152870206229,0.979807624366285,2.46301867790066e-11,1,0.0714460001221163,0,1,NotNormal
football,successful_long_balls,diff,2023/2024+2024/2025,2,1114,0.138170599045269,3.29083971461104,0.997451552577674,0.0770842906489853,0,0.0338398979357001,0.005,1,NotNormal
football,goalkeeper_long_balls,home,2023/2024+2024/2025,2,1114,0.476033695259897,2.79675093286935,0.978383585692848,7.77589104217213e-12,1,0.0731640278200937,0,1,NotNormal
football,goalkeeper_long_balls,away,2023/2024+2024/2025,2,1114,0.37565717398244,2.78740469741829,0.983349801172215,5.52675127885038e-10,1,0.0579322279215419,0,1,NotNormal
football,goalkeeper_long_balls,diff,2023/2024+2024/2025,2,1114,0.0715835686072894,2.75588686616594,0.997342610219688,0.063122596896559,0,0.0279731890591643,0.031,1,Close
football,goalkeeper_passes,home,2023/2024+2024/2025,2,1114,1.04143745813656,5.88982583852599,0.952165339394236,0,1,0.0805776165459806,0,1,NotNormal
football,goalkeeper_passes,away,2023/2024+2024/2025,2,1114,0.927310711038355,4.86484166119858,0.958172026379655,0,1,0.0774188626818866,0,1,NotNormal
football,goalkeeper_passes,diff,2023/2024+2024/2025,2,1114,0.0959125286477353,3.89181520227504,0.993712068793572,0.000120646241231204,1,0.0419008035519274,0,1,NotNormal
football,crosses,home,2023/2024+2024/2025,2,1114,0.873748921329725,4.44911207145842,0.958106175663845,0,1,0.0899486614005666,0,1,NotNormal
football,crosses,away,2023/2024+2024/2025,2,1114,0.622800199809842,3.48579203762004,0.972716008835395,1.22346577313692e-13,1,0.0785446483410586,0,1,NotNormal
football,crosses,diff,2023/2024+2024/2025,2,1114,0.242113195217011,3.25639088418014,0.994411783552665,0.000365206229375414,1,0.0368713896160004,0.002,1,NotNormal
football,successful_crosses,home,2023/2024+2024/2025,2,1114,0.899481716867302,4.48407513118598,0.939716607531978,0,1,0.151952910978734,0,1,NotNormal
football,successful_crosses,away,2023/2024+2024/2025,2,1114,0.781215739112801,3.53292475682378,0.932799469192412,0,1,0.157190060670146,0,1,NotNormal
football,successful_crosses,diff,2023/2024+2024/2025,2,1114,0.16812892349036,3.21870569996719,0.988383237555757,1.00692368554256e-07,1,0.0656778200979037,0,1,NotNormal
football,dribbles,home,2023/2024+2024/2025,2,1114,0.520901071358495,3.04014393728698,0.977102365900197,2.87170287549543e-12,1,0.0865961920210616,0,1,NotNormal
football,dribbles,away,2023/2024+2024/2025,2,1114,0.598620297355127,3.27347834121414,0.973480725359444,2.06723527185204e-13,1,0.0852710560442925,0,1,NotNormal
football,dribbles,diff,2023/2024+2024/2025,2,1114,-0.0313243650570862,3.14214668371042,0.996159403165401,0.00724067297552689,1,0.0492554105202006,0,1,NotNormal
football,successful_dribbles,home,2023/2024+2024/2025,2,1114,0.509115945758062,2.9810946673944,0.971554162029126,5.61772850460329e-14,1,0.103156490002571,0,1,NotNormal
football,successful_dribbles,away,2023/2024+2024/2025,2,1114,0.710174831174159,3.65697929444521,0.961717909429835,1.11022302462516e-16,1,0.113419375874468,0,1,NotNormal
football,successful_dribbles,diff,2023/2024+2024/2025,2,1114,-0.115901256116035,3.16172811596883,0.993925853813785,0.000168350114328031,1,0.0596466170634937,0,1,NotNormal
football,carries,home,2023/2024+2024/2025,2,1114,0.322081693090236,2.78923691213618,0.990189580086457,8.86571669078684e-07,1,0.0354004471054057,0.002,1,NotNormal
football,carries,away,2023/2024+2024/2025,2,1114,0.374811718417885,2.88855122260598,0.988166080758377,7.85145464199388e-08,1,0.0423034592668062,0,1,NotNormal
football,carries,diff,2023/2024+2024/2025,2,1114,-0.0268894727412345,2.80525359400799,0.998449702855485,0.42516558644094,0,0.0169482722140468,0.642010771992819,0,Normal
football,carries_into_final_third,home,2023/2024+2024/2025,2,1114,0.547326626414972,3.30718992190542,0.979482126393029,1.88394855271667e-11,1,0.0683910959112208,0,1,NotNormal
football,carries_into_final_third,away,2023/2024+2024/2025,2,1114,0.785468659648803,4.09346721263023,0.963977130702423,5.55111512312578e-16,1,0.088363837985076,0,1,NotNormal
football,carries_into_final_third,diff,2023/2024+2024/2025,2,1114,-0.0794452930556979,3.25337493345786,0.996692144212571,0.0190545694578615,1,0.0417655233581431,0,1,NotNormal
football,carries_into_box,home,2023/2024+2024/2025,2,1114,0.778766461676623,3.79653119878959,0.955503068951026,0,1,0.113884048360645,0,1,NotNormal
football,carries_into_box,away,2023/2024+2024/2025,2,1114,0.940074311704747,4.39469014297615,0.943114046676138,0,1,0.126125996539899,0,1,NotNormal
football,carries_into_box,diff,2023/2024+2024/2025,2,1114,0.0652333367052843,3.627993101826,0.992756622273922,2.87104421694551e-05,1,0.0531517336119127,0,1,NotNormal
football,progressive_carries,home,2023/2024+2024/2025,2,1114,0.600354169102276,3.47094376343894,0.977313839866784,3.37629924018756e-12,1,0.0704792828191225,0,1,NotNormal
football,progressive_carries,away,2023/2024+2024/2025,2,1114,0.855018004922689,4.31857321782046,0.960906395915924,1.11022302462516e-16,1,0.0885977556758787,0,1,NotNormal
football,progressive_carries,diff,2023/2024+2024/2025,2,1114,-0.0582418185640688,3.50332654842968,0.996382076520449,0.0108225676650654,1,0.0324194348515316,0.003,1,NotNormal
football,deep_progressions,home,2023/2024+2024/2025,2,1114,0.810835708230927,3.66082824253265,0.959726132248003,1.11022302462516e-16,1,0.0863960205935749,0,1,NotNormal
football,deep_progressions,away,2023/2024+2024/2025,2,1114,0.934303938890806,4.91755289112778,0.958012264747613,0,1,0.0693671466459361,0,1,NotNormal
football,deep_progressions,diff,2023/2024+2024/2025,2,1114,0.0798186183600621,3.38159164608552,0.995676034517098,0.00307243072025121,1,0.0374382501342002,0,1,NotNormal
football,box_entries,home,2023/2024+2024/2025,2,1114,0.783315039166451,4.27085197797741,0.967258892609178,3.77475828372553e-15,1,0.0864430408785765,0,1,NotNormal
football,box_entries,away,2023/2024+2024/2025,2,1114,0.752956578422809,3.93182181242291,0.966788924601156,2.88657986402541e-15,1,0.0984030269471795,0,1,NotNormal
football,box_entries,diff,2023/2024+2024/2025,2,1114,0.105664687987132,3.53163875026088,0.996107978480613,0.00660273962406965,1,0.0347118896598961,0.002,1,NotNormal
football,tackles,home,2023/2024+2024/2025,2,1114,0.489609481546375,3.49461661170064,0.984624720634499,1.87040349874934e-09,1,0.0589335572994047,0,1,NotNormal
football,tackles,away,2023/2024+2024/2025,2,1114,0.515058518703705,3.24044157989287,0.981425263970767,9.73520153380036e-11,1,0.07357878034137,0,1,NotNormal
football,tackles,diff,2023/2024+2024/2025,2,1114,-0.080526234220881,3.30966424274996,0.996377498611043,0.0107330840153796,1,0.0406778575431052,0,1,NotNormal
football,successful_tackles,home,2023/2024+2024/2025,2,1114,0.414269499105784,3.27754352681726,0.986356791556162,1.084261891382e-08,1,0.0658240973661647,0,1,NotNormal
football,successful_tackles,away,2023/2024+2024/2025,2,1114,0.46350375405298,3.13476683433477,0.983618655292562,7.1124739431383e-10,1,0.0794791208989817,0,1,NotNormal
football,successful_tackles,diff,2023/2024+2024/2025,2,1114,-0.0472992153470898,3.02823631668603,0.997701897922411,0.121448649919456,0,0.0316817174173,0.006,1,NotNormal
football,ball_recoveries,home,2023/2024+2024/2025,2,1114,0.254473013928529,2.96189005153981,0.994175789290043,0.000249975159796634,1,0.0521500235210273,0,1,NotNormal
football,ball_recoveries,away,2023/2024+2024/2025,2,1114,0.222629894902334,2.85921780113818,0.993539808559534,9.25416309478511e-05,1,0.0590010528166896,0,1,NotNormal
football,ball_recoveries,diff,2023/2024+2024/2025,2,1114,0.179980896900992,3.07025371270142,0.996741383253857,0.0208562841282349,1,0.0363833009190693,0,1,NotNormal
football,regains,home,2023/2024+2024/2025,2,1114,0.195158851747765,2.9222881631282,0.995967443252335,0.0051379045832266,1,0.0392362291918134,0,1,NotNormal
football,regains,away,2023/2024+2024/2025,2,1114,0.249684574066235,2.78861447322802,0.9937949560589,0.000137209053470588,1,0.0427572733710354,0,1,NotNormal
football,regains,diff,2023/2024+2024/2025,2,1114,-0.0213040052262317,2.91044422088531,0.998391007110716,0.389306408645702,0,0.0249413058262862,0.097,0,Normal
football,regains_opposition_half,home,2023/2024+2024/2025,2,1114,0.408121831618436,3.1836751282362,0.988540147624262,1.20715442974983e-07,1,0.0499820990461372,0,1,NotNormal
football,regains_opposition_half,away,2023/2024+2024/2025,2,1114,0.240218436946437,2.79697145783352,0.992605372122076,2.3049858781099e-05,1,0.0445928556287255,0,1,NotNormal
football,regains_opposition_half,diff,2023/2024+2024/2025,2,1114,0.201113787867758,2.87521420749181,0.995655218966965,0.00296258016536655,1,0.033356015246353,0.005,1,NotNormal
football,tackle_interceptions_opposition_half,home,2023/2024+2024/2025,2,1114,0.651360802067762,3.58612356963163,0.967331409718525,3.88578058618805e-15,1,0.109582560984613,0,1,NotNormal
football,tackle_interceptions_opposition_half,away,2023/2024+2024/2025,2,1114,0.497238057293276,2.94974704338661,0.969960820062312,1.99840144432528e-14,1,0.115282522217042,0,1,NotNormal
football,tackle_interceptions_opposition_half,diff,2023/2024+2024/2025,2,1114,0.219968982509181,3.19330149336257,0.991842554144855,7.84535314657386e-06,1,0.0642567995052717,0,1,NotNormal
football,blocks,home,2023/2024+2024/2025,2,1114,0.34388356288718,3.01883695938951,0.989107631284445,2.35323667108212e-07,1,0.0614549937369933,0,1,NotNormal
football,blocks,away,2023/2024+2024/2025,2,1114,0.377297262906505,3.25173237874953,0.988595797897348,1.28777696284388e-07,1,0.0555924770948444,0,1,NotNormal
football,blocks,diff,2023/2024+2024/2025,2,1114,-0.0970295190950122,2.92439725289135,0.99697139256609,0.03184748767755,1,0.0364437578597679,0.001,1,NotNormal
football,pressures,home,2023/2024+2024/2025,2,1114,0.313796215151652,3.0048541677665,0.992804858599246,3.08063781452317e-05,1,0.0302353827253287,0.018,1,NotNormal
football,pressures,away,2023/2024+2024/2025,2,1114,0.382566974611931,3.14505891703854,0.990987417193114,2.47709089995496e-06,1,0.0408062109489843,0,1,NotNormal
football,pressures,diff,2023/2024+2024/2025,2,1114,-0.0546701560982817,3.012806087225,0.999090403353957,0.872338615263493,0,0.0167041031264213,0.659518434913469,0,Normal
football,pressures_opposition_half,home,2023/2024+2024/2025,2,1114,0.486262253475156,3.37888530828849,0.986097540174396,8.26822454946807e-09,1,0.042578462370139,0,1,NotNormal
football,pressures_opposition_half,away,2023/2024+2024/2025,2,1114,0.744941949224488,3.65239843035623,0.967685299404836,4.88498130835069e-15,1,0.0661589008788899,0,1,NotNormal
football,pressures_opposition_half,diff,2023/2024+2024/2025,2,1114,-0.0958514784904374,3.17753596743945,0.998325231698306,0.351682154348516,0,0.0288300389136419,0.03,1,Close
football,counterpressures,home,2023/2024+2024/2025,2,1114,0.542484095317585,3.48217252865736,0.980954858555644,6.47887299365379e-11,1,0.0724691122870393,0,1,NotNormal
football,counterpressures,away,2023/2024+2024/2025,2,1114,0.520209026747286,3.45287046196142,0.983246648406487,5.02024533055589e-10,1,0.061298087149796,0,1,NotNormal
football,counterpressures,diff,2023/2024+2024/2025,2,1114,-0.0820069199740478,3.28641122190557,0.997360189323564,0.0651945497839915,0,0.0310333564342445,0.014,1,Close
football,counterpressures_opposition_half,home,2023/2024+2024/2025,2,1114,0.454874033306202,3.22323671231218,0.985668889135852,5.3155562174112e-09,1,0.0650852169774604,0,1,NotNormal
football,counterpressures_opposition_half,away,2023/2024+2024/2025,2,1114,0.467100089476242,3.09039071014976,0.983521288003852,6.48963660587754e-10,1,0.0633367280748907,0,1,NotNormal
football,counterpressures_opposition_half,diff,2023/2024+2024/2025,2,1114,-0.109868316968382,3.17928845015774,0.997574770831963,0.0965101660154107,0,0.0310244843095565,0.011,1,Close
football,fouls,home,2023/2024+2024/2025,2,1114,0.287851873804298,3.34536381469374,0.988747087181257,1.53657464641022e-07,1,0.0708439071564285,0,1,NotNormal
football,fouls,away,2023/2024+2024/2025,2,1114,0.279558206186437,2.96152717078221,0.987954739799002,6.17801839686294e-08,1,0.0613289394809508,0,1,NotNormal
football,fouls,diff,2023/2024+2024/2025,2,1114,0.0459230593200802,2.99769666681097,0.996150035822904,0.00711992186414456,1,0.050328681114189,0,1,NotNormal
football,np_shots,home,2021/2022+2022/2023+2023/2024+2024/2025,4,2227,0.592623365876077,3.45577268639219,0.9765052108052,0,1,0.0874999673698885,0,1,NotNormal
football,np_shots,away,2021/2022+2022/2023+2023/2024+2024/2025,4,2227,0.536574732019852,3.26042728440115,0.978323316963715,0,1,0.0877352693149326,0,1,NotNormal
football,np_shots,diff,2021/2022+2022/2023+2023/2024+2024/2025,4,2227,0.0765874708841631,3.10772155957792,0.997337276378023,0.000720953458141049,1,0.0412133682949047,0,1,NotNormal
football,shots,home,2021/2022+2022/2023+2023/2024+2024/2025,4,2227,0.591073562730229,3.4358221803216,0.976360548090791,0,1,0.0871264218638417,0,1,NotNormal
football,shots,away,2021/2022+2022/2023+2023/2024+2024/2025,4,2227,0.534809546594353,3.23634385969252,0.978298650868137,0,1,0.0866497082692719,0,1,NotNormal
football,shots,diff,2021/2022+2022/2023+2023/2024+2024/2025,4,2227,0.0719727867343073,3.08803972895821,0.997463377342335,0.0010984639533369,1,0.0413279339628674,0,1,NotNormal
football,shots_inside_box,home,2021/2022+2022/2023+2023/2024+2024/2025,4,2227,0.671760056705292,3.67174815294162,0.969036369566945,0,1,0.110357012009822,0,1,NotNormal
football,shots_inside_box,away,2021/2022+2022/2023+2023/2024+2024/2025,4,2227,0.691264022645986,3.68728160728558,0.96521209495685,0,1,0.115090139184949,0,1,NotNormal
football,shots_inside_box,diff,2021/2022+2022/2023+2023/2024+2024/2025,4,2227,0.100989401099148,3.22006276447503,0.996005508458703,1.21164372237637e-05,1,0.0491425328580204,0,1,NotNormal
football,shots_outside_box,home,2021/2022+2022/2023+2023/2024+2024/2025,4,2227,0.741992109508001,3.82172758737439,0.955183538306185,0,1,0.131826753162042,0,1,NotNormal
football,shots_outside_box,away,2021/2022+2022/2023+2023/2024+2024/2025,4,2227,0.746463766151774,3.65392544397036,0.948350152019179,0,1,0.145123235166636,0,1,NotNormal
football,shots_outside_box,diff,2021/2022+2022/2023+2023/2024+2024/2025,4,2227,0.0848597988958902,3.2652326920423,0.992085704021276,1.2013460226612e-09,1,0.0722804192469049,0,1,NotNormal
football,penalties,home,2021/2022+2022/2023+2023/2024+2024/2025,4,2227,4.95806124236705,52.4652132121849,0.321950296125365,0,1,0.520813090695684,0,1,NotNormal
football,penalties,away,2021/2022+2022/2023+2023/2024+2024/2025,4,2227,6.95568574650675,92.5910201084806,0.250949486706195,0,1,0.526193920576134,0,1,NotNormal
football,penalties,diff,2021/2022+2022/2023+2023/2024+2024/2025,4,2227,0.232028192407187,7.43258327680459,0.556475677668631,0,1,0.433401884207137,0,1,NotNormal
football,big_chances,home,2021/2022+2022/2023+2023/2024+2024/2025,4,2227,1.31071209755444,5.19593462499595,0.821549377828293,0,1,0.238504666596685,0,1,NotNormal
football,big_chances,away,2021/2022+2022/2023+2023/2024+2024/2025,4,2227,1.56344293824667,7.50958397204585,0.784341042281816,0,1,0.24244798742842,0,1,NotNormal
football,big_chances,diff,2021/2022+2022/2023+2023/2024+2024/2025,4,2227,0.124534634619302,4.41574801923747,0.954421947864114,0,1,0.155445465470977,0,1,NotNormal
football,corners,home,2021/2022+2022/2023+2023/2024+2024/2025,4,2227,0.608458600980551,3.49160114813092,0.967523096516635,0,1,0.108833797414495,0,1,NotNormal
football,corners,away,2021/2022+2022/2023+2023/2024+2024/2025,4,2227,0.755680246029312,3.81589223705265,0.954245917790526,0,1,0.126906784762115,0,1,NotNormal
football,corners,diff,2021/2022+2022/2023+2023/2024+2024/2025,4,2227,0.0604020995610969,3.18241262535758,0.994761340667661,4.45580665697776e-07,1,0.0569232488638997,0,1,NotNormal
football,free_kicks,home,2021/2022+2022/2023+2023/2024+2024/2025,4,2227,0.318095167947136,3.11891781415203,0.988058643691188,1.12232445559357e-12,1,0.0702817191381553,0,1,NotNormal
football,free_kicks,away,2021/2022+2022/2023+2023/2024+2024/2025,4,2227,0.311493820012542,3.10274250898534,0.988086078615097,1.1705081348623e-12,1,0.0791247952790272,0,1,NotNormal
football,free_kicks,diff,2021/2022+2022/2023+2023/2024+2024/2025,4,2227,0.0220841886908356,3.08418535490781,0.996030467215636,1.30067547802204e-05,1,0.0420982542355801,0,1,NotNormal
football,set_pieces,home,2021/2022+2022/2023+2023/2024+2024/2025,4,2227,0.170842115684859,2.99049458457279,0.996474171894446,4.74797590810372e-05,1,0.036027107965492,0,1,NotNormal
football,set_pieces,away,2021/2022+2022/2023+2023/2024+2024/2025,4,2227,0.278073846857781,3.10946449077203,0.993986569143455,6.95254376292809e-08,1,0.041713569010057,0,1,NotNormal
football,set_pieces,diff,2021/2022+2022/2023+2023/2024+2024/2025,4,2227,-0.00947349234322646,3.02656192954001,0.998796639526884,0.123454236334431,0,0.0233942324093929,0.002,1,NotNormal
football,sp_shots,home,2021/2022+2022/2023+2023/2024+2024/2025,4,2227,0.927994483189955,4.25780452534628,0.934320414372752,0,1,0.150931178803115,0,1,NotNormal
football,sp_shots,away,2021/2022+2022/2023+2023/2024+2024/2025,4,2227,1.04206333552295,4.69716916092347,0.917844592787194,0,1,0.164971775023585,0,1,NotNormal
football,sp_shots,diff,2021/2022+2022/2023+2023/2024+2024/2025,4,2227,-0.0340079723023823,3.57379264713523,0.988494304635556,2.20368168157847e-12,1,0.0746305627719022,0,1,NotNormal
football,op_shots,home,2021/2022+2022/2023+2023/2024+2024/2025,4,2227,0.579395523852848,3.3129728334663,0.974650042670058,0,1,0.0871453113954687,0,1,NotNormal
football,op_shots,away,2021/2022+2022/2023+2023/2024+2024/2025,4,2227,0.622717617871696,3.27399266640823,0.96878740245297,0,1,0.108626020231753,0,1,NotNormal
football,op_shots,diff,2021/2022+2022/2023+2023/2024+2024/2025,4,2227,0.0708917161702695,3.03305945668973,0.996798530946963,0.000127753737207636,1,0.0398975730312074,0,1,NotNormal
football,passes,home,2021/2022+2022/2023+2023/2024+2024/2025,4,2227,0.410070742051454,2.9088363335922,0.987652196857205,6.06625860655186e-13,1,0.0430479749144198,0,1,NotNormal
football,passes,away,2021/2022+2022/2023+2023/2024+2024/2025,4,2227,0.522504939731762,3.34058563747724,0.982909054260785,1.11022302462516e-15,1,0.0514728032040124,0,1,NotNormal
football,passes,diff,2021/2022+2022/2023+2023/2024+2024/2025,4,2227,-0.0540894832698452,2.91744219421077,0.9990464384418,0.286471992543462,0,0.00867449287309852,0.969,0,Normal
football,successful_passes,home,2021/2022+2022/2023+2023/2024+2024/2025,4,2227,0.47302221255127,2.96086807787411,0.983433996538201,1.99840144432528e-15,1,0.0464278790370235,0,1,NotNormal
football,successful_passes,away,2021/2022+2022/2023+2023/2024+2024/2025,4,2227,0.616314580901872,3.47703971688249,0.976295835014767,0,1,0.0561334118962638,0,1,NotNormal
football,successful_passes,diff,2021/2022+2022/2023+2023/2024+2024/2025,4,2227,-0.057948112977959,2.9375272270879,0.999028365257188,0.270378239992842,0,0.00947389151668454,0.909,0,Normal
football,op_passes,home,2021/2022+2022/2023+2023/2024+2024/2025,4,2227,0.457465158343156,2.9688409315237,0.985128049052462,1.7430501486615e-14,1,0.0477845446584733,0,1,NotNormal
football,op_passes,away,2021/2022+2022/2023+2023/2024+2024/2025,4,2227,0.567723895614019,3.43692530032776,0.980234527104502,0,1,0.0543863941762468,0,1,NotNormal
football,op_passes,diff,2021/2022+2022/2023+2023/2024+2024/2025,4,2227,-0.0475426922743958,2.94996918325165,0.999079138719797,0.317532339959797,0,0.00892204727381152,0.973,0,Normal
football,successful_op_passes,home,2021/2022+2022/2023+2023/2024+2024/2025,4,2227,0.544471969940894,3.08218235290012,0.979296518661638,0,1,0.0523344843598775,0,1,NotNormal
football,successful_op_passes,away,2021/2022+2022/2023+2023/2024+2024/2025,4,2227,0.689827376234692,3.68541626391462,0.971522673359337,0,1,0.0627361254991079,0,1,NotNormal
football,successful_op_passes,diff,2021/2022+2022/2023+2023/2024+2024/2025,4,2227,-0.046023255842499,3.02416054715138,0.999071751279859,0.310294643083185,0,0.00833656144141837,0.978,0,Normal
football,passes_inside_box,home,2021/2022+2022/2023+2023/2024+2024/2025,4,2227,1.10891096822943,5.52913498909085,0.937383059345444,0,1,0.121655552881795,0,1,NotNormal
football,passes_inside_box,away,2021/2022+2022/2023+2023/2024+2024/2025,4,2227,1.1116372968438,5.27704762569634,0.933358928887565,0,1,0.114221237256091,0,1,NotNormal
football,passes_inside_box,diff,2021/2022+2022/2023+2023/2024+2024/2025,4,2227,0.150777065436595,4.0685759794904,0.990544290608881,6.70858923967899e-11,1,0.049955450436116,0,1,NotNormal
football,successful_passes_inside_box,home,2021/2022+2022/2023+2023/2024+2024/2025,4,2227,1.2031916798504,5.19592015777822,0.898771357194732,0,1,0.179830565702605,0,1,NotNormal
football,successful_passes_inside_box,away,2021/2022+2022/2023+2023/2024+2024/2025,4,2227,1.35240960453548,6.14825588232585,0.879353328358587,0,1,0.175653949808697,0,1,NotNormal
football,successful_passes_inside_box,diff,2021/2022+2022/2023+2023/2024+2024/2025,4,2227,0.114544390003647,4.06891536310756,0.981976171627194,3.33066907387547e-16,1,0.0858110712367014,0,1,NotNormal
football,passes_into_box,home,2021/2022+2022/2023+2023/2024+2024/2025,4,2227,0.598627472652812,3.49742569798321,0.978769629218594,0,1,0.0618671855034438,0,1,NotNormal
football,passes_into_box,away,2021/2022+2022/2023+2023/2024+2024/2025,4,2227,0.52731445375968,3.19083404858328,0.98148787788597,2.22044604925031e-16,1,0.0641627479356531,0,1,NotNormal
football,passes_into_box,diff,2021/2022+2022/2023+2023/2024+2024/2025,4,2227,0.0946682575972282,3.15344260284749,0.998225430267942,0.0157833744487972,1,0.0259555065512984,0.001,1,NotNormal
football,successful_passes_into_box,home,2021/2022+2022/2023+2023/2024+2024/2025,4,2227,0.777307429447819,3.9851277795471,0.963383289073017,0,1,0.0932837308027966,0,1,NotNormal
football,successful_passes_into_box,away,2021/2022+2022/2023+2023/2024+2024/2025,4,2227,0.766133229544913,3.96659644026933,0.96203748719717,0,1,0.107767414133482,0,1,NotNormal
football,successful_passes_into_box,diff,2021/2022+2022/2023+2023/2024+2024/2025,4,2227,0.0650045131105643,3.41838690821261,0.995940123732874,1.00719050215581e-05,1,0.0402945736194512,0,1,NotNormal
football,op_passes_into_box,home,2021/2022+2022/2023+2023/2024+2024/2025,4,2227,0.80524956484849,4.05058762925667,0.964679836786314,0,1,0.0838107206981563,0,1,NotNormal
football,op_passes_into_box,away,2021/2022+2022/2023+2023/2024+2024/2025,4,2227,0.665905152751582,3.50041225205487,0.972613188910714,0,1,0.0757168269064664,0,1,NotNormal
football,op_passes_into_box,diff,2021/2022+2022/2023+2023/2024+2024/2025,4,2227,0.168050697272327,3.34844801388852,0.996683172101614,8.94544654703733e-05,1,0.0298278856159077,0,1,NotNormal
football,successful_op_passes_into_box,home,2021/2022+2022/2023+2023/2024+2024/2025,4,2227,0.894061144006212,4.08580115224422,0.950417989510104,0,1,0.109528322494642,0,1,NotNormal
football,successful_op_passes_into_box,away,2021/2022+2022/2023+2023/2024+2024/2025,4,2227,0.976544389939539,4.60023692359301,0.942878088602415,0,1,0.121377461400113,0,1,NotNormal
football,successful_op_passes_into_box,diff,2021/2022+2022/2023+2023/2024+2024/2025,4,2227,0.0332368756404577,3.62252694009134,0.993846671751534,5.04134562984149e-08,1,0.0492861131475529,0,1,NotNormal
football,passes_into_final_third,home,2021/2022+2022/2023+2023/2024+2024/2025,4,2227,0.291542344313138,3.07084061076367,0.99368533899144,3.49710549407689e-08,1,0.0345873521807398,0,1,NotNormal
football,passes_into_final_third,away,2021/2022+2022/2023+2023/2024+2024/2025,4,2227,0.211156336441194,3.11270932511692,0.996047866235323,1.36674372750445e-05,1,0.0360132479091717,0,1,NotNormal
football,passes_into_final_third,diff,2021/2022+2022/2023+2023/2024+2024/2025,4,2227,0.145632784037405,3.24484673306065,0.997748637488366,0.00291154763683443,1,0.0288094899598146,0,1,NotNormal
football,successful_passes_into_final_third,home,2021/2022+2022/2023+2023/2024+2024/2025,4,2227,0.928179844197822,4.33696131321702,0.954310257593379,0,1,0.0932805480445358,0,1,NotNormal
football,successful_passes_into_final_third,away,2021/2022+2022/2023+2023/2024+2024/2025,4,2227,0.790984799022261,4.31125115546831,0.967619504932033,0,1,0.0743837499539302,0,1,NotNormal
football,successful_passes_into_final_third,diff,2021/2022+2022/2023+2023/2024+2024/2025,4,2227,0.167689373108544,3.59245846259078,0.994046508645667,7.98908228460959e-08,1,0.0436209737469357,0,1,NotNormal
football,op_passes_into_final_third,home,2021/2022+2022/2023+2023/2024+2024/2025,4,2227,0.427609727954384,3.31324154459307,0.988695949169195,3.02824432196758e-12,1,0.0457269601649973,0,1,NotNormal
football,op_passes_into_final_third,away,2021/2022+2022/2023+2023/2024+2024/2025,4,2227,0.287229349065149,3.21783108720138,0.994219046612854,1.19697925238249e-07,1,0.0390604763096777,0,1,NotNormal
football,op_passes_into_final_third,diff,2021/2022+2022/2023+2023/2024+2024/2025,4,2227,0.106190775721783,3.24750472840526,0.998334667121371,0.0234274508177629,1,0.0286806533893953,0,1,NotNormal
football,successful_op_passes_into_final_third,home,2021/2022+2022/2023+2023/2024+2024/2025,4,2227,0.99293460441133,4.36075062289371,0.946553171108922,0,1,0.100913741171183,0,1,NotNormal
football,successful_op_passes_into_final_third,away,2021/2022+2022/2023+2023/2024+2024/2025,4,2227,0.930263699636454,4.52753645155246,0.955651608899431,0,1,0.0852542975518891,0,1,NotNormal
football,successful_op_passes_into_final_third,diff,2021/2022+2022/2023+2023/2024+2024/2025,4,2227,0.137569452949192,3.55091418955102,0.99480742208033,4.99838229361949e-07,1,0.0462057886916676,0,1,NotNormal
football,passes_in_final_third,home,2021/2022+2022/2023+2023/2024+2024/2025,4,2227,1.07217571833037,5.25074933418649,0.946696540739225,0,1,0.0793982919144302,0,1,NotNormal
football,passes_in_final_third,away,2021/2022+2022/2023+2023/2024+2024/2025,4,2227,0.79398604353786,4.60226796997619,0.969654120939101,0,1,0.0544752180759484,0,1,NotNormal
football,passes_in_final_third,diff,2021/2022+2022/2023+2023/2024+2024/2025,4,2227,0.224115861336939,3.90613526064404,0.991950197117094,9.20247322788725e-10,1,0.0382456888929147,0,1,NotNormal
football,successful_passes_in_final_third,home,2021/2022+2022/2023+2023/2024+2024/2025,4,2227,1.35893201560945,6.15370029153709,0.916593711469793,0,1,0.099870834758528,0,1,NotNormal
football,successful_passes_in_final_third,away,2021/2022+2022/2023+2023/2024+2024/2025,4,2227,1.27018884137528,6.12240664911671,0.929954527839838,0,1,0.0834203675891428,0,1,NotNormal
football,successful_passes_in_final_third,diff,2021/2022+2022/2023+2023/2024+2024/2025,4,2227,0.235923308569535,4.3003183820541,0.986892705140109,1.98951966012828e-13,1,0.0525886874642442,0,1,NotNormal
football,passes_in_middle_third,home,2021/2022+2022/2023+2023/2024+2024/2025,4,2227,0.759344187353742,3.85152283412601,0.968772916730542,0,1,0.05504921064613,0,1,NotNormal
football,passes_in_middle_third,away,2021/2022+2022/2023+2023/2024+2024/2025,4,2227,0.848044228611163,4.28510393551638,0.962489973791087,0,1,0.0715887879603161,0,1,NotNormal
football,passes_in_middle_third,diff,2021/2022+2022/2023+2023/2024+2024/2025,4,2227,-0.00388776891494445,3.34021080879566,0.998450417156963,0.0356437223252087,1,0.0180302647820468,0.083,0,Close
football,successful_passes_in_middle_third,home,2021/2022+2022/2023+2023/2024+2024/2025,4,2227,0.850657681214574,4.02035399964212,0.960415863819556,0,1,0.060305411455348,0,1,NotNormal
football,successful_passes_in_middle_third,away,2021/2022+2022/2023+2023/2024+2024/2025,4,2227,0.9523181099047,4.54111802814524,0.952678859216937,0,1,0.0798107632235681,0,1,NotNormal
football,successful_passes_in_middle_third,diff,2021/2022+2022/2023+2023/2024+2024/2025,4,2227,0.00730336486744431,3.37788570079394,0.998253990711023,0.0174973502075279,1,0.0183799802441722,0.063,0,Close
football,passes_in_own_third,home,2021/2022+2022/2023+2023/2024+2024/2025,4,2227,0.752556196611442,3.96988838990988,0.969286026433974,0,1,0.0466555442318444,0,1,NotNormal
football,passes_in_own_third,away,2021/2022+2022/2023+2023/2024+2024/2025,4,2227,0.521185698443664,3.19275696028013,0.982415743857463,5.55111512312578e-16,1,0.0543538748327242,0,1,NotNormal
football,passes_in_own_third,diff,2021/2022+2022/2023+2023/2024+2024/2025,4,2227,-0.00713241544208796,3.18897857282782,0.999308174457659,0.600904264529288,0,0.0118491183925552,0.670236336779911,0,Normal
football,successful_passes_in_own_third,home,2021/2022+2022/2023+2023/2024+2024/2025,4,2227,0.63367043040241,3.60320749559162,0.975266175908077,0,1,0.0367454463955754,0,1,NotNormal
football,successful_passes_in_own_third,away,2021/2022+2022/2023+2023/2024+2024/2025,4,2227,0.514648408792825,3.17517559144288,0.981066528299379,1.11022302462516e-16,1,0.0473267091870186,0,1,NotNormal
football,successful_passes_in_own_third,diff,2021/2022+2022/2023+2023/2024+2024/2025,4,2227,-0.0583175914957054,3.06733201559161,0.99892564978265,0.192616361294486,0,0.018926127295041,0.052,0,Normal
football,forward_passes,home,2021/2022+2022/2023+2023/2024+2024/2025,4,2227,0.210706824135886,3.28381335272991,0.996380565408879,3.59308407338332e-05,1,0.0283835848229385,0,1,NotNormal
football,forward_passes,away,2021/2022+2022/2023+2023/2024+2024/2025,4,2227,0.226208819325883,3.22406733389181,0.99573507432501,5.69056906030152e-06,1,0.0266111375041111,0.001,1,NotNormal
football,forward_passes,diff,2021/2022+2022/2023+2023/2024+2024/2025,4,2227,-0.0763939743434985,3.31149665777419,0.998316933709385,0.0219701937467776,1,0.0271261377382221,0,1,NotNormal
football,sideways_passes,home,2021/2022+2022/2023+2023/2024+2024/2025,4,2227,0.464386100084154,2.88310037217474,0.982952136236351,1.11022302462516e-15,1,0.0491429533829613,0,1,NotNormal
football,sideways_passes,away,2021/2022+2022/2023+2023/2024+2024/2025,4,2227,0.611174411329266,3.37376663093101,0.976242484427365,0,1,0.0602348937612747,0,1,NotNormal
football,sideways_passes,diff,2021/2022+2022/2023+2023/2024+2024/2025,4,2227,-0.0470425398622553,2.88910338468874,0.999213678920578,0.471592750326332,0,0.0124612130651856,0.579303347987825,0,Normal
football,backward_passes,home,2021/2022+2022/2023+2023/2024+2024/2025,4,2227,0.601044729192655,3.55828589550337,0.979870360752091,0,1,0.0509411914212659,0,1,NotNormal
football,backward_passes,away,2021/2022+2022/2023+2023/2024+2024/2025,4,2227,0.721614831679839,4.20345857617591,0.973413506505144,0,1,0.0587148020277058,0,1,NotNormal
football,backward_passes,diff,2021/2022+2022/2023+2023/2024+2024/2025,4,2227,-0.0108008524899244,3.31974092715645,0.998586804678157,0.0583982818480444,0,0.0188134395503271,0.073,0,Normal
football,forward_passes_in_final_third,home,2021/2022+2022/2023+2023/2024+2024/2025,4,2227,0.36633431591564,3.05580812093282,0.990794042861978,1.0488732105074e-10,1,0.0518873945729674,0,1,NotNormal
football,forward_passes_in_final_third,away,2021/2022+2022/2023+2023/2024+2024/2025,4,2227,0.336752651130815,3.08999144986838,0.992240015641408,1.63281699272488e-09,1,0.0437838299278643,0,1,NotNormal
football,forward_passes_in_final_third,diff,2021/2022+2022/2023+2023/2024+2024/2025,4,2227,0.0585523280857219,2.98243166220228,0.998472585720067,0.0386271444807724,1,0.0171193787194384,0.112787926926132,0,Close
football,sideways_passes_in_final_third,home,2021/2022+2022/2023+2023/2024+2024/2025,4,2227,1.29347882495718,6.31645079351054,0.927571262953568,0,1,0.0863660753853457,0,1,NotNormal
football,sideways_passes_in_final_third,away,2021/2022+2022/2023+2023/2024+2024/2025,4,2227,1.01689126510479,5.07959688605006,0.951803580049885,0,1,0.0656443587832164,0,1,NotNormal
football,sideways_passes_in_final_third,diff,2021/2022+2022/2023+2023/2024+2024/2025,4,2227,0.269246439190791,4.16451839480231,0.989412231180471,9.65538760056006e-12,1,0.040475858082111,0,1,NotNormal
football,backward_passes_in_final_third,home,2021/2022+2022/2023+2023/2024+2024/2025,4,2227,1.18356942157155,5.32597714571852,0.930553215118166,0,1,0.109837480338654,0,1,NotNormal
football,backward_passes_in_final_third,away,2021/2022+2022/2023+2023/2024+2024/2025,4,2227,1.20751798348282,6.00170275709711,0.934414849684633,0,1,0.105067619889461,0,1,NotNormal
football,backward_passes_in_final_third,diff,2021/2022+2022/2023+2023/2024+2024/2025,4,2227,0.163222564015924,4.09217833106616,0.990358923741308,4.83748596735722e-11,1,0.0462518033049059,0,1,NotNormal
football,deep_completions,home,2021/2022+2022/2023+2023/2024+2024/2025,4,2227,1.12275515402666,5.05355280272905,0.920775842300429,0,1,0.145488014592562,0,1,NotNormal
football,deep_completions,away,2021/2022+2022/2023+2023/2024+2024/2025,4,2227,1.28856661692784,5.97053957536546,0.903565578129379,0,1,0.152609245978479,0,1,NotNormal
football,deep_completions,diff,2021/2022+2022/2023+2023/2024+2024/2025,4,2227,0.066554817681488,4.31632661483785,0.98325627224786,1.66533453693773e-15,1,0.0710507771411324,0,1,NotNormal
football,long_balls,home,2021/2022+2022/2023+2023/2024+2024/2025,4,2227,0.259119214600375,3.05676531022515,0.995337978851129,1.95170436823044e-06,1,0.042444966693705,0,1,NotNormal
football,long_balls,away,2021/2022+2022/2023+2023/2024+2024/2025,4,2227,0.256647029162148,3.11404051824652,0.995194107894077,1.33906800592332e-06,1,0.0352146292645015,0,1,NotNormal
football,long_balls,diff,2021/2022+2022/2023+2023/2024+2024/2025,4,2227,0.0117443966686508,3.23993093421895,0.997995938933435,0.00693852257381877,1,0.0208770691487656,0.02,1,NotNormal
football,successful_long_balls,home,2021/2022+2022/2023+2023/2024+2024/2025,4,2227,0.726064369906549,3.9964308419031,0.971647851980532,0,1,0.067263335836019,0,1,NotNormal
football,successful_long_balls,away,2021/2022+2022/2023+2023/2024+2024/2025,4,2227,0.704204496771751,3.96286916901987,0.973140447834416,0,1,0.0660720726445432,0,1,NotNormal
football,successful_long_balls,diff,2021/2022+2022/2023+2023/2024+2024/2025,4,2227,0.0739139539387492,3.4199653224768,0.997315252010164,0.000670252777226987,1,0.0237915237859843,0.004,1,NotNormal
football,goalkeeper_long_balls,home,2021/2022+2022/2023+2023/2024+2024/2025,4,2227,0.342980707761606,2.7070622295208,0.98693704135279,2.12052597703405e-13,1,0.0533359935287043,0,1,NotNormal
football,goalkeeper_long_balls,away,2021/2022+2022/2023+2023/2024+2024/2025,4,2227,0.212470543230594,2.68438031602691,0.991678134288705,5.43181055689956e-10,1,0.0448449271096737,0,1,NotNormal
football,goalkeeper_long_balls,diff,2021/2022+2022/2023+2023/2024+2024/2025,4,2227,0.0391699552904061,2.7118427167862,0.99775453604727,0.00297176543542099,1,0.0261925159276308,0.002,1,NotNormal
football,goalkeeper_passes,home,2021/2022+2022/2023+2023/2024+2024/2025,4,2227,1.05917217025548,5.79427818717071,0.950663413219565,0,1,0.0732362641024243,0,1,NotNormal
football,goalkeeper_passes,away,2021/2022+2022/2023+2023/2024+2024/2025,4,2227,1.04410032945832,5.34799713906894,0.949467970039981,0,1,0.084027482834928,0,1,NotNormal
football,goalkeeper_passes,diff,2021/2022+2022/2023+2023/2024+2024/2025,4,2227,-0.00982122246168368,4.0177712856135,0.992503173403926,2.77883482890928e-09,1,0.0416973855617345,0,1,NotNormal
football,crosses,home,2021/2022+2022/2023+2023/2024+2024/2025,4,2227,0.851279481189195,4.1718870655683,0.959201435075962,0,1,0.0902038227967469,0,1,NotNormal
football,crosses,away,2021/2022+2022/2023+2023/2024+2024/2025,4,2227,0.722220194504251,3.5811623802882,0.965252006137625,0,1,0.0953623146559083,0,1,NotNormal
football,crosses,diff,2021/2022+2022/2023+2023/2024+2024/2025,4,2227,0.179902645637657,3.33447614482386,0.995961763440503,1.07055861980898e-05,1,0.0354850079582867,0,1,NotNormal
football,successful_crosses,home,2021/2022+2022/2023+2023/2024+2024/2025,4,2227,0.88195388538632,4.29122538148953,0.941030302274931,0,1,0.14573554699707,0,1,NotNormal
football,successful_crosses,away,2021/2022+2022/2023+2023/2024+2024/2025,4,2227,0.997449128671732,4.52458528109045,0.921969437046845,0,1,0.156493386306268,0,1,NotNormal
football,successful_crosses,diff,2021/2022+2022/2023+2023/2024+2024/2025,4,2227,0.0625946669275664,3.54020360583048,0.989560573873119,1.23523413719795e-11,1,0.0729681197659103,0,1,NotNormal
football,dribbles,home,2021/2022+2022/2023+2023/2024+2024/2025,4,2227,0.622276837551148,3.2204491982668,0.971401937134857,0,1,0.0964987123442603,0,1,NotNormal
football,dribbles,away,2021/2022+2022/2023+2023/2024+2024/2025,4,2227,0.700170951694928,3.74374757756932,0.969015838188782,0,1,0.0864113835139055,0,1,NotNormal
football,dribbles,diff,2021/2022+2022/2023+2023/2024+2024/2025,4,2227,-0.00980310727893727,3.2727836060642,0.996522161882947,5.48376067994738e-05,1,0.0438137602150377,0,1,NotNormal
football,successful_dribbles,home,2021/2022+2022/2023+2023/2024+2024/2025,4,2227,0.650874418057764,3.48675188396736,0.966317535364521,0,1,0.109660334953686,0,1,NotNormal
football,successful_dribbles,away,2021/2022+2022/2023+2023/2024+2024/2025,4,2227,0.745030073629972,3.82433531403328,0.961123196387172,0,1,0.110201397911441,0,1,NotNormal
football,successful_dribbles,diff,2021/2022+2022/2023+2023/2024+2024/2025,4,2227,-0.0824649660359491,3.40438525336607,0.993632027499502,3.10253148727568e-08,1,0.0596687586619807,0,1,NotNormal
football,carries,home,2021/2022+2022/2023+2023/2024+2024/2025,4,2227,0.434071835977083,2.90468998794506,0.985700923450584,3.76365605347928e-14,1,0.0423580431311147,0,1,NotNormal
football,carries,away,2021/2022+2022/2023+2023/2024+2024/2025,4,2227,0.52328294631497,3.14345701586762,0.980957863928402,1.11022302462516e-16,1,0.0499378279809355,0,1,NotNormal
football,carries,diff,2021/2022+2022/2023+2023/2024+2024/2025,4,2227,-0.0311272305228418,2.92402215578977,0.999277718904316,0.557910259495452,0,0.0154566643138251,0.242782152230971,0,Normal
football,carries_into_final_third,home,2021/2022+2022/2023+2023/2024+2024/2025,4,2227,0.650644376787071,3.59870646468463,0.973343704655187,0,1,0.0785306193689543,0,1,NotNormal
football,carries_into_final_third,away,2021/2022+2022/2023+2023/2024+2024/2025,4,2227,0.784191617841283,4.08860912427406,0.964469147927412,0,1,0.0859047880235557,0,1,NotNormal
football,carries_into_final_third,diff,2021/2022+2022/2023+2023/2024+2024/2025,4,2227,0.0292820926258339,3.37964500540102,0.996841164133834,0.000145918627484809,1,0.040642295752832,0,1,NotNormal
football,carries_into_box,home,2021/2022+2022/2023+2023/2024+2024/2025,4,2227,0.864092385161035,3.97568662164071,0.947114106556198,0,1,0.120921292507647,0,1,NotNormal
football,carries_into_box,away,2021/2022+2022/2023+2023/2024+2024/2025,4,2227,0.892487967996889,4.18162147901523,0.944711384825919,0,1,0.129425799865386,0,1,NotNormal
football,carries_into_box,diff,2021/2022+2022/2023+2023/2024+2024/2025,4,2227,0.115964169528597,3.54837702750287,0.99283705366152,5.54330004121084e-09,1,0.0554300108950508,0,1,NotNormal
football,progressive_carries,home,2021/2022+2022/2023+2023/2024+2024/2025,4,2227,0.653255232168672,3.53770284935017,0.973983509568167,0,1,0.0695286927407281,0,1,NotNormal
football,progressive_carries,away,2021/2022+2022/2023+2023/2024+2024/2025,4,2227,0.79112845750889,4.13316910491206,0.965679958421771,0,1,0.0801786905457327,0,1,NotNormal
football,progressive_carries,diff,2021/2022+2022/2023+2023/2024+2024/2025,4,2227,0.0554795112122965,3.38624008998974,0.99693114932113,0.000193615571557726,1,0.0374290279731151,0,1,NotNormal
football,deep_progressions,home,2021/2022+2022/2023+2023/2024+2024/2025,4,2227,0.861184543873039,4.04591413231122,0.959058570919011,0,1,0.083808494562855,0,1,NotNormal
football,deep_progressions,away,2021/2022+2022/2023+2023/2024+2024/2025,4,2227,0.885310550843276,4.75377779665213,0.962181163563266,0,1,0.0664618587840495,0,1,NotNormal
football,deep_progressions,diff,2021/2022+2022/2023+2023/2024+2024/2025,4,2227,0.113867693140685,3.60071196469842,0.994097168091795,8.99008525401257e-08,1,0.0421313157141934,0,1,NotNormal
football,box_entries,home,2021/2022+2022/2023+2023/2024+2024/2025,4,2227,0.761816949239918,4.09681291717031,0.967892479984397,0,1,0.0831353632329577,0,1,NotNormal
football,box_entries,away,2021/2022+2022/2023+2023/2024+2024/2025,4,2227,0.698597677769469,3.75625437016291,0.970366717874129,0,1,0.089123228693479,0,1,NotNormal
football,box_entries,diff,2021/2022+2022/2023+2023/2024+2024/2025,4,2227,0.120628056495938,3.39460523609819,0.996950125271103,0.000205594104207951,1,0.0382342427994596,0,1,NotNormal
football,tackles,home,2021/2022+2022/2023+2023/2024+2024/2025,4,2227,0.493722027520668,3.51718064262871,0.984913999825172,1.31006316905768e-14,1,0.0526042897868927,0,1,NotNormal
football,tackles,away,2021/2022+2022/2023+2023/2024+2024/2025,4,2227,0.481974234835776,3.26735732423581,0.98460254285233,8.77076189453874e-15,1,0.0690938024459421,0,1,NotNormal
football,tackles,diff,2021/2022+2022/2023+2023/2024+2024/2025,4,2227,-0.0638827859278998,3.33738521121387,0.997196579245917,0.000453938059101322,1,0.0359958110593802,0,1,NotNormal
football,successful_tackles,home,2021/2022+2022/2023+2023/2024+2024/2025,4,2227,0.395842849803053,3.3170959879919,0.98773299492528,6.84785561588797e-13,1,0.0566009825850632,0,1,NotNormal
football,successful_tackles,away,2021/2022+2022/2023+2023/2024+2024/2025,4,2227,0.440848205133446,3.2119969889441,0.985679715383389,3.65263375101677e-14,1,0.0722325520418788,0,1,NotNormal
football,successful_tackles,diff,2021/2022+2022/2023+2023/2024+2024/2025,4,2227,-0.0466999371684775,3.15668000341879,0.997394262172285,0.000871410486595225,1,0.032775974330187,0,1,NotNormal
football,ball_recoveries,home,2021/2022+2022/2023+2023/2024+2024/2025,4,2227,0.253991663606757,3.0182828452712,0.994689977106533,3.73327445513105e-07,1,0.0506207920262276,0,1,NotNormal
football,ball_recoveries,away,2021/2022+2022/2023+2023/2024+2024/2025,4,2227,0.316113594800244,3.61059617824561,0.992273877366882,1.74739400726764e-09,1,0.0447631224794917,0,1,NotNormal
football,ball_recoveries,diff,2021/2022+2022/2023+2023/2024+2024/2025,4,2227,0.037392509443731,3.14701391537127,0.998715087112551,0.0925283300077522,0,0.0263058967104107,0,1,NotNormal
football,regains,home,2021/2022+2022/2023+2023/2024+2024/2025,4,2227,0.356739996995289,3.2893849734308,0.991929420644634,8.83604744927879e-10,1,0.0404308861915641,0,1,NotNormal
football,regains,away,2021/2022+2022/2023+2023/2024+2024/2025,4,2227,0.47333542723746,3.56362374112087,0.987140869865209,2.84994250421278e-13,1,0.0436635425707969,0,1,NotNormal
football,regains,diff,2021/2022+2022/2023+2023/2024+2024/2025,4,2227,-0.0182001046108776,3.04844201275735,0.998930094130914,0.195526527881717,0,0.0200162965150974,0.04,1,Close
football,regains_opposition_half,home,2021/2022+2022/2023+2023/2024+2024/2025,4,2227,0.352637998051565,3.02761280666834,0.990645600345614,8.03482835820546e-11,1,0.049320469535217,0,1,NotNormal
football,regains_opposition_half,away,2021/2022+2022/2023+2023/2024+2024/2025,4,2227,0.386388000413425,3.3814448500041,0.98947658331065,1.07414077632484e-11,1,0.0446420375097826,0,1,NotNormal
football,regains_opposition_half,diff,2021/2022+2022/2023+2023/2024+2024/2025,4,2227,0.0830291825743831,2.94416898138218,0.997791807049634,0.00338309955969607,1,0.0280175985193797,0,1,NotNormal
football,tackle_interceptions_opposition_half,home,2021/2022+2022/2023+2023/2024+2024/2025,4,2227,0.839944911714423,4.11955244163313,0.956097984112109,0,1,0.113983706156666,0,1,NotNormal
football,tackle_interceptions_opposition_half,away,2021/2022+2022/2023+2023/2024+2024/2025,4,2227,0.850373764641654,4.23195264543285,0.953742256658199,0,1,0.113876824785384,0,1,NotNormal
football,tackle_interceptions_opposition_half,diff,2021/2022+2022/2023+2023/2024+2024/2025,4,2227,0.0803954782154045,3.30078070298104,0.994798737880695,4.8911125449802e-07,1,0.0497296563913374,0,1,NotNormal
football,blocks,home,2021/2022+2022/2023+2023/2024+2024/2025,4,2227,0.420151541914464,3.06872004886415,0.985859133122894,4.66293670342566e-14,1,0.0711687092526679,0,1,NotNormal
football,blocks,away,2021/2022+2022/2023+2023/2024+2024/2025,4,2227,0.383944146187419,3.28010232223374,0.988886116967822,4.10060874145302e-12,1,0.0557699129790649,0,1,NotNormal
football,blocks,diff,2021/2022+2022/2023+2023/2024+2024/2025,4,2227,-0.057216359885821,2.93964822138016,0.997846428731535,0.00409451890891865,1,0.0310838654720059,0,1,NotNormal
football,pressures,home,2021/2022+2022/2023+2023/2024+2024/2025,4,2227,0.449061203838972,3.05475783462729,0.986675989910263,1.45883305435746e-13,1,0.0449033164747386,0,1,NotNormal
football,pressures,away,2021/2022+2022/2023+2023/2024+2024/2025,4,2227,0.52065349292782,3.26614255194123,0.98375701210246,2.99760216648792e-15,1,0.0426514024004381,0,1,NotNormal
football,pressures,diff,2021/2022+2022/2023+2023/2024+2024/2025,4,2227,-0.021318984001546,3.26753623552541,0.998529431322468,0.0474607148753966,1,0.0200741474183099,0.027,1,Close
football,pressures_opposition_half,home,2021/2022+2022/2023+2023/2024+2024/2025,4,2227,0.631801248234087,3.40073199432779,0.975802690170649,0,1,0.0522416148697079,0,1,NotNormal
football,pressures_opposition_half,away,2021/2022+2022/2023+2023/2024+2024/2025,4,2227,0.839270547787961,3.87753214485765,0.960207898030102,0,1,0.0714333122159255,0,1,NotNormal
football,pressures_opposition_half,diff,2021/2022+2022/2023+2023/2024+2024/2025,4,2227,0.020301362832292,3.43973912136183,0.997266076241049,0.000569930821830322,1,0.0263469666575722,0,1,NotNormal
football,counterpressures,home,2021/2022+2022/2023+2023/2024+2024/2025,4,2227,0.548303599222084,3.2635385867644,0.9804295522909,1.11022302462516e-16,1,0.0700136374367082,0,1,NotNormal
football,counterpressures,away,2021/2022+2022/2023+2023/2024+2024/2025,4,2227,0.5558169900403,3.43035081559331,0.981639258711195,2.22044604925031e-16,1,0.0612625297696431,0,1,NotNormal
football,counterpressures,diff,2021/2022+2022/2023+2023/2024+2024/2025,4,2227,-0.0977591342144489,3.2948879254804,0.9975308524298,0.00137951645156376,1,0.0297218727634934,0.001,1,NotNormal
football,counterpressures_opposition_half,home,2021/2022+2022/2023+2023/2024+2024/2025,4,2227,0.513641828832153,3.27566820449192,0.98278508477731,8.88178419700125e-16,1,0.0670083102646754,0,1,NotNormal
football,counterpressures_opposition_half,away,2021/2022+2022/2023+2023/2024+2024/2025,4,2227,0.475565601134144,3.08035137605675,0.983588562579974,2.44249065417534e-15,1,0.0687259356257885,0,1,NotNormal
football,counterpressures_opposition_half,diff,2021/2022+2022/2023+2023/2024+2024/2025,4,2227,-0.0560869833099786,3.20455314566945,0.998116328808871,0.0106613724447792,1,0.0320413352368429,0,1,NotNormal
football,fouls,home,2021/2022+2022/2023+2023/2024+2024/2025,4,2227,0.314052009137587,3.16964661001521,0.988497328835397,2.21411777800995e-12,1,0.0753260312502477,0,1,NotNormal
football,fouls,away,2021/2022+2022/2023+2023/2024+2024/2025,4,2227,0.295175800091448,3.07224835561243,0.989016518172975,5.05784303328483e-12,1,0.065385196158272,0,1,NotNormal
football,fouls,diff,2021/2022+2022/2023+2023/2024+2024/2025,4,2227,0.0263658399304917,3.00560909418147,0.99681736209771,0.000135469070562166,1,0.0427286345841378,0,1,NotNormal
