sport,side,n_kpis,pct_normal_close_1season,pct_normal_1season,pct_normal_close_2season,pct_normal_close_4season,mean_SW_W,mean_skewness,mean_kurtosis
rugby,home,24,33.3333333333333,14.5833333333333,12.5,0,0.912567752581205,0.697716227238253,4.12982905887687
rugby,away,24,25,14.5833333333333,4.16666666666667,0,0.915593241287069,0.682998999668097,3.937627133558
rugby,diff,24,56.25,41.6666666666667,45.8333333333333,25,0.954031972930253,0.0207851417663,3.3627094495189
football,home,89,2.24719101123596,0.561797752808989,0,0,0.892351704408479,1.0105947618776,5.94761822709083
football,away,89,3.93258426966292,0,0,0,0.886552946260415,1.0038066853232,5.51951630095853
football,diff,89,41.5730337078652,21.9101123595506,23.5955056179775,15.7303370786517,0.943066860330859,0.0788676907946853,4.27866056967698
