sport,kpi,side,window_label,window_n_seasons,n,skewness,kurtosis,sw_W,sw_p,sw_reject,lill_KS,lill_p,lill_reject,verdict
rugby,carries,home,23/24,1,142,0.408866788195655,2.97305372294437,0.980030025350017,0.0359373120222912,1,0.0899354776120336,0.008,1,NotNormal
rugby,carries,away,23/24,1,142,0.252617796004002,2.45272401235127,0.980896654595499,0.0446012871348914,1,0.102178694540506,0.001,1,NotNormal
rugby,carries,diff,23/24,1,142,0.0510992474667009,2.39726676677899,0.984255458201166,0.10338474758711,0,0.0501251572069022,0.525841947315772,0,Normal
rugby,metres_made,home,23/24,1,142,0.711887370290983,4.38825157952557,0.965281758298474,0.00114393134499435,1,0.0618977714845416,0.204060913705584,0,NotNormal
rugby,metres_made,away,23/24,1,142,0.214389910088355,2.6340765165245,0.990141219241853,0.4190724086849,0,0.0499214565506765,0.528624037495815,0,Normal
rugby,metres_made,diff,23/24,1,142,0.701997464678297,4.81803804525697,0.969675674160592,0.00303305107275476,1,0.0644178511222826,0.158682634730539,0,NotNormal
rugby,defenders_beaten,home,23/24,1,142,0.294080621615597,2.82016122299877,0.98630006197464,0.171551695351452,0,0.0610282832761548,0.217812197483059,0,Normal
rugby,defenders_beaten,away,23/24,1,142,0.378644116457194,3.05194136564717,0.98624610825936,0.169299706150397,0,0.0635646579040897,0.167814652473388,0,Normal
rugby,defenders_beaten,diff,23/24,1,142,-0.0375590493583999,2.73052531976557,0.993206971321636,0.738168087658301,0,0.0572664988322206,0.302083333333333,0,Normal
rugby,clean_breaks,home,23/24,1,142,0.555568539487091,3.84736840303685,0.965258535940074,0.00113818730347526,1,0.100435869027912,0,1,NotNormal
rugby,clean_breaks,away,23/24,1,142,0.578906722904545,3.1046337805839,0.957690735432947,0.000235195474328487,1,0.106244672216155,0,1,NotNormal
rugby,clean_breaks,diff,23/24,1,142,0.418728895978615,4.70174473802912,0.971169710289373,0.00426954784836353,1,0.0922327602186096,0.005,1,NotNormal
rugby,offloads,home,23/24,1,142,0.525792551723908,3.19583104637684,0.973233298347051,0.00690650307823704,1,0.0919468540490695,0.007,1,NotNormal
rugby,offloads,away,23/24,1,142,0.449298220626031,2.86673668264442,0.971357667229602,0.00445889085925821,1,0.119999598190536,0,1,NotNormal
rugby,offloads,diff,23/24,1,142,0.279484597923465,3.04860331515434,0.981736305742466,0.0550201991868113,0,0.0714794680320586,0.087,0,Normal
rugby,passes,home,23/24,1,142,0.407953210553727,2.89544913383931,0.981868412668673,0.0568703483561639,0,0.0552580570925191,0.34597327555074,0,Normal
rugby,passes,away,23/24,1,142,0.444114206339212,2.5764707083907,0.973772505388701,0.0078441574949436,1,0.0950399328868687,0.001,1,NotNormal
rugby,passes,diff,23/24,1,142,0.176789061918844,2.70059642163702,0.993609014954109,0.781013392829321,0,0.0537423057379898,0.416121253875301,0,Normal
rugby,turnovers_conceded,home,23/24,1,142,0.193251657673492,2.37704418034212,0.976950333786141,0.0168299771644143,1,0.080364794984757,0.028,1,Close
rugby,turnovers_conceded,away,23/24,1,142,0.407165993824141,3.02207778619017,0.976320587384499,0.0144424365740151,1,0.123663330165199,0,1,NotNormal
rugby,turnovers_conceded,diff,23/24,1,142,0.0254702670459239,2.73207284138484,0.98935024370788,0.352446628622437,0,0.0786274805895028,0.043,1,Close
rugby,turnovers_won,home,23/24,1,142,0.500823491081985,2.95311198936393,0.966694531979087,0.0015574720004824,1,0.119074241736705,0,1,NotNormal
rugby,turnovers_won,away,23/24,1,142,0.353765733422348,3.60118707173832,0.966522055954226,0.00149951508914592,1,0.114545304413186,0.001,1,NotNormal
rugby,turnovers_won,diff,23/24,1,142,0.00103395091347372,3.49456391087263,0.983824380124328,0.0928247906921131,0,0.0779682479685228,0.034,1,Close
rugby,kicks_from_hand,home,23/24,1,142,-0.0227888271756081,3.20033644145935,0.993071496287037,0.72343251141359,0,0.0775618743132175,0.035,1,Close
rugby,kicks_from_hand,away,23/24,1,142,0.34320122976827,3.23774553570638,0.987027335725185,0.204758049870846,0,0.067015043819814,0.104,0,Normal
rugby,kicks_from_hand,diff,23/24,1,142,-0.0174075227501732,3.05507513849374,0.992892492233313,0.703815957863727,0,0.0620658221442128,0.195859872611465,0,Normal
rugby,kick_metres,home,23/24,1,142,0.0998382750575058,2.80289984694749,0.997215843180043,0.996022860873947,0,0.040641216108172,0.824471126357919,0,Normal
rugby,kick_metres,away,23/24,1,142,0.382498977779974,2.99200047408737,0.982650668850785,0.0691824819796634,0,0.0736128432788739,0.062,0,Normal
rugby,kick_metres,diff,23/24,1,142,0.152313404949584,3.00345512964989,0.99369724701392,0.790180047438504,0,0.0379194443668983,0.918,0,Normal
rugby,scrums_won,home,23/24,1,142,0.458678726740088,4.01578958655938,0.96636850120924,0.00144981805968103,1,0.115863339439384,0,1,NotNormal
rugby,scrums_won,away,23/24,1,142,0.379034817787682,2.50496574148644,0.956651210591243,0.000191198325449893,1,0.134965912876502,0,1,NotNormal
rugby,scrums_won,diff,23/24,1,142,-0.0978123023332405,2.89463538642776,0.988782032604549,0.309867530850718,0,0.0873202570125836,0.012,1,Close
rugby,rucks_won,home,23/24,1,142,0.447612117225639,3.06644905463508,0.961566752194789,0.00051926734854324,1,0.141163780467107,0,1,NotNormal
rugby,rucks_won,away,23/24,1,142,0.37563484411162,3.04823008052356,0.971796130788607,0.00493547557600982,1,0.103857504685414,0,1,NotNormal
rugby,rucks_won,diff,23/24,1,142,-0.0796310774689808,2.51230599230149,0.982732692629943,0.0706192485224888,0,0.104732473239887,0.001,1,NotNormal
rugby,lineout_throws_lost,home,23/24,1,142,0.706333766404342,2.88418647778227,0.895829001851958,1.56605315382308e-08,1,0.203105327598607,0,1,NotNormal
rugby,lineout_throws_lost,away,23/24,1,142,0.520666598652115,2.68382184460331,0.921199800108724,4.72092974268534e-07,1,0.164373210412687,0,1,NotNormal
rugby,lineout_throws_lost,diff,23/24,1,142,0.194310777428596,2.81365816380025,0.972343420990187,0.00560600153144997,1,0.120148493874238,0,1,NotNormal
rugby,lineout_throws_won,home,23/24,1,142,0.264289220740368,2.66721804656395,0.980103003758401,0.0365956980076547,1,0.0712835635391217,0.076,0,Close
rugby,lineout_throws_won,away,23/24,1,142,0.315759182392353,2.84896320481869,0.980108931183518,0.0366497105962528,1,0.0927609317011421,0.005,1,NotNormal
rugby,lineout_throws_won,diff,23/24,1,142,-0.0310102301388925,2.43776382130052,0.986916928105872,0.199361778384923,0,0.05686464984298,0.323362362741386,0,Normal
rugby,tackles,home,23/24,1,142,0.302889085627687,2.44211395903927,0.97927349146095,0.0297847451232305,1,0.0822602532369204,0.016,1,Close
rugby,tackles,away,23/24,1,142,0.415480382416666,3.07091695841201,0.976522351367814,0.0151666633843456,1,0.0803936868901763,0.021,1,Close
rugby,tackles,diff,23/24,1,142,0.0532096851554503,2.65579531102773,0.991275242629043,0.528685748291929,0,0.0773227580432722,0.037,1,Close
rugby,missed_tackles,home,23/24,1,142,0.378644116457194,3.05194136564717,0.98624610825936,0.169299706150397,0,0.0635646579040897,0.187922956793337,0,Normal
rugby,missed_tackles,away,23/24,1,142,0.294080621615597,2.82016122299877,0.98630006197464,0.171551695351452,0,0.0610282832761548,0.208825038481272,0,Normal
rugby,missed_tackles,diff,23/24,1,142,0.0375590493583999,2.73052531976557,0.993206971321636,0.738168087658301,0,0.0572664988322202,0.307297830374753,0,Normal
rugby,penalties_conceded,home,23/24,1,142,0.336172113876129,2.83278404157152,0.976927407089095,0.0167362636547933,1,0.12005172207252,0,1,NotNormal
rugby,penalties_conceded,away,23/24,1,142,0.199553857522073,3.55201387647651,0.984819175986207,0.118984716931114,0,0.0878137531452147,0.015,1,Close
rugby,penalties_conceded,diff,23/24,1,142,-0.14470490334268,3.26462250387499,0.990144012126616,0.419322663418779,0,0.0559525582763731,0.336249524534043,0,Normal
rugby,scrum_pens_conceded,home,23/24,1,142,0.632845773087172,3.59433125599461,0.930601471477961,1.95861589802337e-06,1,0.151934203476106,0,1,NotNormal
rugby,scrum_pens_conceded,away,23/24,1,142,0.5604965046947,3.05374684436741,0.939888471101469,8.89482491162052e-06,1,0.169612057116361,0,1,NotNormal
rugby,scrum_pens_conceded,diff,23/24,1,142,-0.190889600536868,3.25294303232014,0.978550721272164,0.0249131304160284,1,0.109416737740735,0,1,NotNormal
rugby,lineout_pens_conceded,home,23/24,1,142,1.07152686773635,3.14053156944342,0.655092329717386,1.11022302462516e-16,1,0.40459661021365,0,1,NotNormal
rugby,lineout_pens_conceded,away,23/24,1,142,1.51263047285774,5.19089811435933,0.66575026790352,1.11022302462516e-16,1,0.387563887743895,0,1,NotNormal
rugby,lineout_pens_conceded,diff,23/24,1,142,-0.359768240199643,3.55575359073129,0.869443816076902,7.50533302174006e-10,1,0.263175530018145,0,1,NotNormal
rugby,general_play_pens_conceded,home,23/24,1,142,0.47386365370827,2.90810489290669,0.940405224642292,9.71028804575003e-06,1,0.16773828045932,0,1,NotNormal
rugby,general_play_pens_conceded,away,23/24,1,142,0.370942627561303,3.0161889462583,0.950381668749725,5.73228406302029e-05,1,0.144010458533042,0,1,NotNormal
rugby,general_play_pens_conceded,diff,23/24,1,142,-0.308515589443099,3.01252530742215,0.977096401603857,0.017439903997417,1,0.114747178776622,0,1,NotNormal
rugby,free_kicks_conceded,home,23/24,1,142,1.02487429667301,3.80666076233086,0.785693598570435,3.9013237085328e-13,1,0.282634008919562,0,1,NotNormal
rugby,free_kicks_conceded,away,23/24,1,142,1.24599795169588,4.51240693359067,0.761398312721746,6.43929354282591e-14,1,0.295226432458714,0,1,NotNormal
rugby,free_kicks_conceded,diff,23/24,1,142,0.219191024055995,3.87927201995088,0.915082257366769,1.96886870695856e-07,1,0.218571534610161,0,1,NotNormal
rugby,ruck_maul_tackle_pen_con,home,23/24,1,142,1.35650809182704,7.13944694212884,0.868757908221997,6.97327640075684e-10,1,0.180390892298113,0,1,NotNormal
rugby,ruck_maul_tackle_pen_con,away,23/24,1,142,0.625605703464819,3.1223890986954,0.918534739482327,3.21030381611465e-07,1,0.163245093308607,0,1,NotNormal
rugby,ruck_maul_tackle_pen_con,diff,23/24,1,142,-0.0850213445572246,3.02398195936286,0.969957843703621,0.00323407651531649,1,0.153577592117088,0,1,NotNormal
rugby,carries,home,24/25,1,141,0.637136602899766,4.64273807317079,0.973352498162196,0.00739563677919064,1,0.0679053526883034,0.105,0,NotNormal
rugby,carries,away,24/25,1,141,0.371227525065284,2.74281497050061,0.980338125742506,0.0400187618789577,1,0.0586561724187088,0.276622296173045,0,Close
rugby,carries,diff,24/25,1,141,0.146064586112906,2.96858271591774,0.987704510369062,0.2452061531503,0,0.0738422216746242,0.062,0,Normal
rugby,metres_made,home,24/25,1,141,0.515226905541064,3.65354701225253,0.982230331314519,0.0640280274556937,0,0.071192612340425,0.061,0,Normal
rugby,metres_made,away,24/25,1,141,0.698515510501741,3.71465859384744,0.97134962099647,0.00464473519097597,1,0.07488954970707,0.052,0,NotNormal
rugby,metres_made,diff,24/25,1,141,0.254940665401338,3.95919739307962,0.984170440927292,0.103733835030848,0,0.0551094926337069,0.364883884588318,0,Normal
rugby,defenders_beaten,home,24/25,1,141,0.564697090701478,3.83474354511069,0.979351936627663,0.0313679611064576,1,0.0769708128289642,0.046,1,Close
rugby,defenders_beaten,away,24/25,1,141,0.604917395381873,3.37076842189806,0.974522835984076,0.00974666633711907,1,0.0908864743068886,0.007,1,NotNormal
rugby,defenders_beaten,diff,24/25,1,141,0.08822307341449,2.54472709474571,0.991905857100546,0.600680967746012,0,0.0494840946013629,0.54883406556269,0,Normal
rugby,clean_breaks,home,24/25,1,141,0.0307297550573192,2.16532753776086,0.972308892020368,0.00579713544120053,1,0.089923980089139,0.005,1,NotNormal
rugby,clean_breaks,away,24/25,1,141,0.686509048800987,3.35728284013361,0.955257282238979,0.000153984480757097,1,0.152606791358464,0,1,NotNormal
rugby,clean_breaks,diff,24/25,1,141,-0.145238827869493,2.92318386277401,0.988764777230758,0.313527553944775,0,0.080971502325905,0.024,1,Close
rugby,offloads,home,24/25,1,141,0.675809329704466,3.4288713874484,0.96100660352442,0.000487380986575969,1,0.131832720517157,0,1,NotNormal
rugby,offloads,away,24/25,1,141,0.606823496144331,2.94720927635592,0.960805210206863,0.000467560129935984,1,0.147003168964479,0,1,NotNormal
rugby,offloads,diff,24/25,1,141,0.192948757629532,3.17472714320681,0.990593725438883,0.466377449343914,0,0.0739139021352413,0.051,0,Normal
rugby,passes,home,24/25,1,141,0.55573810258774,3.74666251713099,0.979795662274953,0.0349955559310196,1,0.068768700420797,0.112,0,Close
rugby,passes,away,24/25,1,141,0.441933340554135,2.79437168268143,0.978035770211611,0.022712697928464,1,0.0679898512725904,0.131949592290586,0,Close
rugby,passes,diff,24/25,1,141,0.0985795517310964,2.66739726974044,0.989749793698604,0.390300896055777,0,0.0546826571211571,0.377674750356633,0,Normal
rugby,turnovers_conceded,home,24/25,1,141,-0.141330768564359,2.56834088085003,0.984202331836101,0.104557583758098,0,0.0853823872838093,0.015,1,Close
rugby,turnovers_conceded,away,24/25,1,141,0.552519980799312,3.21013752860079,0.971558695304509,0.00487371521868485,1,0.105648046315338,0.002,1,NotNormal
rugby,turnovers_conceded,diff,24/25,1,141,-0.301831963687547,3.27947232691037,0.987542074797912,0.235974773258004,0,0.0764221020108821,0.052,0,Normal
rugby,turnovers_won,home,24/25,1,141,0.746163919097803,4.011477013732,0.951727535486772,7.83864284151781e-05,1,0.14051587187846,0,1,NotNormal
rugby,turnovers_won,away,24/25,1,141,0.321593101169828,2.64375074810869,0.972302183733129,0.00578811466308715,1,0.110551660882788,0.001,1,NotNormal
rugby,turnovers_won,diff,24/25,1,141,0.0243445669888474,2.96154885970362,0.985096987840241,0.130450564916587,0,0.0765013841920301,0.065,0,Normal
rugby,kicks_from_hand,home,24/25,1,141,0.286262481032268,2.88604514001886,0.989314657701113,0.354766915906964,0,0.0634772620608379,0.157927205428748,0,Normal
rugby,kicks_from_hand,away,24/25,1,141,0.337082231782525,3.14398131268064,0.988118982779289,0.27021373376627,0,0.0830508917987616,0.02,1,Close
rugby,kicks_from_hand,diff,24/25,1,141,0.0509018533874188,2.93880714041774,0.988685920714053,0.307946065068808,0,0.0850338852394351,0.01,1,Close
rugby,kick_metres,home,24/25,1,141,0.639442363824862,3.84962386930497,0.975235633484062,0.0115481821412927,1,0.0597176074027957,0.259242144177449,0,Close
rugby,kick_metres,away,24/25,1,141,0.635172988633764,3.18330415336875,0.970670158367408,0.00397509443549704,1,0.0996215739375286,0.003,1,NotNormal
rugby,kick_metres,diff,24/25,1,141,0.0815271212493062,2.98524962032336,0.989083642642379,0.336944735244425,0,0.0514231059953681,0.475809142475809,0,Normal
rugby,scrums_won,home,24/25,1,141,0.197046219867438,2.64930370223634,0.975647370556297,0.0127431552659123,1,0.125394390491996,0,1,NotNormal
rugby,scrums_won,away,24/25,1,141,0.280047067631767,2.61597374628599,0.968306297309552,0.00233225513526258,1,0.106948117427386,0.001,1,NotNormal
rugby,scrums_won,diff,24/25,1,141,-0.00514642488377768,3.04469159419833,0.985831130290932,0.156220698623924,0,0.0958730748174363,0.005,1,NotNormal
rugby,rucks_won,home,24/25,1,141,0.598935806521725,3.6183301804915,0.971114833463756,0.00440092764495814,1,0.0652789179369546,0.146020761245675,0,NotNormal
rugby,rucks_won,away,24/25,1,141,0.275924365505214,2.76113509841665,0.98751435212624,0.234430485616859,0,0.0675926179251888,0.11,0,Normal
rugby,rucks_won,diff,24/25,1,141,0.324103508679483,3.03381893638,0.987297050958499,0.222635304646464,0,0.0691521160102462,0.103,0,Normal
rugby,lineout_throws_lost,home,24/25,1,141,0.767405308308278,3.52811847262959,0.90249547478587,3.96434229887888e-08,1,0.21536588453512,0,1,NotNormal
rugby,lineout_throws_lost,away,24/25,1,141,0.733934379383383,2.99182870806421,0.905409120384734,5.78411795126854e-08,1,0.203863920383594,0,1,NotNormal
rugby,lineout_throws_lost,diff,24/25,1,141,-0.117566266675703,2.83312572258642,0.971012335195086,0.00429871847708052,1,0.118242116321181,0,1,NotNormal
rugby,lineout_throws_won,home,24/25,1,141,0.171578158603178,2.71426737118861,0.985912231729346,0.159348041803257,0,0.0777215287074843,0.043,1,Close
rugby,lineout_throws_won,away,24/25,1,141,0.467502277836151,3.43930910857947,0.977340951357719,0.0191761207121797,1,0.102036877044973,0.003,1,NotNormal
rugby,lineout_throws_won,diff,24/25,1,141,-0.141540316188222,2.74370703333429,0.989690468689355,0.385305551768133,0,0.062980879394952,0.188324873096447,0,Normal
rugby,tackles,home,24/25,1,141,0.32051271946628,2.96879810957049,0.98899643411067,0.330404482352631,0,0.0501072068700407,0.516838946315438,0,Normal
rugby,tackles,away,24/25,1,141,0.687288023978578,4.10995122172194,0.966937311863347,0.00172288900760231,1,0.0702680960427363,0.096,0,NotNormal
rugby,tackles,diff,24/25,1,141,-0.215903684861791,2.98602277225445,0.990987737757469,0.504912993264433,0,0.0451175836547892,0.697358490566038,0,Normal
rugby,missed_tackles,home,24/25,1,141,0.604917395381873,3.37076842189806,0.974522835984076,0.00974666633711907,1,0.0908864743068886,0.009,1,NotNormal
rugby,missed_tackles,away,24/25,1,141,0.566838668886214,3.84661763788859,0.979203403628576,0.0302415374275423,1,0.0765673440709193,0.039,1,Close
rugby,missed_tackles,diff,24/25,1,141,-0.0882350679582052,2.54916893694212,0.991963335679356,0.606886805829347,0,0.0491782762763449,0.563697478991597,0,Normal
rugby,penalties_conceded,home,24/25,1,141,0.253893103521432,2.39836120806514,0.971172688791092,0.00445973742908179,1,0.105337664147978,0.001,1,NotNormal
rugby,penalties_conceded,away,24/25,1,141,0.164079793961764,3.15871652811677,0.979711446963351,0.0342755088745423,1,0.115585881246699,0,1,NotNormal
rugby,penalties_conceded,diff,24/25,1,141,0.0430400910360705,2.58452397837354,0.987350414290289,0.225481477207629,0,0.0566814071032709,0.308748528834837,0,Normal
rugby,scrum_pens_conceded,home,24/25,1,141,1.24293684581863,5.0861755780674,0.886805226748061,5.78591707878218e-09,1,0.208250212603237,0,1,NotNormal
rugby,scrum_pens_conceded,away,24/25,1,141,0.552669568902914,2.51668349669051,0.926249393906664,1.08018334799009e-06,1,0.175945080500342,0,1,NotNormal
rugby,scrum_pens_conceded,diff,24/25,1,141,0.358465757827164,2.713565142854,0.971371369460995,0.00466802191507998,1,0.118764165217983,0,1,NotNormal
rugby,lineout_pens_conceded,home,24/25,1,141,1.44314068275346,4.49869666475273,0.672819697374281,2.22044604925031e-16,1,0.389632719838653,0,1,NotNormal
rugby,lineout_pens_conceded,away,24/25,1,141,2.16114583742488,9.93675434271109,0.661743232099563,1.11022302462516e-16,1,0.347450080542455,0,1,NotNormal
rugby,lineout_pens_conceded,diff,24/25,1,141,-0.105606460077331,3.79795244104621,0.913786289647691,1.78425317298725e-07,1,0.218377537192067,0,1,NotNormal
rugby,general_play_pens_conceded,home,24/25,1,141,0.703334684949441,3.45082305891614,0.933816292906405,3.50821619998776e-06,1,0.187376563250765,0,1,NotNormal
rugby,general_play_pens_conceded,away,24/25,1,141,0.782968752896209,4.68231475802467,0.939975863222272,9.6670819846878e-06,1,0.133384771159105,0,1,NotNormal
rugby,general_play_pens_conceded,diff,24/25,1,141,-0.00154386695599304,3.11909878052149,0.979392676699015,0.0316843623891563,1,0.108664831639702,0.001,1,NotNormal
rugby,free_kicks_conceded,home,24/25,1,141,0.689013490579738,2.58673431505469,0.792092096528285,7.21867010611277e-13,1,0.281424044092126,0,1,NotNormal
rugby,free_kicks_conceded,away,24/25,1,141,0.750629731498446,3.34991139872192,0.791231042478084,6.7479355436717e-13,1,0.246094463321423,0,1,NotNormal
rugby,free_kicks_conceded,diff,24/25,1,141,0.0751856036722513,3.09501652021916,0.924508573653984,8.31698757086663e-07,1,0.208539327781892,0,1,NotNormal
rugby,ruck_maul_tackle_pen_con,home,24/25,1,141,0.69134629434658,3.10188554169499,0.904982886275125,5.47076548507164e-08,1,0.223801193913281,0,1,NotNormal
rugby,ruck_maul_tackle_pen_con,away,24/25,1,141,0.73889039534003,3.15403007666631,0.904028016257143,4.83163574704903e-08,1,0.200964653197389,0,1,NotNormal
rugby,ruck_maul_tackle_pen_con,diff,24/25,1,141,-0.359585313042378,3.35495406892327,0.964355459148662,0.000984732852963632,1,0.151012757028238,0,1,NotNormal
rugby,carries,home,23/24+24/25,2,283,0.635590826052134,4.37294999466604,0.976610104727576,0.000137122563614089,1,0.0590870534310605,0.019,1,NotNormal
rugby,carries,away,23/24+24/25,2,283,0.35798561740713,2.73621386639142,0.985908566950707,0.00709639628370284,1,0.0616422909490572,0.014,1,NotNormal
rugby,carries,diff,23/24+24/25,2,283,0.121945369778031,2.86253333622156,0.992931382787684,0.201165702779533,0,0.0326495441029324,0.659820761762509,0,Normal
rugby,metres_made,home,23/24+24/25,2,283,0.630678988974588,4.13062741267018,0.9763385560484,0.000123425475669348,1,0.0380795310320484,0.409215955983494,0,NotNormal
rugby,metres_made,away,23/24+24/25,2,283,0.483757194712283,3.305292241701,0.985457770642464,0.00576755739626966,1,0.0495419713850158,0.096,0,NotNormal
rugby,metres_made,diff,23/24+24/25,2,283,0.522271147103174,4.55055728702295,0.979418318273093,0.00042025230743381,1,0.0567453968282182,0.033,1,NotNormal
rugby,defenders_beaten,home,23/24+24/25,2,283,0.447559004132161,3.45486735055228,0.984527219969548,0.00377856187952552,1,0.0593609039711455,0.019,1,NotNormal
rugby,defenders_beaten,away,23/24+24/25,2,283,0.536714912458323,3.40547657433831,0.980526637453113,0.000664760201960601,1,0.0753372895445028,0,1,NotNormal
rugby,defenders_beaten,diff,23/24+24/25,2,283,0.0274167923846776,2.63034959329601,0.994552163118361,0.409890103740021,0,0.0476515692072205,0.121712997746056,0,Normal
rugby,clean_breaks,home,23/24+24/25,2,283,0.334813639566474,3.2065486197169,0.973769419005499,4.67658940545013e-05,1,0.085519180386204,0.001,1,NotNormal
rugby,clean_breaks,away,23/24+24/25,2,283,0.66545600863059,3.36541040496478,0.957809805459556,2.59366658483806e-07,1,0.132628115732719,0,1,NotNormal
rugby,clean_breaks,diff,23/24+24/25,2,283,0.17650571383367,4.03244156077382,0.983377677006606,0.00226283690366058,1,0.0722260431139828,0,1,NotNormal
rugby,offloads,home,23/24+24/25,2,283,0.602625226412782,3.33522792214461,0.970566526246179,1.48043522587571e-05,1,0.106225404204218,0,1,NotNormal
rugby,offloads,away,23/24+24/25,2,283,0.659369510104218,3.25459265184127,0.963927420897755,1.63917495787924e-06,1,0.109601192319848,0,1,NotNormal
rugby,offloads,diff,23/24+24/25,2,283,0.196080096751696,3.17137609549653,0.990051872724411,0.0507795998190381,0,0.0549487951924446,0.043,1,Close
rugby,passes,home,23/24+24/25,2,283,0.495555365999101,3.404219295172,0.983795470894816,0.00272294160529341,1,0.0513705199943157,0.066,0,NotNormal
rugby,passes,away,23/24+24/25,2,283,0.448278471140551,2.71312377246952,0.979707166730401,0.000473163011075695,1,0.0648965029605603,0.006,1,NotNormal
rugby,passes,diff,23/24+24/25,2,283,0.133870324950261,2.73192052526884,0.993791004172442,0.296687721024708,0,0.0476181091386499,0.134020618556701,0,Normal
rugby,turnovers_conceded,home,23/24+24/25,2,283,0.0252083684862043,2.41622128785127,0.985980952322067,0.00733770739128137,1,0.0820756829613659,0,1,NotNormal
rugby,turnovers_conceded,away,23/24+24/25,2,283,0.509524499552432,3.20927392508222,0.974404423867077,5.91981508287764e-05,1,0.110705126013688,0,1,NotNormal
rugby,turnovers_conceded,diff,23/24+24/25,2,283,-0.142647117468875,3.00534041023523,0.991497613574268,0.102085543699474,0,0.0542492840367852,0.038,1,Close
rugby,turnovers_won,home,23/24+24/25,2,283,0.593782816800358,3.40365937651645,0.964290911287438,1.83845424162055e-06,1,0.128822365605357,0,1,NotNormal
rugby,turnovers_won,away,23/24+24/25,2,283,0.305953045375533,3.03503336711539,0.976729874096189,0.000143661265475159,1,0.0989418865073506,0,1,NotNormal
rugby,turnovers_won,diff,23/24+24/25,2,283,0.0418826091024556,3.21572276190144,0.987210649860226,0.0130271375415423,1,0.0681816776997667,0.004,1,NotNormal
rugby,kicks_from_hand,home,23/24+24/25,2,283,0.161518967023812,3.05550374338641,0.993723406977285,0.287979570364275,0,0.0605641138273835,0.015,1,Close
rugby,kicks_from_hand,away,23/24+24/25,2,283,0.343803023825358,3.19303046459308,0.988624869937103,0.0255222244251467,1,0.0631857620238133,0.008,1,NotNormal
rugby,kicks_from_hand,diff,23/24+24/25,2,283,0.0114646958568797,2.99398133328914,0.992839073906526,0.192742469143867,0,0.0615389377726262,0.008,1,NotNormal
rugby,kick_metres,home,23/24+24/25,2,283,0.42419512026747,3.52712457329342,0.988948740181598,0.0298167464156934,1,0.0423361648363344,0.254799301919721,0,Close
rugby,kick_metres,away,23/24+24/25,2,283,0.553812323308342,3.20900650347239,0.978887675967416,0.000338554258004886,1,0.0705985902753531,0.001,1,NotNormal
rugby,kick_metres,diff,23/24+24/25,2,283,0.117785603960562,2.99519706927537,0.996049017206308,0.699911203217082,0,0.0291410710815195,0.82021151586369,0,Normal
rugby,scrums_won,home,23/24+24/25,2,283,0.34060735029977,3.42247408100624,0.975101959308923,7.69323387453946e-05,1,0.098381655605435,0,1,NotNormal
rugby,scrums_won,away,23/24+24/25,2,283,0.326499918943505,2.54935700146401,0.966700528519312,3.99739376666375e-06,1,0.11165582892854,0,1,NotNormal
rugby,scrums_won,diff,23/24+24/25,2,283,-0.0365739912453961,2.95887790638537,0.988966130698488,0.0300671687991901,1,0.079505300353357,0,1,NotNormal
rugby,rucks_won,home,23/24+24/25,2,283,0.512981248087581,1.93795110689067,0.829577868896781,1.11022302462516e-16,1,0.287738948472985,0,1,NotNormal
rugby,rucks_won,away,23/24+24/25,2,283,0.429405089971532,1.68741810498083,0.830427884806119,1.11022302462516e-16,1,0.281016445668445,0,1,NotNormal
rugby,rucks_won,diff,23/24+24/25,2,283,0.830313467200345,6.14340616001741,0.896054149296685,5.02375918642883e-13,1,0.216497684844326,0,1,NotNormal
rugby,lineout_throws_lost,home,23/24+24/25,2,283,0.721006425406947,3.17508659436786,0.902929877746505,1.58850710363367e-12,1,0.183968013950362,0,1,NotNormal
rugby,lineout_throws_lost,away,23/24+24/25,2,283,0.627989729700093,2.82290107312727,0.916869610749572,1.96366256588476e-11,1,0.185183112579572,0,1,NotNormal
rugby,lineout_throws_lost,diff,23/24+24/25,2,283,0.0338918502107468,2.77448948073113,0.975401457820594,8.61806399579113e-05,1,0.111038689422532,0,1,NotNormal
rugby,lineout_throws_won,home,23/24+24/25,2,283,0.248155292848375,2.75511334913079,0.985667541756921,0.00635050005278526,1,0.0747391927428345,0,1,NotNormal
rugby,lineout_throws_won,away,23/24+24/25,2,283,0.43903442750045,3.3123080713179,0.980255721356961,0.000593739756202027,1,0.100757634642164,0,1,NotNormal
rugby,lineout_throws_won,diff,23/24+24/25,2,283,-0.110670327749802,2.68442158565081,0.991738051572781,0.114563670775963,0,0.0563831097214661,0.03,1,Close
rugby,tackles,home,23/24+24/25,2,283,0.312211437086732,2.71159760455036,0.988988428317059,0.0303913873281604,1,0.0556959972460871,0.038,1,Close
rugby,tackles,away,23/24+24/25,2,283,0.632352589725316,3.96434862972582,0.973043638407071,3.58349381182066e-05,1,0.0627304326825768,0.011,1,NotNormal
rugby,tackles,diff,23/24+24/25,2,283,-0.107232347715237,2.89087898115646,0.996222916135718,0.735491340513136,0,0.0287748770234273,0.83558282208589,0,Normal
rugby,missed_tackles,home,23/24+24/25,2,283,0.536714912458323,3.40547657433831,0.980526637453113,0.000664760201960601,1,0.0753372895445028,0.001,1,NotNormal
rugby,missed_tackles,away,23/24+24/25,2,283,0.448230579143523,3.46030741421032,0.984523772830555,0.00377269588114681,1,0.0591349669962554,0.023,1,NotNormal
rugby,missed_tackles,diff,23/24+24/25,2,283,-0.0275232370908579,2.63261046026375,0.994576346430053,0.413942920912364,0,0.047829408438949,0.12739322533137,0,Normal
rugby,penalties_conceded,home,23/24+24/25,2,283,0.301091421105876,2.60135094095181,0.978486055408063,0.000287868891204912,1,0.104918529924515,0,1,NotNormal
rugby,penalties_conceded,away,23/24+24/25,2,283,0.210609009828101,3.31747662778519,0.985068809208597,0.00482897704105878,1,0.0948906009662109,0,1,NotNormal
rugby,penalties_conceded,diff,23/24+24/25,2,283,-0.0498233168664075,2.91310622313949,0.992929240279315,0.20096646994009,0,0.0498366927085301,0.095,0,Normal
rugby,scrum_pens_conceded,home,23/24+24/25,2,283,1.09136582400236,5.0284211690392,0.905817526459311,2.61901611509074e-12,1,0.180355987378275,0,1,NotNormal
rugby,scrum_pens_conceded,away,23/24+24/25,2,283,0.552373375131826,2.78740155552565,0.939157018611876,2.09874961853984e-09,1,0.172992001921486,0,1,NotNormal
rugby,scrum_pens_conceded,diff,23/24+24/25,2,283,0.144997759050537,2.9619109259932,0.983805565022262,0.00273519427622937,1,0.0983874976192595,0,1,NotNormal
rugby,lineout_pens_conceded,home,23/24+24/25,2,283,1.37775665473228,4.46113810891451,0.66663887044738,0,1,0.39505757024608,0,1,NotNormal
rugby,lineout_pens_conceded,away,23/24+24/25,2,283,1.97810407792569,8.90710239984582,0.661012037652177,0,1,0.366481619648302,0,1,NotNormal
rugby,lineout_pens_conceded,diff,23/24+24/25,2,283,-0.194441759508864,4.00586036975603,0.895248425903223,4.40536496171262e-13,1,0.240652485725254,0,1,NotNormal
rugby,general_play_pens_conceded,home,23/24+24/25,2,283,0.615138162505795,3.29457775297152,0.938209954092911,1.68609082251692e-09,1,0.178492752908345,0,1,NotNormal
rugby,general_play_pens_conceded,away,23/24+24/25,2,283,0.824255842243382,4.90578867327162,0.938025259812172,1.61601299009106e-09,1,0.139464055777303,0,1,NotNormal
rugby,general_play_pens_conceded,diff,23/24+24/25,2,283,-0.163333655349098,3.03877972605125,0.981070832759726,0.000835599683513988,1,0.101629158722397,0,1,NotNormal
rugby,free_kicks_conceded,home,23/24+24/25,2,283,0.881564102223946,3.32582533512148,0.789983080296692,0,1,0.282032163759557,0,1,NotNormal
rugby,free_kicks_conceded,away,23/24+24/25,2,283,1.03272484726076,4.06359238041187,0.780574944719035,0,1,0.270009928670133,0,1,NotNormal
rugby,free_kicks_conceded,diff,23/24+24/25,2,283,0.138818963681229,3.47130949793443,0.92150038473019,4.81557016485112e-11,1,0.213300309690331,0,1,NotNormal
rugby,ruck_maul_tackle_pen_con,home,23/24+24/25,2,283,1.08568492546713,5.64060167321417,0.889895738007663,1.87072579649339e-13,1,0.190995720780504,0,1,NotNormal
rugby,ruck_maul_tackle_pen_con,away,23/24+24/25,2,283,0.684351872709459,3.14233601034156,0.912193338682512,8.20243872823312e-12,1,0.176015682214599,0,1,NotNormal
rugby,ruck_maul_tackle_pen_con,diff,23/24+24/25,2,283,-0.219682268727575,3.15117615183483,0.971394557050142,1.98120352750131e-05,1,0.132878881222666,0,1,NotNormal
football,np_shots,home,2023/2024,1,557,0.509115396379474,3.24911028647246,0.979936526928464,6.25531356934772e-07,1,0.0895156934916391,0,1,NotNormal
football,np_shots,away,2023/2024,1,557,0.480202527924226,3.06198347926592,0.979450881877761,4.6679103349323e-07,1,0.078385908519832,0,1,NotNormal
football,np_shots,diff,2023/2024,1,557,-0.00925086763212796,2.85412464954644,0.996609651408619,0.290217050894939,0,0.0433197885775875,0.012,1,Close
football,shots,home,2023/2024,1,557,0.515951193713835,3.2625936878819,0.979372008214809,4.45276481797485e-07,1,0.0812488800317538,0,1,NotNormal
football,shots,away,2023/2024,1,557,0.46831563158276,3.04178899764495,0.980334497663366,7.97376584427134e-07,1,0.0830494372439682,0,1,NotNormal
football,shots,diff,2023/2024,1,557,-0.000156065003927213,2.81684803416713,0.996592435390576,0.286041872961242,0,0.041645197798894,0.026,1,Close
football,shots_inside_box,home,2023/2024,1,557,0.528114161335688,3.26886294099267,0.975971298366665,6.35429729944903e-08,1,0.0932605759890347,0,1,NotNormal
football,shots_inside_box,away,2023/2024,1,557,0.550806862418561,2.93235876032096,0.968085482440333,1.19694665290382e-09,1,0.113383741774796,0,1,NotNormal
football,shots_inside_box,diff,2023/2024,1,557,0.049560873570412,2.80745523080146,0.994851968689159,0.0591855906819384,0,0.049677106622618,0.003,1,NotNormal
football,shots_outside_box,home,2023/2024,1,557,0.723408618102902,3.45325714442053,0.953777761971122,3.36608518836101e-12,1,0.12916554295501,0,1,NotNormal
football,shots_outside_box,away,2023/2024,1,557,0.628676963322897,3.4853506234767,0.95732686784065,1.27682309170041e-11,1,0.121049858246458,0,1,NotNormal
football,shots_outside_box,diff,2023/2024,1,557,0.0868253727660996,3.30937662167293,0.990798994469229,0.00151683808996883,1,0.0755276311982709,0,1,NotNormal
football,penalties,home,2023/2024,1,557,2.96439098315141,11.0553599822982,0.344600027407517,0,1,0.528619236961787,0,1,NotNormal
football,penalties,away,2023/2024,1,557,3.48453374605553,14.3546233573918,0.288366374025223,0,1,0.535978816916669,0,1,NotNormal
football,penalties,diff,2023/2024,1,557,0.300859527339082,7.44036937921126,0.567786471043817,0,1,0.430088190287252,0,1,NotNormal
football,big_chances,home,2023/2024,1,557,1.28958201515316,4.95514851716585,0.821424324452309,0,1,0.227363659763366,0,1,NotNormal
football,big_chances,away,2023/2024,1,557,1.09201782320959,3.96002805093994,0.813264292942276,0,1,0.240106790865347,0,1,NotNormal
football,big_chances,diff,2023/2024,1,557,0.322158503368494,3.37266044335352,0.958064967523774,1.70009561983875e-11,1,0.165125142080244,0,1,NotNormal
football,corners,home,2023/2024,1,557,0.600751756398869,3.6677500076074,0.968047464890201,1.17603471405658e-09,1,0.108142899084579,0,1,NotNormal
football,corners,away,2023/2024,1,557,0.770729327576051,3.91059620962461,0.954007344676334,3.66162655751623e-12,1,0.121256766343617,0,1,NotNormal
football,corners,diff,2023/2024,1,557,0.00387941223365244,3.15160605880513,0.994531497935051,0.0438629182496023,1,0.0611046341409497,0,1,NotNormal
football,free_kicks,home,2023/2024,1,557,0.259096474987176,3.16409432282482,0.987058366237124,7.58379325125347e-05,1,0.072486378602167,0,1,NotNormal
football,free_kicks,away,2023/2024,1,557,0.16550155042977,3.04455074959745,0.990886801631303,0.00163501868974714,1,0.0692475558482557,0,1,NotNormal
football,free_kicks,diff,2023/2024,1,557,0.0773222487622739,3.22704135939142,0.99369246995137,0.0200702443276073,1,0.0558717468812613,0,1,NotNormal
football,set_pieces,home,2023/2024,1,557,0.167511000991289,3.00786249657345,0.996000525035278,0.1705841950523,0,0.0481063512745594,0.005,1,NotNormal
football,set_pieces,away,2023/2024,1,557,0.269362232627267,3.05940206850583,0.993826769657938,0.0227331398081971,1,0.0497618061066402,0,1,NotNormal
football,set_pieces,diff,2023/2024,1,557,-0.017939306339216,2.85474524835546,0.997350640721647,0.517125105657406,0,0.0435123269524919,0.008,1,NotNormal
football,sp_shots,home,2023/2024,1,557,0.982426919687873,4.12120724130982,0.926133030443515,6.66133814775094e-16,1,0.162315359038388,0,1,NotNormal
football,sp_shots,away,2023/2024,1,557,0.980766814918601,4.10125451286641,0.918117673984247,1.11022302462516e-16,1,0.173229706008547,0,1,NotNormal
football,sp_shots,diff,2023/2024,1,557,-0.0557764010074732,3.47444370763139,0.987676051609098,0.000121189545891576,1,0.0773087195978258,0,1,NotNormal
football,op_shots,home,2023/2024,1,557,0.448011596493737,2.92370016102831,0.979324048931155,4.32702974784149e-07,1,0.0972188887520679,0,1,NotNormal
football,op_shots,away,2023/2024,1,557,0.495362990749388,2.9103220494323,0.973544662847274,1.74005025943558e-08,1,0.0968141625404386,0,1,NotNormal
football,op_shots,diff,2023/2024,1,557,0.0670867665262667,2.70031838966443,0.994675637688715,0.0501918335512501,0,0.0487320880332144,0.003,1,NotNormal
football,passes,home,2023/2024,1,557,0.316057812762929,2.62177340257517,0.98719743384623,8.42082736057792e-05,1,0.0488636938202287,0.003,1,NotNormal
football,passes,away,2023/2024,1,557,0.545994976876779,3.34993655629624,0.980056599354403,6.72875897000935e-07,1,0.0581852392838501,0,1,NotNormal
football,passes,diff,2023/2024,1,557,-0.106782711663213,2.72551672272137,0.995680212146027,0.1275697372401,0,0.0398847351731541,0.037,1,Close
football,successful_passes,home,2023/2024,1,557,0.367708662255667,2.65276784110254,0.983339258508689,5.45083566316773e-06,1,0.0548081063841018,0,1,NotNormal
football,successful_passes,away,2023/2024,1,557,0.628278742304758,3.51150700043634,0.974439650380517,2.78225609218197e-08,1,0.0573060020325539,0,1,NotNormal
football,successful_passes,diff,2023/2024,1,557,-0.105472989133347,2.73127345399207,0.995038541439008,0.0704455262885804,0,0.0435944484585119,0.019,1,Close
football,op_passes,home,2023/2024,1,557,0.364343233335045,2.67431675046085,0.984863512201911,1.54511322488782e-05,1,0.0510468953740687,0.002,1,NotNormal
football,op_passes,away,2023/2024,1,557,0.589913412933511,3.44650953957245,0.97716951021409,1.23842820998199e-07,1,0.0641857744519503,0,1,NotNormal
football,op_passes,diff,2023/2024,1,557,-0.096762010404321,2.73831652356164,0.995433727384533,0.10168814051234,0,0.0409482760705612,0.019,1,Close
football,successful_op_passes,home,2023/2024,1,557,0.438121203267422,2.74536596742309,0.979861123317288,5.97589379314201e-07,1,0.0616588389694746,0,1,NotNormal
football,successful_op_passes,away,2023/2024,1,557,0.699061268118059,3.72053806758762,0.969927975884754,2.85733559035606e-09,1,0.0621065599757579,0,1,NotNormal
football,successful_op_passes,diff,2023/2024,1,557,-0.090243514794436,2.79062639684915,0.995338586159985,0.0931170836112469,0,0.0374081436609499,0.071,0,Normal
football,passes_inside_box,home,2023/2024,1,557,1.1149544249663,5.04469459393041,0.933952361848483,5.55111512312578e-15,1,0.120655895632379,0,1,NotNormal
football,passes_inside_box,away,2023/2024,1,557,1.43669522572379,6.52800441790741,0.902064631466059,0,1,0.122372397098002,0,1,NotNormal
football,passes_inside_box,diff,2023/2024,1,557,0.0776473453286262,4.18082432391448,0.984664970203847,1.34528107138543e-05,1,0.0644696288358124,0,1,NotNormal
football,successful_passes_inside_box,home,2023/2024,1,557,1.21114327623099,4.94359360966893,0.894997454624806,0,1,0.172827445570423,0,1,NotNormal
football,successful_passes_inside_box,away,2023/2024,1,557,1.76478687533476,8.60373639776862,0.847510360564239,0,1,0.190147588084802,0,1,NotNormal
football,successful_passes_inside_box,diff,2023/2024,1,557,-0.0203390127858689,4.18303412996548,0.977914512629727,1.89407110329221e-07,1,0.0929009619281422,0,1,NotNormal
football,passes_into_box,home,2023/2024,1,557,0.631712557939341,3.53552717228476,0.975608137230805,5.21029290823094e-08,1,0.0773735639907668,0,1,NotNormal
football,passes_into_box,away,2023/2024,1,557,0.527792487349463,3.15154796709645,0.979093672788718,3.7726934409843e-07,1,0.0669828851349756,0,1,NotNormal
football,passes_into_box,diff,2023/2024,1,557,0.147289223845346,3.2013025133109,0.995610966424681,0.119724100611819,0,0.041523118403388,0.024,1,Close
football,successful_passes_into_box,home,2023/2024,1,557,0.720653471128664,3.64736170235589,0.966148516175967,4.95473884143394e-10,1,0.0983046572618989,0,1,NotNormal
football,successful_passes_into_box,away,2023/2024,1,557,0.852224217192487,4.62276760852269,0.956972169859936,1.11397557844839e-11,1,0.110884552893077,0,1,NotNormal
football,successful_passes_into_box,diff,2023/2024,1,557,0.0252759032085407,3.6786224832356,0.993633968431121,0.0190118032081832,1,0.0442753063050777,0.014,1,Close
football,op_passes_into_box,home,2023/2024,1,557,0.841075004449799,4.12923389789535,0.961262566119434,6.11205530631764e-11,1,0.076776595360751,0,1,NotNormal
football,op_passes_into_box,away,2023/2024,1,557,0.629800884210822,3.30338780420398,0.972688934613696,1.12051784517675e-08,1,0.0726319012402431,0,1,NotNormal
football,op_passes_into_box,diff,2023/2024,1,557,0.211934649279337,3.35710524398667,0.993536315945758,0.0173702093698443,1,0.0494853226888368,0.001,1,NotNormal
football,successful_op_passes_into_box,home,2023/2024,1,557,0.806505267790543,3.7417498424672,0.955941712548495,7.52531370551424e-12,1,0.114545988565207,0,1,NotNormal
football,successful_op_passes_into_box,away,2023/2024,1,557,1.01913857152327,5.21013931624618,0.943032922730358,8.65973959207622e-14,1,0.115089455654671,0,1,NotNormal
football,successful_op_passes_into_box,diff,2023/2024,1,557,-0.0384511955035041,3.79628019572131,0.991629000539522,0.00311004456641084,1,0.0599730523901061,0,1,NotNormal
football,passes_into_final_third,home,2023/2024,1,557,0.404806358593446,3.05923009484284,0.988452923932535,0.000221618432429627,1,0.0557782441549187,0.001,1,NotNormal
football,passes_into_final_third,away,2023/2024,1,557,0.0975936345776314,2.92793490544318,0.996792949795583,0.33779216142984,0,0.0397854576754052,0.044,1,Close
football,passes_into_final_third,diff,2023/2024,1,557,0.281135373889757,3.27472751041923,0.99217301129106,0.00503175425902214,1,0.0549192972767223,0.001,1,NotNormal
football,successful_passes_into_final_third,home,2023/2024,1,557,0.965931755542065,4.14495062975737,0.946748576832218,2.89879231729628e-13,1,0.0971667286927212,0,1,NotNormal
football,successful_passes_into_final_third,away,2023/2024,1,557,0.902964983754509,4.80688583171845,0.959203773675442,2.66160427031537e-11,1,0.0783017114274484,0,1,NotNormal
football,successful_passes_into_final_third,diff,2023/2024,1,557,0.219708438826116,3.42818682877329,0.992030607700758,0.00443283256027482,1,0.0525599495962388,0.001,1,NotNormal
football,op_passes_into_final_third,home,2023/2024,1,557,0.515993074222049,3.15810951329771,0.981734818453733,1.91360644485883e-06,1,0.0598269001629023,0,1,NotNormal
football,op_passes_into_final_third,away,2023/2024,1,557,0.244618698001092,3.30598057004235,0.993805511302288,0.0222888028518452,1,0.0350807243052682,0.105,0,Close
football,op_passes_into_final_third,diff,2023/2024,1,557,0.213890366408797,3.17899223229998,0.994414272313361,0.0393099987215733,1,0.0430790356034717,0.013,1,Close
football,successful_op_passes_into_final_third,home,2023/2024,1,557,0.977468978279573,4.10429064884463,0.943953731729272,1.16129328375791e-13,1,0.114613515698082,0,1,NotNormal
football,successful_op_passes_into_final_third,away,2023/2024,1,557,0.981251406978141,4.79819094031551,0.951782516738166,1.63846713974181e-12,1,0.0877631653870098,0,1,NotNormal
football,successful_op_passes_into_final_third,diff,2023/2024,1,557,0.19239311415348,3.36976710243524,0.993767033478306,0.021506894046775,1,0.0477206195055864,0.004,1,NotNormal
football,passes_in_final_third,home,2023/2024,1,557,1.10913394371192,4.66594254476557,0.934539732973589,6.55031584528842e-15,1,0.0949390082959098,0,1,NotNormal
football,passes_in_final_third,away,2023/2024,1,557,0.973411521882161,5.31230810350562,0.955344572528271,6.01174665604276e-12,1,0.0699714328232299,0,1,NotNormal
football,passes_in_final_third,diff,2023/2024,1,557,0.244793063213639,3.88235419005279,0.986947600273128,6.97945581309423e-05,1,0.0575016347348206,0,1,NotNormal
football,successful_passes_in_final_third,home,2023/2024,1,557,1.2455151471068,5.04244932578034,0.918911831692162,1.11022302462516e-16,1,0.0990677855348034,0,1,NotNormal
football,successful_passes_in_final_third,away,2023/2024,1,557,1.39953202847861,6.7712262435722,0.917648043129121,1.11022302462516e-16,1,0.0897069361857444,0,1,NotNormal
football,successful_passes_in_final_third,diff,2023/2024,1,557,0.233244043898588,4.08190231254052,0.984505168501998,1.20412306948703e-05,1,0.0504232931301498,0.001,1,NotNormal
football,passes_in_middle_third,home,2023/2024,1,557,0.724678492298033,3.59106812840566,0.967699988002953,1.00164976313266e-09,1,0.0631327985560561,0,1,NotNormal
football,passes_in_middle_third,away,2023/2024,1,557,0.956652466656739,4.74334986190327,0.953485453035168,3.02524671980109e-12,1,0.0867537353046121,0,1,NotNormal
football,passes_in_middle_third,diff,2023/2024,1,557,-0.0291133596063637,3.17244779596078,0.997969924078108,0.753657513239654,0,0.0239233461901057,0.630520646319569,0,Normal
football,successful_passes_in_middle_third,home,2023/2024,1,557,0.814128062360152,3.73382330177026,0.958838290214422,2.3029689266707e-11,1,0.0716522969344167,0,1,NotNormal
football,successful_passes_in_middle_third,away,2023/2024,1,557,1.07385103855443,5.0138034228406,0.941137816340309,4.77395900588817e-14,1,0.0926556435537689,0,1,NotNormal
football,successful_passes_in_middle_third,diff,2023/2024,1,557,-0.015476357091901,3.22081492154046,0.997380233332322,0.527931575593069,0,0.0256136246631491,0.517056856187291,0,Normal
football,passes_in_own_third,home,2023/2024,1,557,0.644143571676213,3.6924741004667,0.975106392697379,3.97158073095483e-08,1,0.0628910730797476,0,1,NotNormal
football,passes_in_own_third,away,2023/2024,1,557,0.360627415515929,2.97535651335189,0.989992179192764,0.000769215672621004,1,0.0442098760152695,0.01,1,NotNormal
football,passes_in_own_third,diff,2023/2024,1,557,-0.0917870890504956,2.89517531083282,0.997420464138109,0.542785033519634,0,0.0274787826930212,0.395175594182334,0,Normal
football,successful_passes_in_own_third,home,2023/2024,1,557,0.469295020897906,3.29285183749033,0.983284347166743,5.25470601087097e-06,1,0.0516180025288182,0.002,1,NotNormal
football,successful_passes_in_own_third,away,2023/2024,1,557,0.295785338977391,2.89741264349215,0.991490144898381,0.00275426758677988,1,0.0287329602020157,0.329707426856714,0,NotNormal
football,successful_passes_in_own_third,diff,2023/2024,1,557,-0.174386817447414,2.76286839446691,0.994834748646253,0.0582409300038588,0,0.0405358081495339,0.024,1,Close
football,forward_passes,home,2023/2024,1,557,0.121742570820814,3.02661153941392,0.996418990540644,0.246701700016834,0,0.036041908666366,0.064,0,Normal
football,forward_passes,away,2023/2024,1,557,0.164473665056807,2.59066902315662,0.993635752469523,0.0190432240733115,1,0.0454829676635103,0.012,1,Close
football,forward_passes,diff,2023/2024,1,557,-0.134118047197799,2.87552122684867,0.997079825876975,0.423813579822169,0,0.0332193533294014,0.151670951156812,0,Normal
football,sideways_passes,home,2023/2024,1,557,0.329233319133757,2.58346913826485,0.984380000629848,1.10440519441868e-05,1,0.0502270718263097,0.003,1,NotNormal
football,sideways_passes,away,2023/2024,1,557,0.578546316535463,3.20755274607143,0.976411967493036,8.10356093339237e-08,1,0.0707057310132326,0,1,NotNormal
football,sideways_passes,diff,2023/2024,1,557,-0.101862676486813,2.67535464526006,0.995805924421411,0.14307225052681,0,0.0421756038680036,0.023,1,Close
football,backward_passes,home,2023/2024,1,557,0.632278486599653,3.50856711694738,0.976134729912645,6.95192320376847e-08,1,0.0718124229672228,0,1,NotNormal
football,backward_passes,away,2023/2024,1,557,0.939846195140356,5.01938584152636,0.956440286236766,9.09117225944556e-12,1,0.0630337666711356,0,1,NotNormal
football,backward_passes,diff,2023/2024,1,557,-0.0874182945886764,3.45655609276214,0.995569819939065,0.115282198833604,0,0.0253477790046371,0.530666666666667,0,Normal
football,forward_passes_in_final_third,home,2023/2024,1,557,0.402202003087487,2.94636538061063,0.987016227870019,7.34768925721996e-05,1,0.0553922424461905,0,1,NotNormal
football,forward_passes_in_final_third,away,2023/2024,1,557,0.186038830316855,2.86250053831923,0.995303927855998,0.0901723115113791,0,0.0428685982502574,0.016,1,Close
football,forward_passes_in_final_third,diff,2023/2024,1,557,0.252147644900433,3.22102215315762,0.994309534412515,0.0356452228570617,1,0.0408440037361633,0.033,1,Close
football,sideways_passes_in_final_third,home,2023/2024,1,557,1.16027816268352,4.88842650390803,0.929950652596248,1.77635683940025e-15,1,0.0894510281393019,0,1,NotNormal
football,sideways_passes_in_final_third,away,2023/2024,1,557,1.20341273964548,5.83013586954023,0.934748225528069,6.99440505513849e-15,1,0.0756307018654293,0,1,NotNormal
football,sideways_passes_in_final_third,diff,2023/2024,1,557,0.202628130612664,3.93665562706696,0.987340390885268,9.3824234832951e-05,1,0.0510386725135532,0.001,1,NotNormal
football,backward_passes_in_final_third,home,2023/2024,1,557,1.22214199055147,5.61379859695665,0.928495358081595,1.22124532708767e-15,1,0.101510597156022,0,1,NotNormal
football,backward_passes_in_final_third,away,2023/2024,1,557,1.34109797778897,7.00958434504493,0.925615989279016,5.55111512312578e-16,1,0.102299979341825,0,1,NotNormal
football,backward_passes_in_final_third,diff,2023/2024,1,557,0.155298492896179,4.47527442404977,0.985903902121769,3.23870969843876e-05,1,0.0520665872379749,0,1,NotNormal
football,deep_completions,home,2023/2024,1,557,0.944453433182351,4.2923423765567,0.93420068857732,5.99520433297585e-15,1,0.12861111440909,0,1,NotNormal
football,deep_completions,away,2023/2024,1,557,1.66290525839752,7.83135660499075,0.869076953512697,0,1,0.173330792599444,0,1,NotNormal
football,deep_completions,diff,2023/2024,1,557,-0.266824188286605,4.52415631330996,0.978894611469336,3.35346331925557e-07,1,0.088341372937383,0,1,NotNormal
football,long_balls,home,2023/2024,1,557,0.251070931657901,2.58209459727949,0.990032012582624,0.000795091675238724,1,0.0622907958410877,0,1,NotNormal
football,long_balls,away,2023/2024,1,557,0.3461284289391,2.87211642070664,0.988164174500247,0.000176751910031414,1,0.0711656158255122,0,1,NotNormal
football,long_balls,diff,2023/2024,1,557,-0.210207325960143,2.8445212635577,0.993716401625244,0.0205203681934454,1,0.0376459742949931,0.052,0,Close
football,successful_long_balls,home,2023/2024,1,557,0.602470803899294,3.32279363403054,0.975098692931242,3.95516706053201e-08,1,0.0752588636014476,0,1,NotNormal
football,successful_long_balls,away,2023/2024,1,557,0.584759729497008,3.58689354816991,0.979428251702612,4.60509332889103e-07,1,0.0653516986415306,0,1,NotNormal
football,successful_long_balls,diff,2023/2024,1,557,0.0748773810050489,2.97374093629438,0.998381375376233,0.8912380855136,0,0.034786021893875,0.089,0,Normal
football,goalkeeper_long_balls,home,2023/2024,1,557,0.595988621957154,2.84533724380814,0.966704208888551,6.36051988855968e-10,1,0.0889344462418455,0,1,NotNormal
football,goalkeeper_long_balls,away,2023/2024,1,557,0.378798803888504,2.56582869059868,0.979936293390532,6.25442740598281e-07,1,0.0607633682613996,0,1,NotNormal
football,goalkeeper_long_balls,diff,2023/2024,1,557,0.106542895523603,2.65028119367646,0.9944472221965,0.0405395415234797,1,0.034154788840987,0.121932515337423,0,Close
football,goalkeeper_passes,home,2023/2024,1,557,1.0115080566594,5.68211260545327,0.953384980061713,2.91655588569029e-12,1,0.095401913816639,0,1,NotNormal
football,goalkeeper_passes,away,2023/2024,1,557,0.894500669422021,4.65634514165771,0.959396330682508,2.87346813010458e-11,1,0.0812082816281247,0,1,NotNormal
football,goalkeeper_passes,diff,2023/2024,1,557,-0.0481481234222628,3.54503144497598,0.994050705905104,0.0279981735193128,1,0.0382994127819879,0.055,0,Close
football,crosses,home,2023/2024,1,557,0.878274484418782,4.79864170675864,0.958946344942197,2.40343300816903e-11,1,0.0917984155663373,0,1,NotNormal
football,crosses,away,2023/2024,1,557,0.69107202239217,3.25818086714414,0.96210910608914,8.67397265125192e-11,1,0.092480699340972,0,1,NotNormal
football,crosses,diff,2023/2024,1,557,0.182629205619528,3.37532329580321,0.994360972994462,0.0373999686214093,1,0.0348515318763152,0.12089552238806,0,Close
football,successful_crosses,home,2023/2024,1,557,0.868281764835444,4.44158734684237,0.941112257179117,4.72955008490317e-14,1,0.150165445595928,0,1,NotNormal
football,successful_crosses,away,2023/2024,1,557,0.875621895080914,3.64775756306975,0.923703984489348,3.33066907387547e-16,1,0.163360970246936,0,1,NotNormal
football,successful_crosses,diff,2023/2024,1,557,0.143006577662476,3.36824662317303,0.987961624670562,0.000151016373794111,1,0.0754647040425835,0,1,NotNormal
football,dribbles,home,2023/2024,1,557,0.515055787177388,3.21042350825587,0.979388403484065,4.49661836543491e-07,1,0.0943898525718661,0,1,NotNormal
football,dribbles,away,2023/2024,1,557,0.585400826396754,3.3478195339717,0.974668536350013,3.14189696482003e-08,1,0.0836430621936911,0,1,NotNormal
football,dribbles,diff,2023/2024,1,557,-0.095686156422036,3.17034523042723,0.994304599665542,0.0354813043789401,1,0.0599675390173082,0,1,NotNormal
football,successful_dribbles,home,2023/2024,1,557,0.403592197940329,2.82895532346382,0.974814097556488,3.39555800143998e-08,1,0.101696732670302,0,1,NotNormal
football,successful_dribbles,away,2023/2024,1,557,0.736858180935164,3.77166354929091,0.960423993694779,4.34182689801332e-11,1,0.107298046239482,0,1,NotNormal
football,successful_dribbles,diff,2023/2024,1,557,-0.113855238470642,3.32582966313608,0.992525878631344,0.00690417315779235,1,0.0716133279820698,0,1,NotNormal
football,carries,home,2023/2024,1,557,0.348138087883296,2.67149877365254,0.984610179260439,1.29502970098727e-05,1,0.0483074037537913,0.004,1,NotNormal
football,carries,away,2023/2024,1,557,0.454382287629758,2.91941113818423,0.983044435396122,4.48043055423231e-06,1,0.0527169846688003,0,1,NotNormal
football,carries,diff,2023/2024,1,557,-0.0455317431273768,2.68091031739861,0.996155831805697,0.195945631825361,0,0.0337353819720995,0.127836611195159,0,Normal
football,carries_into_final_third,home,2023/2024,1,557,0.560651957965099,3.21690486708142,0.976189470746449,7.16497152719597e-08,1,0.0730818628974161,0,1,NotNormal
football,carries_into_final_third,away,2023/2024,1,557,0.817751485555152,4.20999775543324,0.961046950556118,5.59505775044045e-11,1,0.0800150207038427,0,1,NotNormal
football,carries_into_final_third,diff,2023/2024,1,557,-0.156572529861343,3.35812851002399,0.994152839663949,0.0307949396576103,1,0.0550340195883949,0,1,NotNormal
football,carries_into_box,home,2023/2024,1,557,0.58645533930073,3.06854772676832,0.964511727451984,2.40903186288222e-10,1,0.115719171281997,0,1,NotNormal
football,carries_into_box,away,2023/2024,1,557,0.951680497952325,4.47862162266541,0.942957134899566,8.44879721739744e-14,1,0.115319295373524,0,1,NotNormal
football,carries_into_box,diff,2023/2024,1,557,-0.124032723002022,3.39415517822873,0.992393226471159,0.00612767745607934,1,0.0542624263583448,0,1,NotNormal
football,progressive_carries,home,2023/2024,1,557,0.577127238434162,3.50165452596832,0.978214506843859,2.25256931773998e-07,1,0.0758156149596868,0,1,NotNormal
football,progressive_carries,away,2023/2024,1,557,0.897564009250595,4.41970246799864,0.956579577846659,9.5865537730333e-12,1,0.0887911025309716,0,1,NotNormal
football,progressive_carries,diff,2023/2024,1,557,-0.16218733955487,3.52955337136646,0.994836116960206,0.0583154427328001,0,0.0389994675223797,0.031,1,Close
football,deep_progressions,home,2023/2024,1,557,0.821857279127137,3.67346747750638,0.958278409840725,1.84797732671882e-11,1,0.0962924391262094,0,1,NotNormal
football,deep_progressions,away,2023/2024,1,557,1.00094937817893,5.28007086162489,0.952906664155757,2.45203857218712e-12,1,0.0812744349619771,0,1,NotNormal
football,deep_progressions,diff,2023/2024,1,557,0.0840327509556003,3.47305677072743,0.993415793953337,0.0155420161381443,1,0.0447811283765965,0.008,1,NotNormal
football,box_entries,home,2023/2024,1,557,0.660068495316266,3.50653647144767,0.972437173242206,9.85958403809661e-09,1,0.0805827966757776,0,1,NotNormal
football,box_entries,away,2023/2024,1,557,0.772252703884303,3.96711931070138,0.965589897559891,3.86447984723759e-10,1,0.094673543524238,0,1,NotNormal
football,box_entries,diff,2023/2024,1,557,0.0295882732413372,3.44759693683805,0.995657247064121,0.124915135008877,0,0.039695440286149,0.043,1,Close
football,tackles,home,2023/2024,1,557,0.563729646588967,3.62440646289887,0.978314170834891,2.38679541686437e-07,1,0.0627577213686042,0,1,NotNormal
football,tackles,away,2023/2024,1,557,0.477773712054533,3.4144129239393,0.984017930791063,8.61667924878518e-06,1,0.076093613731123,0,1,NotNormal
football,tackles,diff,2023/2024,1,557,0.0395008287553527,3.36851951933741,0.995204229983644,0.0821978910965124,0,0.0469073002847514,0.01,1,Close
football,successful_tackles,home,2023/2024,1,557,0.453034690537503,3.3074383894764,0.983501473569835,6.07616661918442e-06,1,0.0881789968810204,0,1,NotNormal
football,successful_tackles,away,2023/2024,1,557,0.538602556242055,3.52167660095404,0.980409634262915,8.35012831101878e-07,1,0.0797398837076013,0,1,NotNormal
football,successful_tackles,diff,2023/2024,1,557,0.0552351231314005,3.10642157904731,0.996539587917724,0.273534163570936,0,0.0462777738156027,0.004,1,NotNormal
football,ball_recoveries,home,2023/2024,1,557,0.215873295839019,2.98899629240535,0.994846983142589,0.0589105394278273,0,0.0481485902335539,0.001,1,NotNormal
football,ball_recoveries,away,2023/2024,1,557,0.204467379532709,2.71994655823146,0.990627087818565,0.00131046920336431,1,0.0728133289060363,0,1,NotNormal
football,ball_recoveries,diff,2023/2024,1,557,0.143387838942614,2.93542655026551,0.996291720859991,0.220869023727611,0,0.0363185139476038,0.064,0,Normal
football,regains,home,2023/2024,1,557,0.139571653266786,2.93279797498376,0.996135896373541,0.192509296757533,0,0.0403358174467598,0.031,1,Close
football,regains,away,2023/2024,1,557,0.240518316435438,2.70627497627661,0.993249994422375,0.0133434592195191,1,0.046487424579133,0.008,1,NotNormal
football,regains,diff,2023/2024,1,557,-0.0260159255391898,2.99014299954382,0.997550819179179,0.592006212778637,0,0.0286109571303137,0.33813790416829,0,Normal
football,regains_opposition_half,home,2023/2024,1,557,0.400331430481252,3.18543979464711,0.987109669652211,7.88198643009164e-05,1,0.0479476840116321,0.004,1,NotNormal
football,regains_opposition_half,away,2023/2024,1,557,0.222077548212746,2.8790176202787,0.992666298275939,0.00783744382660423,1,0.0457683221294885,0.009,1,NotNormal
football,regains_opposition_half,diff,2023/2024,1,557,0.176496000483812,2.80001786567505,0.995718495663429,0.132114276459163,0,0.032007626429173,0.201672405312346,0,Normal
football,tackle_interceptions_opposition_half,home,2023/2024,1,557,0.645770966463453,3.38074718712266,0.964342091738342,2.23824736522715e-10,1,0.109688142282395,0,1,NotNormal
football,tackle_interceptions_opposition_half,away,2023/2024,1,557,0.407405576984849,2.83707887077636,0.974420213122771,2.75376184077913e-08,1,0.1217582214429,0,1,NotNormal
football,tackle_interceptions_opposition_half,diff,2023/2024,1,557,0.125116469019673,2.93231055301207,0.992502432259846,0.00675987783290655,1,0.0531145546653907,0.001,1,NotNormal
football,blocks,home,2023/2024,1,557,0.423889119040837,3.10854178273748,0.985440578994688,2.32232356286444e-05,1,0.0697761469829259,0,1,NotNormal
football,blocks,away,2023/2024,1,557,0.347425840140712,3.28498964816577,0.988242814663888,0.000187942187161227,1,0.0631511073282096,0,1,NotNormal
football,blocks,diff,2023/2024,1,557,0.0491456153503873,2.79729336852662,0.995581172196627,0.116491733916955,0,0.0475573631697864,0.005,1,NotNormal
football,pressures,home,2023/2024,1,557,0.323267726262913,3.00855108576147,0.991735439685295,0.00341483229113348,1,0.0261116414625974,0.474264705882353,0,NotNormal
football,pressures,away,2023/2024,1,557,0.307767475849153,2.96885859911393,0.992577658308088,0.00723420534836483,1,0.0407050565883964,0.028,1,NotNormal
football,pressures,diff,2023/2024,1,557,0.00104667082067466,2.78986659934625,0.998067394608065,0.789560046150434,0,0.0306886668760468,0.235345581802275,0,Normal
football,pressures_opposition_half,home,2023/2024,1,557,0.461966982949264,3.45486636373836,0.986808111613204,6.28915927414209e-05,1,0.0467237703009664,0.002,1,NotNormal
football,pressures_opposition_half,away,2023/2024,1,557,0.648785251722523,3.6545541451769,0.976382205772197,7.97091566084873e-08,1,0.0587462394070592,0,1,NotNormal
football,pressures_opposition_half,diff,2023/2024,1,557,0.031388942341367,3.0661131148884,0.996983789679146,0.393462269424311,0,0.0306030544020235,0.255405405405405,0,Normal
football,counterpressures,home,2023/2024,1,557,0.55804883755069,3.8429395785025,0.979013986535354,3.59865883758914e-07,1,0.0843831699432253,0,1,NotNormal
football,counterpressures,away,2023/2024,1,557,0.39470394145018,3.03302386681644,0.9880377799046,0.000160200405237787,1,0.0671681970432838,0,1,NotNormal
football,counterpressures,diff,2023/2024,1,557,0.144978044729003,3.14430941489706,0.995518591077018,0.109971911704761,0,0.0390050626489866,0.048,1,Close
football,counterpressures_opposition_half,home,2023/2024,1,557,0.530943824126957,3.49129138212315,0.982215750335291,2.60562304021938e-06,1,0.071100468266174,0,1,NotNormal
football,counterpressures_opposition_half,away,2023/2024,1,557,0.478110369230338,3.15383137299067,0.980831570743575,1.08377008678495e-06,1,0.0640547562564042,0,1,NotNormal
football,counterpressures_opposition_half,diff,2023/2024,1,557,0.0536036166133765,2.99403122636636,0.996839949275226,0.350920861792981,0,0.0342501522853406,0.101,0,Normal
football,fouls,home,2023/2024,1,557,0.233872171748213,3.48827845237944,0.988378238900544,0.000208979081157912,1,0.0658005588098797,0,1,NotNormal
football,fouls,away,2023/2024,1,557,0.203437439580815,2.75104767121221,0.98804345528283,0.00016090777244715,1,0.0654491340363629,0,1,NotNormal
football,fouls,diff,2023/2024,1,557,0.0812503565488418,3.02317202260935,0.99605915419911,0.179784081434204,0,0.0482302797187593,0.005,1,NotNormal
football,np_shots,home,2024/2025,1,557,0.466570789205045,3.21188655364002,0.981936882955598,2.17747763131548e-06,1,0.0846024910068749,0,1,NotNormal
football,np_shots,away,2024/2025,1,557,0.450870937722033,3.19843737403546,0.981329718721227,1.48027285018504e-06,1,0.0889855792015508,0,1,NotNormal
football,np_shots,diff,2024/2025,1,557,0.146096062449842,2.98630977670218,0.995792040999738,0.141276860371707,0,0.0470291135329052,0.004,1,NotNormal
football,shots,home,2024/2025,1,557,0.472495973247287,3.21457519330602,0.981493712382761,1.6418400001772e-06,1,0.0872462771838269,0,1,NotNormal
football,shots,away,2024/2025,1,557,0.446474319535159,3.13879178263035,0.981056554605721,1.24698057002437e-06,1,0.0889973100513758,0,1,NotNormal
football,shots,diff,2024/2025,1,557,0.14012715658123,2.99494782083677,0.996046844320598,0.177815639895998,0,0.0492269233539996,0.004,1,NotNormal
football,shots_inside_box,home,2024/2025,1,557,0.668578703263607,3.63486858431042,0.967952859627544,1.12563125487242e-09,1,0.121740462722132,0,1,NotNormal
football,shots_inside_box,away,2024/2025,1,557,0.652175769946469,4.01776564680678,0.967355862347834,8.55339354899343e-10,1,0.112672647390156,0,1,NotNormal
football,shots_inside_box,diff,2024/2025,1,557,0.20354907127594,3.31400678802085,0.9928916546231,0.0096158314485042,1,0.0642486428297184,0,1,NotNormal
football,shots_outside_box,home,2024/2025,1,557,0.620827473004259,3.28092238598003,0.961092303849567,5.6998961106558e-11,1,0.129233974087459,0,1,NotNormal
football,shots_outside_box,away,2024/2025,1,557,0.749452697944197,3.62699827625165,0.945013136283228,1.63646873829748e-13,1,0.152670852886719,0,1,NotNormal
football,shots_outside_box,diff,2024/2025,1,557,0.0989054880680827,3.09490015081572,0.991446327328094,0.00265097757194621,1,0.0640592894428774,0.001,1,NotNormal
football,penalties,home,2024/2025,1,557,2.87978871218233,10.0707443987029,0.339930541948224,0,1,0.530169213955482,0,1,NotNormal
football,penalties,away,2024/2025,1,557,4.3069847043889,22.2677756324237,0.246180649860693,0,1,0.537438651191287,0,1,NotNormal
football,penalties,diff,2024/2025,1,557,0.13131335138224,8.590986587125,0.530059841047018,0,1,0.443929487870037,0,1,NotNormal
football,big_chances,home,2024/2025,1,557,1.19380396602559,4.54214075825653,0.821693149706821,0,1,0.240148763431083,0,1,NotNormal
football,big_chances,away,2024/2025,1,557,1.43432483768619,5.47926685826905,0.773202170023753,0,1,0.269812903276132,0,1,NotNormal
football,big_chances,diff,2024/2025,1,557,-0.0140982269665351,4.39036998524855,0.948278746537404,4.84834394853806e-13,1,0.165177710209333,0,1,NotNormal
football,corners,home,2024/2025,1,557,0.664266881403678,3.35543060746784,0.961427955441529,6.54215570605743e-11,1,0.12309787785245,0,1,NotNormal
football,corners,away,2024/2025,1,557,0.774811929567399,3.86280535814264,0.950114730652891,9.11160036309866e-13,1,0.12934882708898,0,1,NotNormal
football,corners,diff,2024/2025,1,557,0.16753057117539,3.15901350805708,0.993328287667167,0.0143389462238215,1,0.0616589325125249,0,1,NotNormal
football,free_kicks,home,2024/2025,1,557,0.317235223285046,2.7297844997969,0.983406940528335,5.70315143377798e-06,1,0.088003938941323,0,1,NotNormal
football,free_kicks,away,2024/2025,1,557,0.38585989533545,3.09649969003608,0.983326861882482,5.4058994523043e-06,1,0.0974941676871679,0,1,NotNormal
football,free_kicks,diff,2024/2025,1,557,0.0797229680538927,2.92973117332103,0.993360410445661,0.0147691009527939,1,0.0557810438090541,0,1,NotNormal
football,set_pieces,home,2024/2025,1,557,0.326878414398573,3.06489594134153,0.99124385302408,0.0022233474403105,1,0.0468054800964695,0.005,1,NotNormal
football,set_pieces,away,2024/2025,1,557,0.232719028951655,3.17230724509623,0.99412594576648,0.0300321578041013,1,0.0397598304993123,0.042,1,Close
football,set_pieces,diff,2024/2025,1,557,0.0568370307043785,3.25880610722955,0.997362018622334,0.521267596651199,0,0.0319197115178786,0.17125748502994,0,Normal
football,sp_shots,home,2024/2025,1,557,0.767727728154626,3.32034310632577,0.942048529075374,6.33937347060964e-14,1,0.132932961817269,0,1,NotNormal
football,sp_shots,away,2024/2025,1,557,1.065110243515,4.70725404901592,0.91088910619001,0,1,0.167841640409489,0,1,NotNormal
football,sp_shots,diff,2024/2025,1,557,0.0341688307840318,3.25417003040494,0.990434070293635,0.00111315218655805,1,0.077195262553406,0,1,NotNormal
football,op_shots,home,2024/2025,1,557,0.508326598174127,3.07905478214355,0.977419422950169,1.42688806992197e-07,1,0.0902845167553331,0,1,NotNormal
football,op_shots,away,2024/2025,1,557,0.673386476634061,3.47198535185374,0.96459603599964,2.49890552694865e-10,1,0.113628660353765,0,1,NotNormal
football,op_shots,diff,2024/2025,1,557,0.0939907913624186,2.9993234079124,0.994751684565365,0.0538904329252389,0,0.0561263416414655,0,1,NotNormal
football,passes,home,2024/2025,1,557,0.283389564853409,3.02898954924668,0.993491452744369,0.0166652844645738,1,0.033638343851809,0.146181818181818,0,Close
football,passes,away,2024/2025,1,557,0.277397363558597,2.71093740447151,0.991060517054692,0.00189787866733815,1,0.0360042832074695,0.084,0,NotNormal
football,passes,diff,2024/2025,1,557,-0.00798260008427957,2.86579844253862,0.997265896353754,0.486792041643697,0,0.0220336678065065,0.755627009646302,0,Normal
football,successful_passes,home,2024/2025,1,557,0.302448154564653,3.04166632812405,0.992495491341974,0.00671776111075983,1,0.027231421409683,0.431525423728814,0,NotNormal
football,successful_passes,away,2024/2025,1,557,0.289989748936774,2.70482294437396,0.989485292288125,0.000506882578999557,1,0.0451975305690372,0.007,1,NotNormal
football,successful_passes,diff,2024/2025,1,557,-0.00990806863969632,2.89386320048075,0.99753970963802,0.587756222398547,0,0.0250513820530297,0.568720379146919,0,Normal
football,op_passes,home,2024/2025,1,557,0.321451829731438,3.06097171506821,0.992275504591896,0.00551415780482112,1,0.0385772584650229,0.059,0,NotNormal
football,op_passes,away,2024/2025,1,557,0.299007431851153,2.74702250655302,0.989878786173611,0.000700247211556815,1,0.0443417690315226,0.01,1,NotNormal
football,op_passes,diff,2024/2025,1,557,-0.00187279403349047,2.9039142350216,0.997633561013361,0.623893192603647,0,0.0203533613184879,0.85336856010568,0,Normal
football,successful_op_passes,home,2024/2025,1,557,0.380633159523723,3.13629485603591,0.989562185242646,0.000539737832749076,1,0.0333471211531773,0.143869596031184,0,NotNormal
football,successful_op_passes,away,2024/2025,1,557,0.348955654873303,2.80423583870091,0.987026936845821,7.40695537779779e-05,1,0.0512805404342599,0.003,1,NotNormal
football,successful_op_passes,diff,2024/2025,1,557,0.0053309243470175,2.95221482573497,0.997969877095038,0.753639887729727,0,0.0222098203057347,0.745984784446323,0,Normal
football,passes_inside_box,home,2024/2025,1,557,1.35295640330546,6.75148696175197,0.916172691459164,0,1,0.129659136422418,0,1,NotNormal
football,passes_inside_box,away,2024/2025,1,557,0.803498274783061,3.68176341917976,0.95240796388133,2.04891659194573e-12,1,0.114805810176935,0,1,NotNormal
football,passes_inside_box,diff,2024/2025,1,557,0.334183759267961,4.53434771515949,0.984930335997268,1.61915435038518e-05,1,0.0564712631900756,0.001,1,NotNormal
football,successful_passes_inside_box,home,2024/2025,1,557,1.28713724022414,5.96160825645342,0.897889025341027,0,1,0.165423339058879,0,1,NotNormal
football,successful_passes_inside_box,away,2024/2025,1,557,1.04812161520995,4.22703058857058,0.893697221320819,0,1,0.174784962454699,0,1,NotNormal
football,successful_passes_inside_box,diff,2024/2025,1,557,0.251243035508238,4.34875731104778,0.978517303984532,2.68687313398353e-07,1,0.0842348452765683,0,1,NotNormal
football,passes_into_box,home,2024/2025,1,557,0.628095087135476,3.59497723049736,0.976206998282194,7.23461863749719e-08,1,0.0728201120654532,0,1,NotNormal
football,passes_into_box,away,2024/2025,1,557,0.468208418235738,3.26334184041493,0.985346037737609,2.17124766039856e-05,1,0.0667526142961348,0,1,NotNormal
football,passes_into_box,diff,2024/2025,1,557,0.195309150944373,2.96934296508679,0.994297363531519,0.0352423131043321,1,0.039039532199841,0.042,1,Close
football,successful_passes_into_box,home,2024/2025,1,557,0.935956409515675,4.78715843307476,0.95181446408285,1.65722990885797e-12,1,0.10771746528259,0,1,NotNormal
football,successful_passes_into_box,away,2024/2025,1,557,0.647912489310087,3.16802024275025,0.963831733588961,1.79640857744801e-10,1,0.113730274462811,0,1,NotNormal
football,successful_passes_into_box,diff,2024/2025,1,557,0.254603799356022,3.49856927241898,0.990824191124874,0.00154981320863146,1,0.0471476302658521,0.004,1,NotNormal
football,op_passes_into_box,home,2024/2025,1,557,0.818667752557544,4.4504049823576,0.963601828538253,1.62802549219521e-10,1,0.0938923146762259,0,1,NotNormal
football,op_passes_into_box,away,2024/2025,1,557,0.540266127172265,3.26427583566854,0.979284841691518,4.2269954725338e-07,1,0.0787288096049561,0,1,NotNormal
football,op_passes_into_box,diff,2024/2025,1,557,0.302637095713685,3.43997543102595,0.992893390724827,0.0096310380779242,1,0.0375691146082762,0.06,0,NotNormal
football,successful_op_passes_into_box,home,2024/2025,1,557,1.06639951222974,4.87419853036192,0.936878168607489,1.31006316905768e-14,1,0.11257136168518,0,1,NotNormal
football,successful_op_passes_into_box,away,2024/2025,1,557,0.757356813986195,3.35608251021401,0.951347080214706,1.40387701463851e-12,1,0.128915584720435,0,1,NotNormal
football,successful_op_passes_into_box,diff,2024/2025,1,557,0.335968682200888,3.75919191878008,0.98935019941799,0.000454110700256138,1,0.0539004484946105,0.001,1,NotNormal
football,passes_into_final_third,home,2024/2025,1,557,0.502326107055389,3.57517745154284,0.984464722758618,1.17091089235632e-05,1,0.0486847492893672,0.002,1,NotNormal
football,passes_into_final_third,away,2024/2025,1,557,0.303120476486089,3.12512191003217,0.993066600252221,0.0112796026397906,1,0.0457453466035422,0.007,1,NotNormal
football,passes_into_final_third,diff,2024/2025,1,557,0.13607958592727,2.84496413136844,0.996997677453377,0.397756283415569,0,0.0296427914509139,0.278702518139138,0,Normal
football,successful_passes_into_final_third,home,2024/2025,1,557,0.806507989031624,3.5012743701243,0.955672228362037,6.79845069129215e-12,1,0.0947946423672416,0,1,NotNormal
football,successful_passes_into_final_third,away,2024/2025,1,557,0.79585816911826,3.94021676078864,0.962671361742214,1.09747877452548e-10,1,0.103024879553601,0,1,NotNormal
football,successful_passes_into_final_third,diff,2024/2025,1,557,0.103884726516985,3.08335356048286,0.99624268180202,0.211567315239899,0,0.0343803031613644,0.123466257668712,0,Normal
football,op_passes_into_final_third,home,2024/2025,1,557,0.565701590528585,3.72880011972893,0.980812271434019,1.07085030753851e-06,1,0.0684960731955262,0,1,NotNormal
football,op_passes_into_final_third,away,2024/2025,1,557,0.386665299337377,3.11026850609806,0.989062163226524,0.00035983221744873,1,0.0538011747823816,0.001,1,NotNormal
football,op_passes_into_final_third,diff,2024/2025,1,557,0.0908363258207423,2.93806487150546,0.997831942354453,0.700975136268196,0,0.0283634378495388,0.342793129200896,0,Normal
football,successful_op_passes_into_final_third,home,2024/2025,1,557,0.862778196453822,3.45016168372907,0.945396086601691,1.85518267414864e-13,1,0.103194702326235,0,1,NotNormal
football,successful_op_passes_into_final_third,away,2024/2025,1,557,0.871634927624386,4.04027518142277,0.956299954670981,8.61888338477002e-12,1,0.0966128676402231,0,1,NotNormal
football,successful_op_passes_into_final_third,diff,2024/2025,1,557,0.0920601635987311,3.07809993096382,0.996417517143608,0.246388280914342,0,0.0510814479727656,0.001,1,NotNormal
football,passes_in_final_third,home,2024/2025,1,557,1.26044797549855,6.4976716149545,0.931826673500286,2.99760216648792e-15,1,0.0861316485007604,0,1,NotNormal
football,passes_in_final_third,away,2024/2025,1,557,0.716296076899412,3.69158857114235,0.970137815967603,3.1614350026743e-09,1,0.0885596029990603,0,1,NotNormal
football,passes_in_final_third,diff,2024/2025,1,557,0.392128842513316,3.84294476189678,0.988893128098726,0.000314236142203717,1,0.0379203139674175,0.054,0,NotNormal
football,successful_passes_in_final_third,home,2024/2025,1,557,1.52218382310094,7.56709126938169,0.904346616637909,0,1,0.107038831363606,0,1,NotNormal
football,successful_passes_in_final_third,away,2024/2025,1,557,1.0445819270024,4.41789749587945,0.9404269273755,3.83026943495679e-14,1,0.104873130324273,0,1,NotNormal
football,successful_passes_in_final_third,diff,2024/2025,1,557,0.459846096800486,4.40019733302086,0.983971213481051,8.34677710992437e-06,1,0.0517894261148025,0.001,1,NotNormal
football,passes_in_middle_third,home,2024/2025,1,557,0.609704203773998,3.77349304243115,0.978817591770184,3.20457630320625e-07,1,0.0382280925389687,0.039,1,NotNormal
football,passes_in_middle_third,away,2024/2025,1,557,0.650095160804378,3.43909335894449,0.973369434057652,1.58901447555593e-08,1,0.060398801647191,0,1,NotNormal
football,passes_in_middle_third,diff,2024/2025,1,557,-0.0695280952825243,3.1866509532412,0.998060998725478,0.787249782865969,0,0.0239264459938561,0.643922445935869,0,Normal
football,successful_passes_in_middle_third,home,2024/2025,1,557,0.649520573056844,3.87556679720005,0.97577391010464,5.7032278899527e-08,1,0.0481597990239544,0.002,1,NotNormal
football,successful_passes_in_middle_third,away,2024/2025,1,557,0.688082329292098,3.51890675687747,0.970695648877773,4.14537537629656e-09,1,0.07007804679263,0,1,NotNormal
football,successful_passes_in_middle_third,diff,2024/2025,1,557,-0.0685628211658936,3.18633908330025,0.998000177607196,0.76494879023531,0,0.0197161522692995,0.876272513703994,0,Normal
football,passes_in_own_third,home,2024/2025,1,557,0.821462922150076,4.09876233229864,0.963525327475732,1.57570956282882e-10,1,0.0634656487304606,0,1,NotNormal
football,passes_in_own_third,away,2024/2025,1,557,0.453272475546179,2.97887904739491,0.984217824327249,9.87871674074103e-06,1,0.04437108016419,0.012,1,NotNormal
football,passes_in_own_third,diff,2024/2025,1,557,0.243712729160006,3.21372979657583,0.995453385307518,0.103551777565473,0,0.0253962775747385,0.510666666666667,0,Normal
football,successful_passes_in_own_third,home,2024/2025,1,557,0.684911436836084,3.86971763848085,0.971862329669989,7.38106353814771e-09,1,0.0585458357342409,0,1,NotNormal
football,successful_passes_in_own_third,away,2024/2025,1,557,0.421961770732065,3.08364918103342,0.985385365299431,2.23280591030717e-05,1,0.0435793383309793,0.013,1,NotNormal
football,successful_passes_in_own_third,diff,2024/2025,1,557,0.221116116357186,3.1048962558071,0.9955423690986,0.112406877489948,0,0.0210054679674313,0.824286513710129,0,Normal
football,forward_passes,home,2024/2025,1,557,0.322511342025041,3.14908546422693,0.992424989412068,0.0063049973902074,1,0.0407058348327667,0.024,1,NotNormal
football,forward_passes,away,2024/2025,1,557,0.371192682479838,2.98208878633596,0.989749180235226,0.000629239391558456,1,0.0501773401460672,0,1,NotNormal
football,forward_passes,diff,2024/2025,1,557,-0.189908281695313,3.79298418113298,0.993738555793334,0.0209462267975402,1,0.0393327067662211,0.043,1,Close
football,sideways_passes,home,2024/2025,1,557,0.316826393596528,2.95791371826497,0.991555503521744,0.00291615618792651,1,0.0310892086374631,0.237382378100941,0,NotNormal
football,sideways_passes,away,2024/2025,1,557,0.365134535577315,2.69799287356243,0.985950563398384,3.34995510592462e-05,1,0.0570105745289113,0.001,1,NotNormal
football,sideways_passes,diff,2024/2025,1,557,-0.00886950366488702,2.84403723057833,0.997348071219894,0.516191787335864,0,0.0242938469226678,0.62550831792976,0,Normal
football,backward_passes,home,2024/2025,1,557,0.38530655591821,3.17836912706746,0.989088601183754,0.000367565291640171,1,0.0467499056344192,0.004,1,NotNormal
football,backward_passes,away,2024/2025,1,557,0.288816657984574,2.9055466359814,0.992070876993291,0.00459431672791932,1,0.0345543984558405,0.1,0,NotNormal
football,backward_passes,diff,2024/2025,1,557,0.0486544307653419,2.85315542350952,0.998003395622174,0.76614264919684,0,0.0252117577383028,0.549376474553421,0,Normal
football,forward_passes_in_final_third,home,2024/2025,1,557,0.510451820223354,3.6065563353337,0.984726912106378,1.40455286988805e-05,1,0.0541618192358669,0,1,NotNormal
football,forward_passes_in_final_third,away,2024/2025,1,557,0.412847001049466,3.3356362717108,0.988799741837221,0.000291670875206651,1,0.0521923514868116,0.002,1,NotNormal
football,forward_passes_in_final_third,diff,2024/2025,1,557,0.0671967510674184,2.78758342958982,0.996780696864412,0.33443213103437,0,0.0366075852727877,0.072,0,Normal
football,sideways_passes_in_final_third,home,2024/2025,1,557,1.60534400438513,8.89209392845334,0.904688175482742,0,1,0.104996923226808,0,1,NotNormal
football,sideways_passes_in_final_third,away,2024/2025,1,557,0.855216879244535,3.91590526628506,0.958113539780237,1.73263625669051e-11,1,0.0865571522375765,0,1,NotNormal
football,sideways_passes_in_final_third,diff,2024/2025,1,557,0.525712194859882,4.65535440345822,0.981724416358712,1.90096138408258e-06,1,0.0408090817502081,0.026,1,NotNormal
football,backward_passes_in_final_third,home,2024/2025,1,557,0.940463063047394,3.74885155909989,0.941309386644024,5.02931030155196e-14,1,0.109192022076174,0,1,NotNormal
football,backward_passes_in_final_third,away,2024/2025,1,557,1.00259475397512,4.63003884269253,0.946102473127218,2.3392399128852e-13,1,0.0926833327148562,0,1,NotNormal
football,backward_passes_in_final_third,diff,2024/2025,1,557,0.186897743386489,3.23532806636854,0.995260480364466,0.0866084802876808,0,0.0398238250381673,0.034,1,Close
football,deep_completions,home,2024/2025,1,557,1.2157520212536,5.53449859756475,0.914740115409147,0,1,0.147732072214545,0,1,NotNormal
football,deep_completions,away,2024/2025,1,557,0.805612547744009,3.37754875857777,0.929254171634699,1.4432899320127e-15,1,0.153036461385686,0,1,NotNormal
football,deep_completions,diff,2024/2025,1,557,0.291072049007597,4.10862188970179,0.981732927671275,1.91130144344687e-06,1,0.0772077521982955,0,1,NotNormal
football,long_balls,home,2024/2025,1,557,0.324070748383846,3.38457079531798,0.991258478843476,0.0022516922376743,1,0.0434670993985536,0.013,1,NotNormal
football,long_balls,away,2024/2025,1,557,0.234224820919018,3.54598586858675,0.992994510562338,0.0105608138763104,1,0.0413105832476451,0.017,1,Close
football,long_balls,diff,2024/2025,1,557,0.0796380790664093,3.32613433327144,0.99725711562514,0.48370436235922,0,0.0359163467675911,0.085,0,Normal
football,successful_long_balls,home,2024/2025,1,557,0.777548151592567,4.71435510477536,0.965548320470045,3.7940395269942e-10,1,0.068272304897164,0,1,NotNormal
football,successful_long_balls,away,2024/2025,1,557,0.530534618508987,3.36689623562135,0.980740852546234,1.02442141014514e-06,1,0.086247825716117,0,1,NotNormal
football,successful_long_balls,diff,2024/2025,1,557,0.228867448526596,3.65385266702263,0.993796234705053,0.0220976847437229,1,0.0368819327089662,0.083,0,Close
football,goalkeeper_long_balls,home,2024/2025,1,557,0.303016115082939,2.63444464720845,0.986883920526279,6.65499303732497e-05,1,0.0624870615340336,0,1,NotNormal
football,goalkeeper_long_balls,away,2024/2025,1,557,0.356341431278651,2.94102745517924,0.983302623018176,5.31915109713843e-06,1,0.0544774340743694,0,1,NotNormal
football,goalkeeper_long_balls,diff,2024/2025,1,557,-0.0309854256070237,2.77715787523018,0.997658728031255,0.633654419908196,0,0.0343258958432243,0.124810892586989,0,Normal
football,goalkeeper_passes,home,2024/2025,1,557,1.03808893498038,6.07437555224391,0.95257247505989,2.17359463761113e-12,1,0.0756474160593349,0,1,NotNormal
football,goalkeeper_passes,away,2024/2025,1,557,0.921187141943713,4.99643886148978,0.957574436141913,1.40502054435387e-11,1,0.0980983055421529,0,1,NotNormal
football,goalkeeper_passes,diff,2024/2025,1,557,0.261058771636601,4.33954311651106,0.988675632804915,0.000264267134959417,1,0.0446680381819856,0.009,1,NotNormal
football,crosses,home,2024/2025,1,557,0.871645891149699,4.08798759932146,0.954118691451398,3.81461529030958e-12,1,0.0894876409664312,0,1,NotNormal
football,crosses,away,2024/2025,1,557,0.514773037795295,3.70256680010904,0.979146140167069,3.89206103568185e-07,1,0.0775807276149661,0,1,NotNormal
football,crosses,diff,2024/2025,1,557,0.307061309221216,3.06961202798241,0.990652421148332,0.00133894658685429,1,0.0617169098275314,0,1,NotNormal
football,successful_crosses,home,2024/2025,1,557,0.914532728022833,4.46958149121436,0.938935633473978,2.42028619368284e-14,1,0.15273689664847,0,1,NotNormal
football,successful_crosses,away,2024/2025,1,557,0.661133709034589,3.33793487517274,0.941038556529693,4.6296300126869e-14,1,0.151052804400884,0,1,NotNormal
football,successful_crosses,diff,2024/2025,1,557,0.201178583357926,3.04386472316138,0.986687943657575,5.7516853870565e-05,1,0.0835120382693337,0,1,NotNormal
football,dribbles,home,2024/2025,1,557,0.526383521790606,2.88082528479961,0.972438514270842,9.86628689858549e-09,1,0.0869397749618817,0,1,NotNormal
football,dribbles,away,2024/2025,1,557,0.585863312018426,2.99443047506294,0.969693856616182,2.5537311154622e-09,1,0.094417731453172,0,1,NotNormal
football,dribbles,diff,2024/2025,1,557,0.0555042155474611,3.06154773753251,0.995563209022433,0.114583376,0,0.0512467136143929,0,1,NotNormal
football,successful_dribbles,home,2024/2025,1,557,0.618774836870365,3.18199105603617,0.964803022692351,2.73467137823502e-10,1,0.106453600078136,0,1,NotNormal
football,successful_dribbles,away,2024/2025,1,557,0.6352670598086,3.32655130224452,0.963688652037367,1.68959735091789e-10,1,0.118950739710085,0,1,NotNormal
football,successful_dribbles,diff,2024/2025,1,557,-0.108646966134009,2.91080992786109,0.993205842857206,0.0128135970342018,1,0.0651768954525801,0,1,NotNormal
football,carries,home,2024/2025,1,557,0.248671938257467,2.83983319792692,0.993682988191892,0.0198946998047898,1,0.0347790223586179,0.116165718927701,0,Close
football,carries,away,2024/2025,1,557,0.232021285704749,2.67103369497836,0.991930761073089,0.00405727411832657,1,0.0334145722061131,0.134173461823573,0,NotNormal
football,carries,diff,2024/2025,1,557,0.0190682627064247,2.87378143148629,0.998525120658553,0.927549282045171,0,0.016097144194149,0.981,0,Normal
football,carries_into_final_third,home,2024/2025,1,557,0.510047208222256,3.34862770756251,0.981648964803151,1.8118132943945e-06,1,0.0747050030873346,0,1,NotNormal
football,carries_into_final_third,away,2024/2025,1,557,0.656857327064327,3.53438584615864,0.970536936343681,3.83658971259138e-09,1,0.0930811018627317,0,1,NotNormal
football,carries_into_final_third,diff,2024/2025,1,557,0.0412543440962534,2.98368550495611,0.99709749314676,0.429562257666251,0,0.043451571399784,0.012,1,Close
football,carries_into_box,home,2024/2025,1,557,0.962491973331648,4.48160946439002,0.942658821340886,7.68274333040608e-14,1,0.112797994698585,0,1,NotNormal
football,carries_into_box,away,2024/2025,1,557,0.834873605053511,3.82863673289256,0.947737465298314,4.03677091753707e-13,1,0.131129046644408,0,1,NotNormal
football,carries_into_box,diff,2024/2025,1,557,0.300482597572921,3.83038219385137,0.987539972288664,0.000109207627237873,1,0.0624843013173739,0,1,NotNormal
football,progressive_carries,home,2024/2025,1,557,0.591241781481274,3.33170973155414,0.976408220313955,8.08673412677763e-08,1,0.0708623518805419,0,1,NotNormal
football,progressive_carries,away,2024/2025,1,557,0.634379634732436,3.36416164040706,0.972716756481446,1.13652046662693e-08,1,0.0815382821996369,0,1,NotNormal
football,progressive_carries,diff,2024/2025,1,557,0.115304554035863,3.29767414222376,0.995794186974122,0.141552986955419,0,0.058073836567803,0,1,NotNormal
football,deep_progressions,home,2024/2025,1,557,0.73190897233945,3.35966132120146,0.961658471995589,7.19483361777407e-11,1,0.0758006932628004,0,1,NotNormal
football,deep_progressions,away,2024/2025,1,557,0.747500741085726,3.81145059327653,0.966403190988755,5.55385959444266e-10,1,0.0800527967495057,0,1,NotNormal
football,deep_progressions,diff,2024/2025,1,557,0.103424563430472,3.05737190616968,0.995892109531183,0.154704102651314,0,0.0409865075317011,0.037,1,Close
football,box_entries,home,2024/2025,1,557,0.91294671475781,5.10005143980737,0.958649333954229,2.13762341161328e-11,1,0.0922576197482297,0,1,NotNormal
football,box_entries,away,2024/2025,1,557,0.558742338758415,3.13055108486252,0.974839533150485,3.4420317929218e-08,1,0.0922638700468438,0,1,NotNormal
football,box_entries,diff,2024/2025,1,557,0.256235814658321,3.52009230749072,0.992983117065659,0.0104515947120341,1,0.0402055942464529,0.024,1,Close
football,tackles,home,2024/2025,1,557,0.364557139425579,3.14383047154746,0.989195081149444,0.000400508529169064,1,0.064388102120494,0,1,NotNormal
football,tackles,away,2024/2025,1,557,0.549870107168883,3.06687874005074,0.976156480810068,7.03577407445977e-08,1,0.0867737173675976,0,1,NotNormal
football,tackles,diff,2024/2025,1,557,-0.238550807610317,3.16854241793087,0.993944859874069,0.0253706780540383,1,0.0383254754995335,0.046,1,Close
football,successful_tackles,home,2024/2025,1,557,0.376331733660021,3.25758281470113,0.987226672643211,8.60877288504369e-05,1,0.0599411379754945,0,1,NotNormal
football,successful_tackles,away,2024/2025,1,557,0.39203071437078,2.7927718737209,0.983894533913096,7.9227512380653e-06,1,0.0790009617572455,0,1,NotNormal
football,successful_tackles,diff,2024/2025,1,557,-0.152147685684614,2.92917318654851,0.99531858783828,0.0914066988545189,0,0.0403837473405315,0.035,1,Close
football,ball_recoveries,home,2024/2025,1,557,0.280126878594492,2.9141871417305,0.992233943087369,0.00531302342457662,1,0.0560067953173026,0,1,NotNormal
football,ball_recoveries,away,2024/2025,1,557,0.23062734011676,3.00833929092026,0.994616933477908,0.0475108834735047,1,0.0547934365607259,0.001,1,NotNormal
football,ball_recoveries,diff,2024/2025,1,557,0.198141153484949,3.14547717379578,0.995757012893468,0.136840693879611,0,0.0505794379010255,0.001,1,NotNormal
football,regains,home,2024/2025,1,557,0.251262036296076,2.90962377219298,0.993350860669814,0.0146398576836576,1,0.0500310625403413,0.003,1,NotNormal
football,regains,away,2024/2025,1,557,0.241931650591161,2.83904686435347,0.993567292238866,0.0178746454615718,1,0.0528946564922423,0,1,NotNormal
football,regains,diff,2024/2025,1,557,-0.00785654363467827,2.80155361192232,0.997616027603067,0.617106893567212,0,0.0293192720009164,0.312404287901991,0,Normal
football,regains_opposition_half,home,2024/2025,1,557,0.423305957413374,3.17870935604155,0.985923133419692,3.28408425578353e-05,1,0.0603874748960259,0,1,NotNormal
football,regains_opposition_half,away,2024/2025,1,557,0.257734345304175,2.69962330035463,0.990261184784276,0.00096265088550318,1,0.0580107827155832,0,1,NotNormal
football,regains_opposition_half,diff,2024/2025,1,557,0.23110046836721,2.94896766259511,0.994044744714267,0.0278431135765351,1,0.0444046675054032,0.012,1,Close
football,tackle_interceptions_opposition_half,home,2024/2025,1,557,0.657214689311211,3.7951807809212,0.968008088291637,1.15477605255876e-09,1,0.109389470664397,0,1,NotNormal
football,tackle_interceptions_opposition_half,away,2024/2025,1,557,0.584582890812421,3.09402700260857,0.96251389375537,1.02726160911004e-10,1,0.113012422637986,0,1,NotNormal
football,tackle_interceptions_opposition_half,diff,2024/2025,1,557,0.324246379020657,3.45145026193856,0.988273634781384,0.000192527261202557,1,0.0787121980939676,0,1,NotNormal
football,blocks,home,2024/2025,1,557,0.261554212312962,2.92874461843468,0.991875082453238,0.00386230379123809,1,0.0600488125834462,0,1,NotNormal
football,blocks,away,2024/2025,1,557,0.397669414442828,3.19794487747679,0.986231826743252,4.11072647077404e-05,1,0.0706928601337357,0,1,NotNormal
football,blocks,diff,2024/2025,1,557,-0.241726589262325,2.98496949698413,0.993148276309362,0.0121549794444585,1,0.0493480506426242,0.001,1,NotNormal
football,pressures,home,2024/2025,1,557,0.334150113644116,3.00306967501943,0.991467402002403,0.0027001453585962,1,0.0412829555320458,0.018,1,NotNormal
football,pressures,away,2024/2025,1,557,0.459052715928152,3.2092690467755,0.986537413740816,5.14530422299764e-05,1,0.0484161084181575,0.007,1,NotNormal
football,pressures,diff,2024/2025,1,557,-0.12786406050109,3.23797611947903,0.997424546416359,0.544302148790464,0,0.0248859073901592,0.554384772263766,0,Normal
football,pressures_opposition_half,home,2024/2025,1,557,0.515411361153245,3.29384140702125,0.983072198364093,4.5635819138079e-06,1,0.0482605610376858,0.001,1,NotNormal
football,pressures_opposition_half,away,2024/2025,1,557,0.801440166124861,3.53313621425777,0.958670502386524,2.15552020677023e-11,1,0.0774037861146386,0,1,NotNormal
football,pressures_opposition_half,diff,2024/2025,1,557,-0.18538223051947,3.19835419525662,0.996258795897232,0.214584842003585,0,0.0302430435985676,0.258512544802867,0,Normal
football,counterpressures,home,2024/2025,1,557,0.455347873975304,3.18903467608776,0.984807780729043,1.48606953914721e-05,1,0.0764563521470378,0,1,NotNormal
football,counterpressures,away,2024/2025,1,557,0.578759107096917,3.59297191680721,0.979233758318372,4.1002694095571e-07,1,0.074191189315767,0,1,NotNormal
football,counterpressures,diff,2024/2025,1,557,-0.265878193309124,3.35185020696234,0.99359915013542,0.0184090544023857,1,0.0391704387443931,0.04,1,Close
football,counterpressures_opposition_half,home,2024/2025,1,557,0.34475782206314,3.07035557186807,0.990105567951756,0.000845283683643117,1,0.0673940319500415,0,1,NotNormal
football,counterpressures_opposition_half,away,2024/2025,1,557,0.426355651177441,2.99906613043138,0.985067879014191,1.78346017407627e-05,1,0.0707484429512256,0,1,NotNormal
football,counterpressures_opposition_half,diff,2024/2025,1,557,-0.261045098423389,3.34135607924244,0.99284843390116,0.00924511450950605,1,0.0393420252461968,0.033,1,NotNormal
football,fouls,home,2024/2025,1,557,0.358736586798621,3.09659709772377,0.984465040219058,1.17116781644944e-05,1,0.091447537725288,0,1,NotNormal
football,fouls,away,2024/2025,1,557,0.35382040473049,3.12591411728032,0.985068427360202,1.7841490059789e-05,1,0.0748546828736683,0,1,NotNormal
football,fouls,diff,2024/2025,1,557,-0.00930379271435482,2.92971120846632,0.994983713227442,0.0669332588521135,0,0.0580051326774108,0.001,1,NotNormal
football,np_shots,home,2023/2024+2024/2025,2,1114,0.487707090156573,3.23233779109157,0.981974122840278,1.5785805995705e-10,1,0.0824114411592964,0,1,NotNormal
football,np_shots,away,2023/2024+2024/2025,2,1114,0.489456391234951,3.1727046846966,0.980641955498234,4.95887775286974e-11,1,0.0807069227647246,0,1,NotNormal
football,np_shots,diff,2023/2024+2024/2025,2,1114,0.0631637951704086,2.93609437512174,0.997191613680755,0.0478031405881534,1,0.0426767773127947,0,1,NotNormal
football,shots,home,2023/2024+2024/2025,2,1114,0.49404453782829,3.24045219539392,0.981302724642844,8.75001182620849e-11,1,0.0842462116559967,0,1,NotNormal
football,shots,away,2023/2024+2024/2025,2,1114,0.477410811948857,3.12824140325967,0.98115167439214,7.67632624132375e-11,1,0.080666062116192,0,1,NotNormal
football,shots,diff,2023/2024+2024/2025,2,1114,0.0654160071578848,2.91969884522593,0.997327015277157,0.0613388077055798,0,0.040784392150233,0,1,NotNormal
football,shots_inside_box,home,2023/2024+2024/2025,2,1114,0.600475031059015,3.46367546305013,0.972499498727581,1.05582209641852e-13,1,0.107581093471489,0,1,NotNormal
football,shots_inside_box,away,2023/2024+2024/2025,2,1114,0.608918119591918,3.41366612264819,0.968983981227382,1.0769163338864e-14,1,0.113919321607471,0,1,NotNormal
football,shots_inside_box,diff,2023/2024+2024/2025,2,1114,0.127045431607377,3.08177143734143,0.995483670314952,0.00219828067284766,1,0.0529979968501447,0,1,NotNormal
football,shots_outside_box,home,2023/2024+2024/2025,2,1114,0.666862744775966,3.37652375140411,0.958729344781514,0,1,0.129225032700841,0,1,NotNormal
football,shots_outside_box,away,2023/2024+2024/2025,2,1114,0.700988104037234,3.57616489552308,0.950706043138439,0,1,0.138259899126281,0,1,NotNormal
football,shots_outside_box,diff,2023/2024+2024/2025,2,1114,0.0906288819499067,3.2134964489837,0.991770256815535,7.10119786939689e-06,1,0.069334232205564,0,1,NotNormal
football,penalties,home,2023/2024+2024/2025,2,1114,2.9259125844199,10.612140658619,0.342149679961082,0,1,0.529431992458384,0,1,NotNormal
football,penalties,away,2023/2024+2024/2025,2,1114,3.86320679685621,17.8536257805402,0.267983985966473,0,1,0.536918349589334,0,1,NotNormal
football,penalties,diff,2023/2024+2024/2025,2,1114,0.221066932060174,7.969773950989,0.549610890231214,0,1,0.436848143956868,0,1,NotNormal
football,big_chances,home,2023/2024+2024/2025,2,1114,1.2582813084888,4.84543642522012,0.821625611125253,0,1,0.234282361192719,0,1,NotNormal
football,big_chances,away,2023/2024+2024/2025,2,1114,1.2557533453378,4.65172457921218,0.794543214646702,0,1,0.255077936842459,0,1,NotNormal
football,big_chances,diff,2023/2024+2024/2025,2,1114,0.157969950886076,3.85737834850788,0.956801554243416,0,1,0.164228283078475,0,1,NotNormal
football,corners,home,2023/2024+2024/2025,2,1114,0.632487560216648,3.50675052302696,0.966038234512009,1.77635683940025e-15,1,0.114005778756379,0,1,NotNormal
football,corners,away,2023/2024+2024/2025,2,1114,0.801570762951694,4.00098538999667,0.951204758929716,0,1,0.126709907751178,0,1,NotNormal
football,corners,diff,2023/2024+2024/2025,2,1114,0.075709866456515,3.17118810880938,0.994958836617576,0.000899187157122228,1,0.0572440959138669,0,1,NotNormal
football,free_kicks,home,2023/2024+2024/2025,2,1114,0.296606190142089,2.9519347897962,0.987283128799736,2.92864853479458e-08,1,0.0723136515456672,0,1,NotNormal
football,free_kicks,away,2023/2024+2024/2025,2,1114,0.24650285521711,3.10757273254411,0.989731006667049,5.0079709679185e-07,1,0.0761717286808927,0,1,NotNormal
football,free_kicks,diff,2023/2024+2024/2025,2,1114,0.0751050300898986,3.08948829757284,0.995446118739716,0.002060113919647,1,0.0509476023592199,0,1,NotNormal
football,set_pieces,home,2023/2024+2024/2025,2,1114,0.2538908647643,3.0515505915835,0.994230844214421,0.000272950675110795,1,0.0476087977635347,0,1,NotNormal
football,set_pieces,away,2023/2024+2024/2025,2,1114,0.270481184131506,3.14814250390143,0.994052395959691,0.000205491835194471,1,0.0452787940773682,0,1,NotNormal
football,set_pieces,diff,2023/2024+2024/2025,2,1114,0.015738012463743,3.05861869577446,0.99840126229934,0.395418652327194,0,0.0321166887500635,0.008,1,NotNormal
football,sp_shots,home,2023/2024+2024/2025,2,1114,0.870487655213739,3.68008785898922,0.935444081754165,0,1,0.145802037501246,0,1,NotNormal
football,sp_shots,away,2023/2024+2024/2025,2,1114,1.02245025402892,4.39101163044656,0.915730528654521,0,1,0.170643215534103,0,1,NotNormal
football,sp_shots,diff,2023/2024+2024/2025,2,1114,-0.00224870995936556,3.36690956670385,0.989735170428428,5.03370389370872e-07,1,0.0736376421583382,0,1,NotNormal
football,op_shots,home,2023/2024+2024/2025,2,1114,0.479066539584859,2.99728668569932,0.97893567626983,1.20859988683719e-11,1,0.0867023854277209,0,1,NotNormal
football,op_shots,away,2023/2024+2024/2025,2,1114,0.60151964283109,3.16803639117779,0.968442926558244,7.7715611723761e-15,1,0.107548592880128,0,1,NotNormal
football,op_shots,diff,2023/2024+2024/2025,2,1114,0.071790886972377,2.84437683744691,0.995852046813966,0.00418727322409562,1,0.0434818868905437,0,1,NotNormal
football,passes,home,2023/2024+2024/2025,2,1114,0.336001734129113,2.85490710268216,0.99078006554808,1.88846350246408e-06,1,0.0395384004629795,0,1,NotNormal
football,passes,away,2023/2024+2024/2025,2,1114,0.477140221195079,3.26026022110892,0.984545405985184,1.73077130405375e-09,1,0.0482772787074471,0,1,NotNormal
football,passes,diff,2023/2024+2024/2025,2,1114,-0.0797117957389141,2.85530825191248,0.997783450272448,0.140537802375952,0,0.0271422706396076,0.065,0,Normal
football,successful_passes,home,2023/2024+2024/2025,2,1114,0.379891497123804,2.89166649730371,0.988064715821686,6.99668608605819e-08,1,0.0400141776531294,0,1,NotNormal
football,successful_passes,away,2023/2024+2024/2025,2,1114,0.530434856876732,3.38334550700033,0.981357730586488,9.17876885608848e-11,1,0.0527638049897325,0,1,NotNormal
football,successful_passes,diff,2023/2024+2024/2025,2,1114,-0.0810959016033822,2.87434844775888,0.997755766842623,0.133762904902877,0,0.0241596546185799,0.137768817204301,0,Normal
football,op_passes,home,2023/2024+2024/2025,2,1114,0.379916759784105,2.9044483971088,0.988938616910563,1.92522868980305e-07,1,0.0442079643842052,0,1,NotNormal
football,op_passes,away,2023/2024+2024/2025,2,1114,0.514003628464916,3.34867694921337,0.982462789627918,2.4464830161719e-10,1,0.0497285964867608,0,1,NotNormal
football,op_passes,diff,2023/2024+2024/2025,2,1114,-0.0711453853414043,2.88171942875954,0.997844399083,0.156593904488787,0,0.026797332419359,0.048,1,Close
football,successful_op_passes,home,2023/2024+2024/2025,2,1114,0.453533243853308,2.99149144294083,0.984438967696111,1.56021229269498e-09,1,0.0466996353814337,0,1,NotNormal
football,successful_op_passes,away,2023/2024+2024/2025,2,1114,0.605108025188807,3.58640965014387,0.977044542595654,2.74780198594726e-12,1,0.0582794503801544,0,1,NotNormal
football,successful_op_passes,diff,2023/2024+2024/2025,2,1114,-0.065853788725469,2.94463975128792,0.997910334967387,0.175852606101471,0,0.0207718153496812,0.314152410575428,0,Normal
football,passes_inside_box,home,2023/2024+2024/2025,2,1114,1.23053010220238,5.85364676636595,0.925938370987612,0,1,0.122032273114208,0,1,NotNormal
football,passes_inside_box,away,2023/2024+2024/2025,2,1114,1.22683898168978,5.8011944227068,0.923598008269498,0,1,0.115098687426095,0,1,NotNormal
football,passes_inside_box,diff,2023/2024+2024/2025,2,1114,0.181602838366493,4.36947967911774,0.986091760951636,8.2186908390014e-09,1,0.0579983745688226,0,1,NotNormal
football,successful_passes_inside_box,home,2023/2024+2024/2025,2,1114,1.24700884625042,5.4358492442967,0.897126129863594,0,1,0.169123516149541,0,1,NotNormal
football,successful_passes_inside_box,away,2023/2024+2024/2025,2,1114,1.46860257170349,6.94868568584596,0.871067790978565,0,1,0.175905787772761,0,1,NotNormal
football,successful_passes_inside_box,diff,2023/2024+2024/2025,2,1114,0.103848797791366,4.27961540461211,0.979832195544602,2.51363374559332e-11,1,0.0837307348877302,0,1,NotNormal
football,passes_into_box,home,2023/2024+2024/2025,2,1114,0.628025695256375,3.56249577130119,0.976720933005869,2.14983586488415e-12,1,0.0696405807137917,0,1,NotNormal
football,passes_into_box,away,2023/2024+2024/2025,2,1114,0.507355185816538,3.22886243553202,0.982955921994391,3.83628906419631e-10,1,0.0650510787762144,0,1,NotNormal
football,passes_into_box,diff,2023/2024+2024/2025,2,1114,0.163211353210649,3.11173365195596,0.997260522799782,0.0542747361742166,0,0.0328193297995163,0.007,1,NotNormal
football,successful_passes_into_box,home,2023/2024+2024/2025,2,1114,0.818606422099142,4.18201588007787,0.960973085147267,1.11022302462516e-16,1,0.0930379327459225,0,1,NotNormal
football,successful_passes_into_box,away,2023/2024+2024/2025,2,1114,0.798544932574935,4.20932630067365,0.959520474559703,0,1,0.111659897088397,0,1,NotNormal
football,successful_passes_into_box,diff,2023/2024+2024/2025,2,1114,0.105701908537841,3.65365844828872,0.993690667258021,0.000116717503775177,1,0.0422614221226675,0,1,NotNormal
football,op_passes_into_box,home,2023/2024+2024/2025,2,1114,0.833736705444222,4.28885561689468,0.963265011418386,3.33066907387547e-16,1,0.0854385127627867,0,1,NotNormal
football,op_passes_into_box,away,2023/2024+2024/2025,2,1114,0.615825074587243,3.3756295289245,0.97535326657325,7.80486786311485e-13,1,0.0760172072220835,0,1,NotNormal
football,op_passes_into_box,diff,2023/2024+2024/2025,2,1114,0.246305318177592,3.4208880881294,0.994863125129105,0.00076630822078716,1,0.0342489144724138,0.002,1,NotNormal
football,successful_op_passes_into_box,home,2023/2024+2024/2025,2,1114,0.927662189499224,4.24803088496677,0.9484475278212,0,1,0.111480792382119,0,1,NotNormal
football,successful_op_passes_into_box,away,2023/2024+2024/2025,2,1114,0.988383607861143,4.94471115833452,0.943096059172058,0,1,0.117294528333566,0,1,NotNormal
football,successful_op_passes_into_box,diff,2023/2024+2024/2025,2,1114,0.0863268033092201,3.88834631246101,0.991620208279992,5.78201932754929e-06,1,0.0534041019139504,0,1,NotNormal
football,passes_into_final_third,home,2023/2024+2024/2025,2,1114,0.453766983580067,3.32002542390049,0.987412384346661,3.37515116966003e-08,1,0.0493188242154011,0,1,NotNormal
football,passes_into_final_third,away,2023/2024+2024/2025,2,1114,0.193319687702709,3.02237924945428,0.996621089430164,0.0167291118474205,1,0.0427865507002272,0,1,NotNormal
football,passes_into_final_third,diff,2023/2024+2024/2025,2,1114,0.213991304676412,3.09551136015828,0.996091453258971,0.00641023764135051,1,0.0395901882640124,0.001,1,NotNormal
football,successful_passes_into_final_third,home,2023/2024+2024/2025,2,1114,0.926466659371086,4.03621211663641,0.950734790801065,0,1,0.0936819365667295,0,1,NotNormal
football,successful_passes_into_final_third,away,2023/2024+2024/2025,2,1114,0.873294956029371,4.52546497290746,0.960880945141684,1.11022302462516e-16,1,0.0810002208664485,0,1,NotNormal
football,successful_passes_into_final_third,diff,2023/2024+2024/2025,2,1114,0.1612181209852,3.3450346853495,0.995116960558208,0.00117354386778545,1,0.0436602747347042,0,1,NotNormal
football,op_passes_into_final_third,home,2023/2024+2024/2025,2,1114,0.544115666362029,3.42300557030158,0.982388737346175,2.28822405468065e-10,1,0.0602888072701556,0,1,NotNormal
football,op_passes_into_final_third,away,2023/2024+2024/2025,2,1114,0.318115188255028,3.2232200849162,0.992817968924311,3.14031579419227e-05,1,0.0441954245225126,0,1,NotNormal
football,op_passes_into_final_third,diff,2023/2024+2024/2025,2,1114,0.157480330525806,3.10677705363428,0.997437440649073,0.0751183685375724,0,0.0339373089768971,0.003,1,NotNormal
football,successful_op_passes_into_final_third,home,2023/2024+2024/2025,2,1114,0.95901866066699,4.00082688373029,0.944895012326919,0,1,0.110411607118077,0,1,NotNormal
football,successful_op_passes_into_final_third,away,2023/2024+2024/2025,2,1114,0.959045322164477,4.61109372339647,0.952558447663374,0,1,0.0837770694266273,0,1,NotNormal
football,successful_op_passes_into_final_third,diff,2023/2024+2024/2025,2,1114,0.141881651236445,3.33013145991941,0.995867885506905,0.00430620162708084,1,0.0467609499838437,0,1,NotNormal
football,passes_in_final_third,home,2023/2024+2024/2025,2,1114,1.18901541559576,5.46020657908383,0.934003957518463,0,1,0.0856145258771697,0,1,NotNormal
football,passes_in_final_third,away,2023/2024+2024/2025,2,1114,0.91556975151817,4.95652508061018,0.960830218260733,1.11022302462516e-16,1,0.0663740616888003,0,1,NotNormal
football,passes_in_final_third,diff,2023/2024+2024/2025,2,1114,0.297270183866714,3.94269304363698,0.989687150098333,4.74510495340752e-07,1,0.0431691417064874,0,1,NotNormal
football,successful_passes_in_final_third,home,2023/2024+2024/2025,2,1114,1.38292394070838,6.08911008690084,0.911619681188401,0,1,0.101039931434262,0,1,NotNormal
football,successful_passes_in_final_third,away,2023/2024+2024/2025,2,1114,1.30613079084848,6.25368214045914,0.926211461291808,0,1,0.0904725242658896,0,1,NotNormal
football,successful_passes_in_final_third,diff,2023/2024+2024/2025,2,1114,0.31087930610316,4.30600190410383,0.98549978648285,4.4749346450601e-09,1,0.0517737831659955,0,1,NotNormal
football,passes_in_middle_third,home,2023/2024+2024/2025,2,1114,0.712687137860318,3.79843439238438,0.971889154891029,7.01660951563099e-14,1,0.0478852028492192,0,1,NotNormal
football,passes_in_middle_third,away,2023/2024+2024/2025,2,1114,0.867204752835338,4.44155339075872,0.961220420321888,1.11022302462516e-16,1,0.072969927656242,0,1,NotNormal
football,passes_in_middle_third,diff,2023/2024+2024/2025,2,1114,-0.0500675643776357,3.28360872896427,0.998125482727011,0.254293670866239,0,0.0223519997545447,0.213106796116505,0,Normal
football,successful_passes_in_middle_third,home,2023/2024+2024/2025,2,1114,0.788799249666721,3.95051452598792,0.965303025700517,1.22124532708767e-15,1,0.0580950702521372,0,1,NotNormal
football,successful_passes_in_middle_third,away,2023/2024+2024/2025,2,1114,0.955752008639609,4.67759662240649,0.953115636190388,0,1,0.0779234771525354,0,1,NotNormal
football,successful_passes_in_middle_third,diff,2023/2024+2024/2025,2,1114,-0.0412888369739973,3.31927525060775,0.997885034731763,0.168220756207677,0,0.0186465177490643,0.465349849347171,0,Normal
football,passes_in_own_third,home,2023/2024+2024/2025,2,1114,0.730129159189774,3.87909825338729,0.970359875247422,2.57571741713036e-14,1,0.0589413649034815,0,1,NotNormal
football,passes_in_own_third,away,2023/2024+2024/2025,2,1114,0.406344444649864,2.96731740535541,0.987896185606451,5.78345655810608e-08,1,0.0437371185605635,0,1,NotNormal
football,passes_in_own_third,diff,2023/2024+2024/2025,2,1114,0.0897932329283161,3.08816361044407,0.998955867298977,0.786524737669744,0,0.0130158025181886,0.944,0,Normal
football,successful_passes_in_own_third,home,2023/2024+2024/2025,2,1114,0.572390431211681,3.54133956011703,0.978773420509794,1.06086250895032e-11,1,0.0495255084432226,0,1,NotNormal
football,successful_passes_in_own_third,away,2023/2024+2024/2025,2,1114,0.362387723457748,2.96901443037078,0.988842187197596,1.71816064264974e-07,1,0.0351469604693076,0.002,1,NotNormal
football,successful_passes_in_own_third,diff,2023/2024+2024/2025,2,1114,0.0173819314015121,2.95171170147395,0.998586689302611,0.516513549873189,0,0.0191319568005498,0.437204591492235,0,Normal
football,forward_passes,home,2023/2024+2024/2025,2,1114,0.210484513214172,3.09697492626254,0.995731909817881,0.00338859217444987,1,0.0319856149929189,0.008,1,NotNormal
football,forward_passes,away,2023/2024+2024/2025,2,1114,0.256765216445795,2.77195169084661,0.993388716937316,7.35085931320434e-05,1,0.0417028126291317,0,1,NotNormal
football,forward_passes,diff,2023/2024+2024/2025,2,1114,-0.163568526226378,3.29170807678207,0.997041132441663,0.0362182570106109,1,0.0329144238127807,0.01,1,Close
football,sideways_passes,home,2023/2024+2024/2025,2,1114,0.348288197618713,2.78674253859539,0.98869682116408,1.44878346097777e-07,1,0.0397429169925724,0,1,NotNormal
football,sideways_passes,away,2023/2024+2024/2025,2,1114,0.515976386539328,3.11552091487572,0.980693335867309,5.18046716635467e-11,1,0.0644393848830432,0,1,NotNormal
football,sideways_passes,diff,2023/2024+2024/2025,2,1114,-0.0748745195999935,2.79970009810564,0.997932686772405,0.182854874688037,0,0.0276741073487905,0.036,1,Close
football,backward_passes,home,2023/2024+2024/2025,2,1114,0.577393271569187,3.55317624810064,0.981121380693794,7.47799600020471e-11,1,0.0559409555679101,0,1,NotNormal
football,backward_passes,away,2023/2024+2024/2025,2,1114,0.728557519012656,4.55185895993529,0.972676433489819,1.19126930542279e-13,1,0.0462854174146798,0,1,NotNormal
football,backward_passes,diff,2023/2024+2024/2025,2,1114,-0.0406131039305144,3.33703283518417,0.997720840171785,0.125651720763225,0,0.0178911040733827,0.555852842809365,0,Normal
football,forward_passes_in_final_third,home,2023/2024+2024/2025,2,1114,0.469116174752179,3.34759203467276,0.986729414192755,1.60927812187239e-08,1,0.0515129578025271,0,1,NotNormal
football,forward_passes_in_final_third,away,2023/2024+2024/2025,2,1114,0.296238972790001,3.09375267071641,0.993346264017099,6.89304435637084e-05,1,0.0469429685644873,0,1,NotNormal
football,forward_passes_in_final_third,diff,2023/2024+2024/2025,2,1114,0.158391106167577,2.98740043592348,0.996792764167668,0.0229209848106793,1,0.0299060209073326,0.021,1,Close
football,sideways_passes_in_final_third,home,2023/2024+2024/2025,2,1114,1.36523719799663,6.51414642933615,0.919408262405429,0,1,0.0860570548079763,0,1,NotNormal
football,sideways_passes_in_final_third,away,2023/2024+2024/2025,2,1114,1.11814760094799,5.45734712530582,0.943186149771744,0,1,0.0795923579492076,0,1,NotNormal
football,sideways_passes_in_final_third,diff,2023/2024+2024/2025,2,1114,0.324329969079268,4.28844372628903,0.986649810432669,1.47830038210728e-08,1,0.0445111852334081,0,1,NotNormal
football,backward_passes_in_final_third,home,2023/2024+2024/2025,2,1114,1.10480204599149,4.8780324385707,0.935762471553559,0,1,0.102768758595826,0,1,NotNormal
football,backward_passes_in_final_third,away,2023/2024+2024/2025,2,1114,1.18740658237541,6.01843329686892,0.936427787549075,0,1,0.0985522304196046,0,1,NotNormal
football,backward_passes_in_final_third,diff,2023/2024+2024/2025,2,1114,0.164081187896581,3.9931188724648,0.991403817776182,4.3123003742318e-06,1,0.0395790632389318,0,1,NotNormal
football,deep_completions,home,2023/2024+2024/2025,2,1114,1.0812348156789,4.91752186974774,0.92551396573686,0,1,0.13822287563898,0,1,NotNormal
football,deep_completions,away,2023/2024+2024/2025,2,1114,1.35125049745137,6.46988149263672,0.897559862911714,0,1,0.151655984908595,0,1,NotNormal
football,deep_completions,diff,2023/2024+2024/2025,2,1114,-0.032309236679111,4.41423567954729,0.982284415316357,2.08310257931998e-10,1,0.0743551388060252,0,1,NotNormal
football,long_balls,home,2023/2024+2024/2025,2,1114,0.286156890689233,2.96447348680263,0.99376451637968,0.000130867323592798,1,0.0387387490459966,0.001,1,NotNormal
football,long_balls,away,2023/2024+2024/2025,2,1114,0.295049576051793,3.17200292995588,0.993428767322072,7.81183128508722e-05,1,0.0542936995011063,0,1,NotNormal
football,long_balls,diff,2023/2024+2024/2025,2,1114,-0.0853451542041224,3.06360201252797,0.99806826146715,0.23091736270134,0,0.0225832375046999,0.192733017377567,0,Normal
football,successful_long_balls,home,2023/2024+2024/2025,2,1114,0.691401301084808,3.91317566920627,0.972835964911246,1.32782673745169e-13,1,0.0705340138519858,0,1,NotNormal
football,successful_long_balls,away,2023/2024+2024/2025,2,1114,0.579793312852153,3.55152870206229,0.979807624366285,2.46301867790066e-11,1,0.0714460001221163,0,1,NotNormal
football,successful_long_balls,diff,2023/2024+2024/2025,2,1114,0.138170599045269,3.29083971461104,0.997451552577674,0.0770842906489853,0,0.0338398979357001,0.002,1,NotNormal
football,goalkeeper_long_balls,home,2023/2024+2024/2025,2,1114,0.476033695259897,2.79675093286935,0.978383585692848,7.77589104217213e-12,1,0.0731640278200937,0,1,NotNormal
football,goalkeeper_long_balls,away,2023/2024+2024/2025,2,1114,0.37565717398244,2.78740469741829,0.983349801172215,5.52675127885038e-10,1,0.0579322279215419,0,1,NotNormal
football,goalkeeper_long_balls,diff,2023/2024+2024/2025,2,1114,0.0715835686072894,2.75588686616594,0.997342610219688,0.063122596896559,0,0.0279731890591643,0.04,1,Close
football,goalkeeper_passes,home,2023/2024+2024/2025,2,1114,1.04143745813656,5.88982583852599,0.952165339394236,0,1,0.0805776165459806,0,1,NotNormal
football,goalkeeper_passes,away,2023/2024+2024/2025,2,1114,0.927310711038355,4.86484166119858,0.958172026379655,0,1,0.0774188626818866,0,1,NotNormal
football,goalkeeper_passes,diff,2023/2024+2024/2025,2,1114,0.0959125286477353,3.89181520227504,0.993712068793572,0.000120646241231204,1,0.0419008035519274,0,1,NotNormal
football,crosses,home,2023/2024+2024/2025,2,1114,0.873748921329725,4.44911207145842,0.958106175663845,0,1,0.0899486614005666,0,1,NotNormal
football,crosses,away,2023/2024+2024/2025,2,1114,0.622800199809842,3.48579203762004,0.972716008835395,1.22346577313692e-13,1,0.0785446483410586,0,1,NotNormal
football,crosses,diff,2023/2024+2024/2025,2,1114,0.242113195217011,3.25639088418014,0.994411783552665,0.000365206229375414,1,0.0368713896160004,0.001,1,NotNormal
football,successful_crosses,home,2023/2024+2024/2025,2,1114,0.899481716867302,4.48407513118598,0.939716607531978,0,1,0.151952910978734,0,1,NotNormal
football,successful_crosses,away,2023/2024+2024/2025,2,1114,0.781215739112801,3.53292475682378,0.932799469192412,0,1,0.157190060670146,0,1,NotNormal
football,successful_crosses,diff,2023/2024+2024/2025,2,1114,0.16812892349036,3.21870569996719,0.988383237555757,1.00692368554256e-07,1,0.0656778200979037,0,1,NotNormal
football,dribbles,home,2023/2024+2024/2025,2,1114,0.520901071358495,3.04014393728698,0.977102365900197,2.87170287549543e-12,1,0.0865961920210616,0,1,NotNormal
football,dribbles,away,2023/2024+2024/2025,2,1114,0.598620297355127,3.27347834121414,0.973480725359444,2.06723527185204e-13,1,0.0852710560442925,0,1,NotNormal
football,dribbles,diff,2023/2024+2024/2025,2,1114,-0.0313243650570862,3.14214668371042,0.996159403165401,0.00724067297552689,1,0.0492554105202006,0,1,NotNormal
football,successful_dribbles,home,2023/2024+2024/2025,2,1114,0.509115945758062,2.9810946673944,0.971554162029126,5.61772850460329e-14,1,0.103156490002571,0,1,NotNormal
football,successful_dribbles,away,2023/2024+2024/2025,2,1114,0.710174831174159,3.65697929444521,0.961717909429835,1.11022302462516e-16,1,0.113419375874468,0,1,NotNormal
football,successful_dribbles,diff,2023/2024+2024/2025,2,1114,-0.115901256116035,3.16172811596883,0.993925853813785,0.000168350114328031,1,0.0596466170634937,0,1,NotNormal
football,carries,home,2023/2024+2024/2025,2,1114,0.322081693090236,2.78923691213618,0.990189580086457,8.86571669078684e-07,1,0.0354004471054057,0.002,1,NotNormal
football,carries,away,2023/2024+2024/2025,2,1114,0.374811718417885,2.88855122260598,0.988166080758377,7.85145464199388e-08,1,0.0423034592668062,0,1,NotNormal
football,carries,diff,2023/2024+2024/2025,2,1114,-0.0268894727412345,2.80525359400799,0.998449702855485,0.42516558644094,0,0.0169482722140468,0.629420084865629,0,Normal
football,carries_into_final_third,home,2023/2024+2024/2025,2,1114,0.547326626414972,3.30718992190542,0.979482126393029,1.88394855271667e-11,1,0.0683910959112208,0,1,NotNormal
football,carries_into_final_third,away,2023/2024+2024/2025,2,1114,0.785468659648803,4.09346721263023,0.963977130702423,5.55111512312578e-16,1,0.088363837985076,0,1,NotNormal
football,carries_into_final_third,diff,2023/2024+2024/2025,2,1114,-0.0794452930556979,3.25337493345786,0.996692144212571,0.0190545694578615,1,0.0417655233581431,0,1,NotNormal
football,carries_into_box,home,2023/2024+2024/2025,2,1114,0.778766461676623,3.79653119878959,0.955503068951026,0,1,0.113884048360645,0,1,NotNormal
football,carries_into_box,away,2023/2024+2024/2025,2,1114,0.940074311704747,4.39469014297615,0.943114046676138,0,1,0.126125996539899,0,1,NotNormal
football,carries_into_box,diff,2023/2024+2024/2025,2,1114,0.0652333367052843,3.627993101826,0.992756622273922,2.87104421694551e-05,1,0.0531517336119127,0,1,NotNormal
football,progressive_carries,home,2023/2024+2024/2025,2,1114,0.600354169102276,3.47094376343894,0.977313839866784,3.37629924018756e-12,1,0.0704792828191225,0,1,NotNormal
football,progressive_carries,away,2023/2024+2024/2025,2,1114,0.855018004922689,4.31857321782046,0.960906395915924,1.11022302462516e-16,1,0.0885977556758787,0,1,NotNormal
football,progressive_carries,diff,2023/2024+2024/2025,2,1114,-0.0582418185640688,3.50332654842968,0.996382076520449,0.0108225676650654,1,0.0324194348515316,0.007,1,NotNormal
football,deep_progressions,home,2023/2024+2024/2025,2,1114,0.810835708230927,3.66082824253265,0.959726132248003,1.11022302462516e-16,1,0.0863960205935749,0,1,NotNormal
football,deep_progressions,away,2023/2024+2024/2025,2,1114,0.934303938890806,4.91755289112778,0.958012264747613,0,1,0.0693671466459361,0,1,NotNormal
football,deep_progressions,diff,2023/2024+2024/2025,2,1114,0.0798186183600621,3.38159164608552,0.995676034517098,0.00307243072025121,1,0.0374382501342002,0.001,1,NotNormal
football,box_entries,home,2023/2024+2024/2025,2,1114,0.783315039166451,4.27085197797741,0.967258892609178,3.77475828372553e-15,1,0.0864430408785765,0,1,NotNormal
football,box_entries,away,2023/2024+2024/2025,2,1114,0.752956578422809,3.93182181242291,0.966788924601156,2.88657986402541e-15,1,0.0984030269471795,0,1,NotNormal
football,box_entries,diff,2023/2024+2024/2025,2,1114,0.105664687987132,3.53163875026088,0.996107978480613,0.00660273962406965,1,0.0347118896598961,0.004,1,NotNormal
football,tackles,home,2023/2024+2024/2025,2,1114,0.489609481546375,3.49461661170064,0.984624720634499,1.87040349874934e-09,1,0.0589335572994047,0,1,NotNormal
football,tackles,away,2023/2024+2024/2025,2,1114,0.515058518703705,3.24044157989287,0.981425263970767,9.73520153380036e-11,1,0.07357878034137,0,1,NotNormal
football,tackles,diff,2023/2024+2024/2025,2,1114,-0.080526234220881,3.30966424274996,0.996377498611043,0.0107330840153796,1,0.0406778575431052,0,1,NotNormal
football,successful_tackles,home,2023/2024+2024/2025,2,1114,0.414269499105784,3.27754352681726,0.986356791556162,1.084261891382e-08,1,0.0658240973661647,0,1,NotNormal
football,successful_tackles,away,2023/2024+2024/2025,2,1114,0.46350375405298,3.13476683433477,0.983618655292562,7.1124739431383e-10,1,0.0794791208989817,0,1,NotNormal
football,successful_tackles,diff,2023/2024+2024/2025,2,1114,-0.0472992153470898,3.02823631668603,0.997701897922411,0.121448649919456,0,0.0316817174173,0.009,1,NotNormal
football,ball_recoveries,home,2023/2024+2024/2025,2,1114,0.254473013928529,2.96189005153981,0.994175789290043,0.000249975159796634,1,0.0521500235210273,0,1,NotNormal
football,ball_recoveries,away,2023/2024+2024/2025,2,1114,0.222629894902334,2.85921780113818,0.993539808559534,9.25416309478511e-05,1,0.0590010528166896,0,1,NotNormal
football,ball_recoveries,diff,2023/2024+2024/2025,2,1114,0.179980896900992,3.07025371270142,0.996741383253857,0.0208562841282349,1,0.0363833009190693,0.001,1,NotNormal
football,regains,home,2023/2024+2024/2025,2,1114,0.195158851747765,2.9222881631282,0.995967443252335,0.0051379045832266,1,0.0392362291918134,0,1,NotNormal
football,regains,away,2023/2024+2024/2025,2,1114,0.249684574066235,2.78861447322802,0.9937949560589,0.000137209053470588,1,0.0427572733710354,0,1,NotNormal
football,regains,diff,2023/2024+2024/2025,2,1114,-0.0213040052262317,2.91044422088531,0.998391007110716,0.389306408645702,0,0.0249413058262862,0.108,0,Normal
football,regains_opposition_half,home,2023/2024+2024/2025,2,1114,0.408121831618436,3.1836751282362,0.988540147624262,1.20715442974983e-07,1,0.0499820990461372,0,1,NotNormal
football,regains_opposition_half,away,2023/2024+2024/2025,2,1114,0.240218436946437,2.79697145783352,0.992605372122076,2.3049858781099e-05,1,0.0445928556287255,0,1,NotNormal
football,regains_opposition_half,diff,2023/2024+2024/2025,2,1114,0.201113787867758,2.87521420749181,0.995655218966965,0.00296258016536655,1,0.033356015246353,0.005,1,NotNormal
football,tackle_interceptions_opposition_half,home,2023/2024+2024/2025,2,1114,0.651360802067762,3.58612356963163,0.967331409718525,3.88578058618805e-15,1,0.109582560984613,0,1,NotNormal
football,tackle_interceptions_opposition_half,away,2023/2024+2024/2025,2,1114,0.497238057293276,2.94974704338661,0.969960820062312,1.99840144432528e-14,1,0.115282522217042,0,1,NotNormal
football,tackle_interceptions_opposition_half,diff,2023/2024+2024/2025,2,1114,0.219968982509181,3.19330149336257,0.991842554144855,7.84535314657386e-06,1,0.0642567995052717,0,1,NotNormal
football,blocks,home,2023/2024+2024/2025,2,1114,0.34388356288718,3.01883695938951,0.989107631284445,2.35323667108212e-07,1,0.0614549937369933,0,1,NotNormal
football,blocks,away,2023/2024+2024/2025,2,1114,0.377297262906505,3.25173237874953,0.988595797897348,1.28777696284388e-07,1,0.0555924770948444,0,1,NotNormal
football,blocks,diff,2023/2024+2024/2025,2,1114,-0.0970295190950122,2.92439725289135,0.99697139256609,0.03184748767755,1,0.0364437578597679,0.001,1,NotNormal
football,pressures,home,2023/2024+2024/2025,2,1114,0.313796215151652,3.0048541677665,0.992804858599246,3.08063781452317e-05,1,0.0302353827253287,0.022,1,NotNormal
football,pressures,away,2023/2024+2024/2025,2,1114,0.382566974611931,3.14505891703854,0.990987417193114,2.47709089995496e-06,1,0.0408062109489843,0.001,1,NotNormal
football,pressures,diff,2023/2024+2024/2025,2,1114,-0.0546701560982817,3.012806087225,0.999090403353957,0.872338615263493,0,0.0167041031264213,0.640429338103757,0,Normal
football,pressures_opposition_half,home,2023/2024+2024/2025,2,1114,0.486262253475156,3.37888530828849,0.986097540174396,8.26822454946807e-09,1,0.042578462370139,0,1,NotNormal
football,pressures_opposition_half,away,2023/2024+2024/2025,2,1114,0.744941949224488,3.65239843035623,0.967685299404836,4.88498130835069e-15,1,0.0661589008788899,0,1,NotNormal
football,pressures_opposition_half,diff,2023/2024+2024/2025,2,1114,-0.0958514784904374,3.17753596743945,0.998325231698306,0.351682154348516,0,0.0288300389136419,0.02,1,Close
football,counterpressures,home,2023/2024+2024/2025,2,1114,0.542484095317585,3.48217252865736,0.980954858555644,6.47887299365379e-11,1,0.0724691122870393,0,1,NotNormal
football,counterpressures,away,2023/2024+2024/2025,2,1114,0.520209026747286,3.45287046196142,0.983246648406487,5.02024533055589e-10,1,0.061298087149796,0,1,NotNormal
football,counterpressures,diff,2023/2024+2024/2025,2,1114,-0.0820069199740478,3.28641122190557,0.997360189323564,0.0651945497839915,0,0.0310333564342445,0.012,1,Close
football,counterpressures_opposition_half,home,2023/2024+2024/2025,2,1114,0.454874033306202,3.22323671231218,0.985668889135852,5.3155562174112e-09,1,0.0650852169774604,0,1,NotNormal
football,counterpressures_opposition_half,away,2023/2024+2024/2025,2,1114,0.467100089476242,3.09039071014976,0.983521288003852,6.48963660587754e-10,1,0.0633367280748907,0,1,NotNormal
football,counterpressures_opposition_half,diff,2023/2024+2024/2025,2,1114,-0.109868316968382,3.17928845015774,0.997574770831963,0.0965101660154107,0,0.0310244843095565,0.016,1,Close
football,fouls,home,2023/2024+2024/2025,2,1114,0.287851873804298,3.34536381469374,0.988747087181257,1.53657464641022e-07,1,0.0708439071564285,0,1,NotNormal
football,fouls,away,2023/2024+2024/2025,2,1114,0.279558206186437,2.96152717078221,0.987954739799002,6.17801839686294e-08,1,0.0613289394809508,0,1,NotNormal
football,fouls,diff,2023/2024+2024/2025,2,1114,0.0459230593200802,2.99769666681097,0.996150035822904,0.00711992186414456,1,0.050328681114189,0,1,NotNormal
